,O1,O2,rel
0,http://snomed.info/id/386922000,http://ncicb.nci.nih.gov/xml/owl/EVS/Thesaurus.owl+ACM-C2082,1
1,http://snomed.info/id/108821000,http://ncicb.nci.nih.gov/xml/owl/EVS/Thesaurus.owl+ACM-C2082,1
2,http://snomed.info/id/373489001,http://ncicb.nci.nih.gov/xml/owl/EVS/Thesaurus.owl+ACM-C26017,1
3,http://snomed.info/id/80994002,http://ncicb.nci.nih.gov/xml/owl/EVS/Thesaurus.owl+ACM-C93038,1
4,http://snomed.info/id/413355004,http://ncicb.nci.nih.gov/xml/owl/EVS/Thesaurus.owl+ACM-C93038,1
5,http://snomed.info/id/386029006,http://ncicb.nci.nih.gov/xml/owl/EVS/Thesaurus.owl+ACM-C687,1
6,http://snomed.info/id/259470008,http://ncicb.nci.nih.gov/xml/owl/EVS/Thesaurus.owl+ACM-C687,1
7,http://snomed.info/id/395904008,http://ncicb.nci.nih.gov/xml/owl/EVS/Thesaurus.owl+ACM-C80483,1
8,http://snomed.info/id/360246003,http://ncicb.nci.nih.gov/xml/owl/EVS/Thesaurus.owl+ACM-C78311,1
9,http://snomed.info/id/59882007,http://ncicb.nci.nih.gov/xml/owl/EVS/Thesaurus.owl+ACM-C78311,1
10,http://snomed.info/id/372815001,http://ncicb.nci.nih.gov/xml/owl/EVS/Thesaurus.owl+ACM-C29576,1
11,http://snomed.info/id/68088000,http://ncicb.nci.nih.gov/xml/owl/EVS/Thesaurus.owl+ACM-C29576,1
12,http://snomed.info/id/79356008,http://ncicb.nci.nih.gov/xml/owl/EVS/Thesaurus.owl+ACM-C263,1
13,http://snomed.info/id/387457003,http://ncicb.nci.nih.gov/xml/owl/EVS/Thesaurus.owl+ACM-C263,1
14,http://snomed.info/id/96218000,http://ncicb.nci.nih.gov/xml/owl/EVS/Thesaurus.owl+ACM-C66883,1
15,http://snomed.info/id/412076009,http://ncicb.nci.nih.gov/xml/owl/EVS/Thesaurus.owl+ACM-C66883,1
16,http://snomed.info/id/90332006,http://ncicb.nci.nih.gov/xml/owl/EVS/Thesaurus.owl+ACM-C2356,1
17,http://snomed.info/id/387517004,http://ncicb.nci.nih.gov/xml/owl/EVS/Thesaurus.owl+ACM-C2356,1
18,http://snomed.info/id/50507004,http://ncicb.nci.nih.gov/xml/owl/EVS/Thesaurus.owl+ACM-C45678,1
19,http://snomed.info/id/54526002,http://ncicb.nci.nih.gov/xml/owl/EVS/Thesaurus.owl+ACM-C1947,1
20,http://snomed.info/id/372709008,http://ncicb.nci.nih.gov/xml/owl/EVS/Thesaurus.owl+ACM-C448,1
21,http://snomed.info/id/33664007,http://ncicb.nci.nih.gov/xml/owl/EVS/Thesaurus.owl+ACM-C29577,1
22,http://snomed.info/id/387210001,http://ncicb.nci.nih.gov/xml/owl/EVS/Thesaurus.owl+ACM-C97936,1
23,http://snomed.info/id/39064002,http://ncicb.nci.nih.gov/xml/owl/EVS/Thesaurus.owl+ACM-C97936,1
24,http://snomed.info/id/333511003,http://ncicb.nci.nih.gov/xml/owl/EVS/Thesaurus.owl+ACM-C45678,1
25,http://snomed.info/id/4370008,http://ncicb.nci.nih.gov/xml/owl/EVS/Thesaurus.owl+ACM-C45678,1
26,http://snomed.info/id/771384007,http://ncicb.nci.nih.gov/xml/owl/EVS/Thesaurus.owl+ACM-C471,1
27,http://snomed.info/id/77731008,http://ncicb.nci.nih.gov/xml/owl/EVS/Thesaurus.owl+ACM-C275,1
28,http://snomed.info/id/387440002,http://ncicb.nci.nih.gov/xml/owl/EVS/Thesaurus.owl+ACM-C74536,1
29,http://snomed.info/id/259446009,http://ncicb.nci.nih.gov/xml/owl/EVS/Thesaurus.owl+ACM-C1505,1
30,http://snomed.info/id/96296002,http://ncicb.nci.nih.gov/xml/owl/EVS/Thesaurus.owl+ACM-C47793,1
31,http://snomed.info/id/43360005,http://ncicb.nci.nih.gov/xml/owl/EVS/Thesaurus.owl+ACM-C221,1
32,http://snomed.info/id/32519007,http://ncicb.nci.nih.gov/xml/owl/EVS/Thesaurus.owl+ACM-C45678,1
33,http://snomed.info/id/398628008,http://ncicb.nci.nih.gov/xml/owl/EVS/Thesaurus.owl+ACM-C45678,1
34,http://snomed.info/id/41193000,http://ncicb.nci.nih.gov/xml/owl/EVS/Thesaurus.owl+ACM-C1556,1
35,http://snomed.info/id/372729009,http://ncicb.nci.nih.gov/xml/owl/EVS/Thesaurus.owl+ACM-C1556,1
36,http://snomed.info/id/21394008,http://ncicb.nci.nih.gov/xml/owl/EVS/Thesaurus.owl+ACM-C29698,1
37,http://snomed.info/id/372622007,http://ncicb.nci.nih.gov/xml/owl/EVS/Thesaurus.owl+ACM-C87053,1
38,http://snomed.info/id/349917000,http://ncicb.nci.nih.gov/xml/owl/EVS/Thesaurus.owl+ACM-C87053,1
39,http://snomed.info/id/373275009,http://ncicb.nci.nih.gov/xml/owl/EVS/Thesaurus.owl+ACM-C72900,1
40,http://snomed.info/id/67440007,http://ncicb.nci.nih.gov/xml/owl/EVS/Thesaurus.owl+ACM-C72900,1
41,http://snomed.info/id/373227004,http://ncicb.nci.nih.gov/xml/owl/EVS/Thesaurus.owl+ACM-C87053,1
42,http://snomed.info/id/349920008,http://ncicb.nci.nih.gov/xml/owl/EVS/Thesaurus.owl+ACM-C87053,1
43,http://snomed.info/id/1156230005,http://ncicb.nci.nih.gov/xml/owl/EVS/Thesaurus.owl+ACM-C47793,1
44,http://snomed.info/id/96119002,http://ncicb.nci.nih.gov/xml/owl/EVS/Thesaurus.owl+ACM-C250,1
45,http://snomed.info/id/387558006,http://ncicb.nci.nih.gov/xml/owl/EVS/Thesaurus.owl+ACM-C250,1
46,http://snomed.info/id/372897005,http://ncicb.nci.nih.gov/xml/owl/EVS/Thesaurus.owl+ACM-C319,1
47,http://snomed.info/id/91143003,http://ncicb.nci.nih.gov/xml/owl/EVS/Thesaurus.owl+ACM-C319,1
48,http://snomed.info/id/419442005,http://ncicb.nci.nih.gov/xml/owl/EVS/Thesaurus.owl+ACM-C29756,1
49,http://snomed.info/id/398624005,http://ncicb.nci.nih.gov/xml/owl/EVS/Thesaurus.owl+ACM-C29756,1
50,http://snomed.info/id/96183007,http://ncicb.nci.nih.gov/xml/owl/EVS/Thesaurus.owl+ACM-C67413,1
51,http://snomed.info/id/387560008,http://ncicb.nci.nih.gov/xml/owl/EVS/Thesaurus.owl+ACM-C1506,1
52,http://snomed.info/id/404834008,http://ncicb.nci.nih.gov/xml/owl/EVS/Thesaurus.owl+ACM-C29708,1
53,http://snomed.info/id/395933009,http://ncicb.nci.nih.gov/xml/owl/EVS/Thesaurus.owl+ACM-C29708,1
54,http://snomed.info/id/89422005,http://ncicb.nci.nih.gov/xml/owl/EVS/Thesaurus.owl+ACM-C67084,1
55,http://snomed.info/id/25246002,http://ncicb.nci.nih.gov/xml/owl/EVS/Thesaurus.owl+ACM-C921,1
56,http://snomed.info/id/387135004,http://ncicb.nci.nih.gov/xml/owl/EVS/Thesaurus.owl+ACM-C921,1
57,http://snomed.info/id/418600009,http://ncicb.nci.nih.gov/xml/owl/EVS/Thesaurus.owl+ACM-C47795,1
58,http://snomed.info/id/52885008,http://ncicb.nci.nih.gov/xml/owl/EVS/Thesaurus.owl+ACM-C67413,1
59,http://snomed.info/id/111127002,http://ncicb.nci.nih.gov/xml/owl/EVS/Thesaurus.owl+ACM-C1012,1
60,http://snomed.info/id/386983007,http://ncicb.nci.nih.gov/xml/owl/EVS/Thesaurus.owl+ACM-C1012,1
61,http://snomed.info/id/96294004,http://ncicb.nci.nih.gov/xml/owl/EVS/Thesaurus.owl+ACM-C29576,1
62,http://snomed.info/id/48988008,http://ncicb.nci.nih.gov/xml/owl/EVS/Thesaurus.owl+ACM-C157134,1
63,http://snomed.info/id/109119001,http://ncicb.nci.nih.gov/xml/owl/EVS/Thesaurus.owl+ACM-C78568,1
64,http://snomed.info/id/25796002,http://ncicb.nci.nih.gov/xml/owl/EVS/Thesaurus.owl+ACM-C257,1
65,http://snomed.info/id/51361008,http://ncicb.nci.nih.gov/xml/owl/EVS/Thesaurus.owl+ACM-C281,1
66,http://snomed.info/id/372763006,http://ncicb.nci.nih.gov/xml/owl/EVS/Thesaurus.owl+ACM-C93038,1
67,http://snomed.info/id/703084004,http://ncicb.nci.nih.gov/xml/owl/EVS/Thesaurus.owl+ACM-C93038,1
68,http://snomed.info/id/703353005,http://ncicb.nci.nih.gov/xml/owl/EVS/Thesaurus.owl+ACM-C29767,1
69,http://snomed.info/id/698024002,http://ncicb.nci.nih.gov/xml/owl/EVS/Thesaurus.owl+ACM-C29767,1
70,http://snomed.info/id/387503008,http://ncicb.nci.nih.gov/xml/owl/EVS/Thesaurus.owl+ACM-C49186,1
71,http://snomed.info/id/87395005,http://ncicb.nci.nih.gov/xml/owl/EVS/Thesaurus.owl+ACM-C49186,1
72,http://snomed.info/id/387257000,http://ncicb.nci.nih.gov/xml/owl/EVS/Thesaurus.owl+ACM-C2018,1
73,http://snomed.info/id/47124006,http://ncicb.nci.nih.gov/xml/owl/EVS/Thesaurus.owl+ACM-C2018,1
74,http://snomed.info/id/55867006,http://ncicb.nci.nih.gov/xml/owl/EVS/Thesaurus.owl+ACM-C319,1
75,http://snomed.info/id/373508009,http://ncicb.nci.nih.gov/xml/owl/EVS/Thesaurus.owl+ACM-C744,1
76,http://snomed.info/id/65458000,http://ncicb.nci.nih.gov/xml/owl/EVS/Thesaurus.owl+ACM-C257,1
77,http://snomed.info/id/69236009,http://ncicb.nci.nih.gov/xml/owl/EVS/Thesaurus.owl+ACM-C93038,1
78,http://snomed.info/id/372821002,http://ncicb.nci.nih.gov/xml/owl/EVS/Thesaurus.owl+ACM-C47793,1
79,http://snomed.info/id/40589005,http://ncicb.nci.nih.gov/xml/owl/EVS/Thesaurus.owl+ACM-C94727,1
80,http://snomed.info/id/372726002,http://ncicb.nci.nih.gov/xml/owl/EVS/Thesaurus.owl+ACM-C94727,1
81,http://snomed.info/id/372831009,http://ncicb.nci.nih.gov/xml/owl/EVS/Thesaurus.owl+ACM-C67084,1
82,http://snomed.info/id/73756003,http://ncicb.nci.nih.gov/xml/owl/EVS/Thesaurus.owl+ACM-C67084,1
83,http://snomed.info/id/387352008,http://ncicb.nci.nih.gov/xml/owl/EVS/Thesaurus.owl+ACM-C271,1
84,http://snomed.info/id/64115004,http://ncicb.nci.nih.gov/xml/owl/EVS/Thesaurus.owl+ACM-C271,1
85,http://snomed.info/id/29840005,http://ncicb.nci.nih.gov/xml/owl/EVS/Thesaurus.owl+ACM-C94727,1
86,http://snomed.info/id/373754002,http://ncicb.nci.nih.gov/xml/owl/EVS/Thesaurus.owl+ACM-C94727,1
87,http://snomed.info/id/22672005,http://ncicb.nci.nih.gov/xml/owl/EVS/Thesaurus.owl+ACM-C47795,1
88,http://snomed.info/id/703842006,http://ncicb.nci.nih.gov/xml/owl/EVS/Thesaurus.owl+ACM-C47795,1
89,http://snomed.info/id/96146007,http://ncicb.nci.nih.gov/xml/owl/EVS/Thesaurus.owl+ACM-C277,1
90,http://snomed.info/id/412412006,http://ncicb.nci.nih.gov/xml/owl/EVS/Thesaurus.owl+ACM-C744,1
91,http://snomed.info/id/412411004,http://ncicb.nci.nih.gov/xml/owl/EVS/Thesaurus.owl+ACM-C744,1
92,http://snomed.info/id/326955000,http://ncicb.nci.nih.gov/xml/owl/EVS/Thesaurus.owl+ACM-C582,1
93,http://snomed.info/id/391774005,http://ncicb.nci.nih.gov/xml/owl/EVS/Thesaurus.owl+ACM-C582,1
94,http://snomed.info/id/77683008,http://ncicb.nci.nih.gov/xml/owl/EVS/Thesaurus.owl+ACM-C29724,1
95,http://snomed.info/id/41153003,http://ncicb.nci.nih.gov/xml/owl/EVS/Thesaurus.owl+ACM-C29707,1
96,http://snomed.info/id/116655003,http://ncicb.nci.nih.gov/xml/owl/EVS/Thesaurus.owl+ACM-C29707,1
97,http://snomed.info/id/387038004,http://ncicb.nci.nih.gov/xml/owl/EVS/Thesaurus.owl+ACM-C29707,1
98,http://snomed.info/id/103024009,http://ncicb.nci.nih.gov/xml/owl/EVS/Thesaurus.owl+ACM-C547,1
99,http://snomed.info/id/346324007,http://ncicb.nci.nih.gov/xml/owl/EVS/Thesaurus.owl+ACM-C547,1
100,http://snomed.info/id/5776009,http://ncicb.nci.nih.gov/xml/owl/EVS/Thesaurus.owl+ACM-C78272,1
101,http://snomed.info/id/373266007,http://ncicb.nci.nih.gov/xml/owl/EVS/Thesaurus.owl+ACM-C78272,1
102,http://snomed.info/id/703112006,http://ncicb.nci.nih.gov/xml/owl/EVS/Thesaurus.owl+ACM-C54630,1
103,http://snomed.info/id/41549009,http://ncicb.nci.nih.gov/xml/owl/EVS/Thesaurus.owl+ACM-C783,1
104,http://snomed.info/id/372733002,http://ncicb.nci.nih.gov/xml/owl/EVS/Thesaurus.owl+ACM-C783,1
105,http://snomed.info/id/372794006,http://ncicb.nci.nih.gov/xml/owl/EVS/Thesaurus.owl+ACM-C29629,1
106,http://snomed.info/id/60169008,http://ncicb.nci.nih.gov/xml/owl/EVS/Thesaurus.owl+ACM-C29629,1
107,http://snomed.info/id/373544004,http://ncicb.nci.nih.gov/xml/owl/EVS/Thesaurus.owl+ACM-C29578,1
108,http://snomed.info/id/85408000,http://ncicb.nci.nih.gov/xml/owl/EVS/Thesaurus.owl+ACM-C29578,1
109,http://snomed.info/id/387061002,http://ncicb.nci.nih.gov/xml/owl/EVS/Thesaurus.owl+ACM-C29578,1
110,http://snomed.info/id/387293003,http://ncicb.nci.nih.gov/xml/owl/EVS/Thesaurus.owl+ACM-C29708,1
111,http://snomed.info/id/53800008,http://ncicb.nci.nih.gov/xml/owl/EVS/Thesaurus.owl+ACM-C29708,1
112,http://snomed.info/id/895275007,http://ncicb.nci.nih.gov/xml/owl/EVS/Thesaurus.owl+ACM-C1909,1
113,http://snomed.info/id/373249005,http://ncicb.nci.nih.gov/xml/owl/EVS/Thesaurus.owl+ACM-C1909,1
114,http://snomed.info/id/255632006,http://ncicb.nci.nih.gov/xml/owl/EVS/Thesaurus.owl+ACM-C78272,1
115,http://snomed.info/id/63094006,http://ncicb.nci.nih.gov/xml/owl/EVS/Thesaurus.owl+ACM-C78272,1
116,http://snomed.info/id/372720008,http://ncicb.nci.nih.gov/xml/owl/EVS/Thesaurus.owl+ACM-C78272,1
117,http://snomed.info/id/36236003,http://ncicb.nci.nih.gov/xml/owl/EVS/Thesaurus.owl+ACM-C78272,1
118,http://snomed.info/id/77398001,http://ncicb.nci.nih.gov/xml/owl/EVS/Thesaurus.owl+ACM-C78276,1
119,http://snomed.info/id/52017007,http://ncicb.nci.nih.gov/xml/owl/EVS/Thesaurus.owl+ACM-C78272,1
120,http://snomed.info/id/372785000,http://ncicb.nci.nih.gov/xml/owl/EVS/Thesaurus.owl+ACM-C274,1
121,http://snomed.info/id/58760003,http://ncicb.nci.nih.gov/xml/owl/EVS/Thesaurus.owl+ACM-C274,1
122,http://snomed.info/id/372542006,http://ncicb.nci.nih.gov/xml/owl/EVS/Thesaurus.owl+ACM-C274,1
123,http://snomed.info/id/108793003,http://ncicb.nci.nih.gov/xml/owl/EVS/Thesaurus.owl+ACM-C274,1
124,http://snomed.info/id/54340002,http://ncicb.nci.nih.gov/xml/owl/EVS/Thesaurus.owl+ACM-C737,1
125,http://snomed.info/id/26244009,http://ncicb.nci.nih.gov/xml/owl/EVS/Thesaurus.owl+ACM-C66880,1
126,http://snomed.info/id/372679000,http://ncicb.nci.nih.gov/xml/owl/EVS/Thesaurus.owl+ACM-C66880,1
127,http://snomed.info/id/55486005,http://ncicb.nci.nih.gov/xml/owl/EVS/Thesaurus.owl+ACM-C257,1
128,http://snomed.info/id/412090007,http://ncicb.nci.nih.gov/xml/owl/EVS/Thesaurus.owl+ACM-C257,1
129,http://snomed.info/id/764885002,http://ncicb.nci.nih.gov/xml/owl/EVS/Thesaurus.owl+ACM-C263,1
130,http://snomed.info/id/414010005,http://ncicb.nci.nih.gov/xml/owl/EVS/Thesaurus.owl+ACM-C263,1
131,http://snomed.info/id/324453004,http://ncicb.nci.nih.gov/xml/owl/EVS/Thesaurus.owl+ACM-C52588,1
132,http://snomed.info/id/2537003,http://ncicb.nci.nih.gov/xml/owl/EVS/Thesaurus.owl+ACM-C52588,1
133,http://snomed.info/id/59751001,http://ncicb.nci.nih.gov/xml/owl/EVS/Thesaurus.owl+ACM-C78273,1
134,http://snomed.info/id/372791003,http://ncicb.nci.nih.gov/xml/owl/EVS/Thesaurus.owl+ACM-C78273,1
135,http://snomed.info/id/391798003,http://ncicb.nci.nih.gov/xml/owl/EVS/Thesaurus.owl+ACM-C257,1
136,http://snomed.info/id/329543000,http://ncicb.nci.nih.gov/xml/owl/EVS/Thesaurus.owl+ACM-C257,1
137,http://snomed.info/id/67939000,http://ncicb.nci.nih.gov/xml/owl/EVS/Thesaurus.owl+ACM-C66884,1
138,http://snomed.info/id/387375001,http://ncicb.nci.nih.gov/xml/owl/EVS/Thesaurus.owl+ACM-C66884,1
139,http://snomed.info/id/371141007,http://ncicb.nci.nih.gov/xml/owl/EVS/Thesaurus.owl+ACM-C78272,1
140,http://snomed.info/id/2995003,http://ncicb.nci.nih.gov/xml/owl/EVS/Thesaurus.owl+ACM-C47796,1
141,http://snomed.info/id/421629003,http://ncicb.nci.nih.gov/xml/owl/EVS/Thesaurus.owl+ACM-C250,1
142,http://snomed.info/id/387336005,http://ncicb.nci.nih.gov/xml/owl/EVS/Thesaurus.owl+ACM-C38149,1
143,http://snomed.info/id/11526002,http://ncicb.nci.nih.gov/xml/owl/EVS/Thesaurus.owl+ACM-C283,1
144,http://snomed.info/id/398791000,http://ncicb.nci.nih.gov/xml/owl/EVS/Thesaurus.owl+ACM-C283,1
145,http://snomed.info/id/7947003,http://ncicb.nci.nih.gov/xml/owl/EVS/Thesaurus.owl+ACM-C1323,1
146,http://snomed.info/id/387458008,http://ncicb.nci.nih.gov/xml/owl/EVS/Thesaurus.owl+ACM-C1323,1
147,http://snomed.info/id/387506000,http://ncicb.nci.nih.gov/xml/owl/EVS/Thesaurus.owl+ACM-C29576,1
148,http://snomed.info/id/87652004,http://ncicb.nci.nih.gov/xml/owl/EVS/Thesaurus.owl+ACM-C29576,1
149,http://snomed.info/id/74074008,http://ncicb.nci.nih.gov/xml/owl/EVS/Thesaurus.owl+ACM-C66886,1
150,http://snomed.info/id/372835000,http://ncicb.nci.nih.gov/xml/owl/EVS/Thesaurus.owl+ACM-C66886,1
151,http://snomed.info/id/72752006,http://ncicb.nci.nih.gov/xml/owl/EVS/Thesaurus.owl+ACM-C29696,1
152,http://snomed.info/id/18002004,http://ncicb.nci.nih.gov/xml/owl/EVS/Thesaurus.owl+ACM-C574,1
153,http://snomed.info/id/387100001,http://ncicb.nci.nih.gov/xml/owl/EVS/Thesaurus.owl+ACM-C574,1
154,http://snomed.info/id/96229001,http://ncicb.nci.nih.gov/xml/owl/EVS/Thesaurus.owl+ACM-C29710,1
155,http://snomed.info/id/387342009,http://ncicb.nci.nih.gov/xml/owl/EVS/Thesaurus.owl+ACM-C29696,1
156,http://snomed.info/id/6102009,http://ncicb.nci.nih.gov/xml/owl/EVS/Thesaurus.owl+ACM-C29696,1
157,http://snomed.info/id/111124009,http://ncicb.nci.nih.gov/xml/owl/EVS/Thesaurus.owl+ACM-C67084,1
158,http://snomed.info/id/116575004,http://ncicb.nci.nih.gov/xml/owl/EVS/Thesaurus.owl+ACM-C521,1
159,http://snomed.info/id/6237004,http://ncicb.nci.nih.gov/xml/owl/EVS/Thesaurus.owl+ACM-C47795,1
160,http://snomed.info/id/19510001,http://ncicb.nci.nih.gov/xml/owl/EVS/Thesaurus.owl+ACM-C29578,1
161,http://snomed.info/id/387520007,http://ncicb.nci.nih.gov/xml/owl/EVS/Thesaurus.owl+ACM-C49185,1
162,http://snomed.info/id/91135008,http://ncicb.nci.nih.gov/xml/owl/EVS/Thesaurus.owl+ACM-C49185,1
163,http://snomed.info/id/391819000,http://ncicb.nci.nih.gov/xml/owl/EVS/Thesaurus.owl+ACM-C257,1
164,http://snomed.info/id/354058001,http://ncicb.nci.nih.gov/xml/owl/EVS/Thesaurus.owl+ACM-C257,1
165,http://snomed.info/id/391820006,http://ncicb.nci.nih.gov/xml/owl/EVS/Thesaurus.owl+ACM-C66883,1
166,http://snomed.info/id/321391002,http://ncicb.nci.nih.gov/xml/owl/EVS/Thesaurus.owl+ACM-C66883,1
167,http://snomed.info/id/420240007,http://ncicb.nci.nih.gov/xml/owl/EVS/Thesaurus.owl+ACM-C471,1
168,http://snomed.info/id/391821005,http://ncicb.nci.nih.gov/xml/owl/EVS/Thesaurus.owl+ACM-C471,1
169,http://snomed.info/id/90370005,http://ncicb.nci.nih.gov/xml/owl/EVS/Thesaurus.owl+ACM-C28394,1
170,http://snomed.info/id/373549009,http://ncicb.nci.nih.gov/xml/owl/EVS/Thesaurus.owl+ACM-C28394,1
171,http://snomed.info/id/64686009,http://ncicb.nci.nih.gov/xml/owl/EVS/Thesaurus.owl+ACM-C83486,1
172,http://snomed.info/id/698025001,http://ncicb.nci.nih.gov/xml/owl/EVS/Thesaurus.owl+ACM-C921,1
173,http://snomed.info/id/703372005,http://ncicb.nci.nih.gov/xml/owl/EVS/Thesaurus.owl+ACM-C921,1
174,http://snomed.info/id/34929006,http://ncicb.nci.nih.gov/xml/owl/EVS/Thesaurus.owl+ACM-C28394,1
175,http://snomed.info/id/373482005,http://ncicb.nci.nih.gov/xml/owl/EVS/Thesaurus.owl+ACM-C28394,1
176,http://snomed.info/id/391828004,http://ncicb.nci.nih.gov/xml/owl/EVS/Thesaurus.owl+ACM-C28394,1
177,http://snomed.info/id/354053005,http://ncicb.nci.nih.gov/xml/owl/EVS/Thesaurus.owl+ACM-C28394,1
178,http://snomed.info/id/91598004,http://ncicb.nci.nih.gov/xml/owl/EVS/Thesaurus.owl+ACM-C28394,1
179,http://snomed.info/id/386111003,http://ncicb.nci.nih.gov/xml/owl/EVS/Thesaurus.owl+ACM-C47795,1
180,http://snomed.info/id/67428007,http://ncicb.nci.nih.gov/xml/owl/EVS/Thesaurus.owl+ACM-C47795,1
181,http://snomed.info/id/421319000,http://ncicb.nci.nih.gov/xml/owl/EVS/Thesaurus.owl+ACM-C257,1
182,http://snomed.info/id/350307000,http://ncicb.nci.nih.gov/xml/owl/EVS/Thesaurus.owl+ACM-C257,1
183,http://snomed.info/id/400850005,http://ncicb.nci.nih.gov/xml/owl/EVS/Thesaurus.owl+ACM-C28394,1
184,http://snomed.info/id/55902002,http://ncicb.nci.nih.gov/xml/owl/EVS/Thesaurus.owl+ACM-C28394,1
185,http://snomed.info/id/108530004,http://ncicb.nci.nih.gov/xml/owl/EVS/Thesaurus.owl+ACM-C333,1
186,http://snomed.info/id/372503006,http://ncicb.nci.nih.gov/xml/owl/EVS/Thesaurus.owl+ACM-C333,1
187,http://snomed.info/id/200001,http://ncicb.nci.nih.gov/xml/owl/EVS/Thesaurus.owl+ACM-C221,1
188,http://snomed.info/id/703374006,http://ncicb.nci.nih.gov/xml/owl/EVS/Thesaurus.owl+ACM-C1505,1
189,http://snomed.info/id/418067008,http://ncicb.nci.nih.gov/xml/owl/EVS/Thesaurus.owl+ACM-C29707,1
190,http://snomed.info/id/350631001,http://ncicb.nci.nih.gov/xml/owl/EVS/Thesaurus.owl+ACM-C29707,1
191,http://snomed.info/id/413645006,http://ncicb.nci.nih.gov/xml/owl/EVS/Thesaurus.owl+ACM-C1505,1
192,http://snomed.info/id/43356007,http://ncicb.nci.nih.gov/xml/owl/EVS/Thesaurus.owl+ACM-C1505,1
193,http://snomed.info/id/17908000,http://ncicb.nci.nih.gov/xml/owl/EVS/Thesaurus.owl+ACM-C521,1
194,http://snomed.info/id/409276006,http://ncicb.nci.nih.gov/xml/owl/EVS/Thesaurus.owl+ACM-C29576,1
195,http://snomed.info/id/349900007,http://ncicb.nci.nih.gov/xml/owl/EVS/Thesaurus.owl+ACM-C29576,1
196,http://snomed.info/id/2125008,http://ncicb.nci.nih.gov/xml/owl/EVS/Thesaurus.owl+ACM-C1937,1
197,http://snomed.info/id/418981008,http://ncicb.nci.nih.gov/xml/owl/EVS/Thesaurus.owl+ACM-C72900,1
198,http://snomed.info/id/350601007,http://ncicb.nci.nih.gov/xml/owl/EVS/Thesaurus.owl+ACM-C72900,1
199,http://snomed.info/id/396025003,http://ncicb.nci.nih.gov/xml/owl/EVS/Thesaurus.owl+ACM-C98150,1
200,http://snomed.info/id/319937007,http://ncicb.nci.nih.gov/xml/owl/EVS/Thesaurus.owl+ACM-C98150,1
201,http://snomed.info/id/387359004,http://ncicb.nci.nih.gov/xml/owl/EVS/Thesaurus.owl+ACM-C38149,1
202,http://snomed.info/id/65041000,http://ncicb.nci.nih.gov/xml/owl/EVS/Thesaurus.owl+ACM-C38149,1
203,http://snomed.info/id/387075009,http://ncicb.nci.nih.gov/xml/owl/EVS/Thesaurus.owl+ACM-C29697,1
204,http://snomed.info/id/13565005,http://ncicb.nci.nih.gov/xml/owl/EVS/Thesaurus.owl+ACM-C29697,1
205,http://snomed.info/id/74600002,http://ncicb.nci.nih.gov/xml/owl/EVS/Thesaurus.owl+ACM-C78276,1
206,http://snomed.info/id/79209008,http://ncicb.nci.nih.gov/xml/owl/EVS/Thesaurus.owl+ACM-C45597,1
207,http://snomed.info/id/423414002,http://ncicb.nci.nih.gov/xml/owl/EVS/Thesaurus.owl+ACM-C45597,1
208,http://snomed.info/id/412102008,http://ncicb.nci.nih.gov/xml/owl/EVS/Thesaurus.owl+ACM-C74536,1
209,http://snomed.info/id/56613007,http://ncicb.nci.nih.gov/xml/owl/EVS/Thesaurus.owl+ACM-C47793,1
210,http://snomed.info/id/387571009,http://ncicb.nci.nih.gov/xml/owl/EVS/Thesaurus.owl+ACM-C1012,1
211,http://snomed.info/id/96234002,http://ncicb.nci.nih.gov/xml/owl/EVS/Thesaurus.owl+ACM-C1012,1
212,http://snomed.info/id/846647005,http://ncicb.nci.nih.gov/xml/owl/EVS/Thesaurus.owl+ACM-C74536,1
213,http://snomed.info/id/708561003,http://ncicb.nci.nih.gov/xml/owl/EVS/Thesaurus.owl+ACM-C74536,1
214,http://snomed.info/id/53845007,http://ncicb.nci.nih.gov/xml/owl/EVS/Thesaurus.owl+ACM-C29756,1
215,http://snomed.info/id/46293006,http://ncicb.nci.nih.gov/xml/owl/EVS/Thesaurus.owl+ACM-C1509,1
216,http://snomed.info/id/387039007,http://ncicb.nci.nih.gov/xml/owl/EVS/Thesaurus.owl+ACM-C1509,1
217,http://snomed.info/id/116656002,http://ncicb.nci.nih.gov/xml/owl/EVS/Thesaurus.owl+ACM-C1509,1
218,http://snomed.info/id/56480005,http://ncicb.nci.nih.gov/xml/owl/EVS/Thesaurus.owl+ACM-C29578,1
219,http://snomed.info/id/372775001,http://ncicb.nci.nih.gov/xml/owl/EVS/Thesaurus.owl+ACM-C29578,1
220,http://snomed.info/id/273952005,http://ncicb.nci.nih.gov/xml/owl/EVS/Thesaurus.owl+ACM-C257,1
221,http://snomed.info/id/332124001,http://ncicb.nci.nih.gov/xml/owl/EVS/Thesaurus.owl+ACM-C257,1
222,http://snomed.info/id/387498005,http://ncicb.nci.nih.gov/xml/owl/EVS/Thesaurus.owl+ACM-C49184,1
223,http://snomed.info/id/86647004,http://ncicb.nci.nih.gov/xml/owl/EVS/Thesaurus.owl+ACM-C49184,1
224,http://snomed.info/id/418934007,http://ncicb.nci.nih.gov/xml/owl/EVS/Thesaurus.owl+ACM-C29576,1
225,http://snomed.info/id/349903009,http://ncicb.nci.nih.gov/xml/owl/EVS/Thesaurus.owl+ACM-C29576,1
226,http://snomed.info/id/387173000,http://ncicb.nci.nih.gov/xml/owl/EVS/Thesaurus.owl+ACM-C1506,1
227,http://snomed.info/id/31684002,http://ncicb.nci.nih.gov/xml/owl/EVS/Thesaurus.owl+ACM-C1506,1
228,http://snomed.info/id/395744006,http://ncicb.nci.nih.gov/xml/owl/EVS/Thesaurus.owl+ACM-C1910,1
229,http://snomed.info/id/327301004,http://ncicb.nci.nih.gov/xml/owl/EVS/Thesaurus.owl+ACM-C1910,1
230,http://snomed.info/id/91452003,http://ncicb.nci.nih.gov/xml/owl/EVS/Thesaurus.owl+ACM-C28197,1
231,http://snomed.info/id/387523009,http://ncicb.nci.nih.gov/xml/owl/EVS/Thesaurus.owl+ACM-C28197,1
232,http://snomed.info/id/372901004,http://ncicb.nci.nih.gov/xml/owl/EVS/Thesaurus.owl+ACM-C67084,1
233,http://snomed.info/id/9268004,http://ncicb.nci.nih.gov/xml/owl/EVS/Thesaurus.owl+ACM-C67084,1
234,http://snomed.info/id/300000003,http://ncicb.nci.nih.gov/xml/owl/EVS/Thesaurus.owl+ACM-C45678,1
235,http://snomed.info/id/259139006,http://ncicb.nci.nih.gov/xml/owl/EVS/Thesaurus.owl+ACM-C45678,1
236,http://snomed.info/id/75645006,http://ncicb.nci.nih.gov/xml/owl/EVS/Thesaurus.owl+ACM-C66884,1
237,http://snomed.info/id/373467000,http://ncicb.nci.nih.gov/xml/owl/EVS/Thesaurus.owl+ACM-C1506,1
238,http://snomed.info/id/13936006,http://ncicb.nci.nih.gov/xml/owl/EVS/Thesaurus.owl+ACM-C241,1
239,http://snomed.info/id/411190008,http://ncicb.nci.nih.gov/xml/owl/EVS/Thesaurus.owl+ACM-C275,1
240,http://snomed.info/id/255859001,http://ncicb.nci.nih.gov/xml/owl/EVS/Thesaurus.owl+ACM-C275,1
241,http://snomed.info/id/395739004,http://ncicb.nci.nih.gov/xml/owl/EVS/Thesaurus.owl+ACM-C29698,1
242,http://snomed.info/id/255641001,http://ncicb.nci.nih.gov/xml/owl/EVS/Thesaurus.owl+ACM-C47795,1
243,http://snomed.info/id/91107009,http://ncicb.nci.nih.gov/xml/owl/EVS/Thesaurus.owl+ACM-C47795,1
244,http://snomed.info/id/387428002,http://ncicb.nci.nih.gov/xml/owl/EVS/Thesaurus.owl+ACM-C360,1
245,http://snomed.info/id/83438009,http://ncicb.nci.nih.gov/xml/owl/EVS/Thesaurus.owl+ACM-C78274,1
246,http://snomed.info/id/53691001,http://ncicb.nci.nih.gov/xml/owl/EVS/Thesaurus.owl+ACM-C29730,1
247,http://snomed.info/id/387292008,http://ncicb.nci.nih.gov/xml/owl/EVS/Thesaurus.owl+ACM-C29730,1
248,http://snomed.info/id/59489005,http://ncicb.nci.nih.gov/xml/owl/EVS/Thesaurus.owl+ACM-C2360,1
249,http://snomed.info/id/96126002,http://ncicb.nci.nih.gov/xml/owl/EVS/Thesaurus.owl+ACM-C250,1
250,http://snomed.info/id/412108007,http://ncicb.nci.nih.gov/xml/owl/EVS/Thesaurus.owl+ACM-C28394,1
251,http://snomed.info/id/111136003,http://ncicb.nci.nih.gov/xml/owl/EVS/Thesaurus.owl+ACM-C28394,1
252,http://snomed.info/id/95994003,http://ncicb.nci.nih.gov/xml/owl/EVS/Thesaurus.owl+ACM-C1904,1
253,http://snomed.info/id/771981005,http://ncicb.nci.nih.gov/xml/owl/EVS/Thesaurus.owl+ACM-C105578,1
254,http://snomed.info/id/96223000,http://ncicb.nci.nih.gov/xml/owl/EVS/Thesaurus.owl+ACM-C1742,1
255,http://snomed.info/id/96222005,http://ncicb.nci.nih.gov/xml/owl/EVS/Thesaurus.owl+ACM-C574,1
256,http://snomed.info/id/318053000,http://ncicb.nci.nih.gov/xml/owl/EVS/Thesaurus.owl+ACM-C547,1
257,http://snomed.info/id/419615001,http://ncicb.nci.nih.gov/xml/owl/EVS/Thesaurus.owl+ACM-C547,1
258,http://snomed.info/id/96291007,http://ncicb.nci.nih.gov/xml/owl/EVS/Thesaurus.owl+ACM-C49186,1
259,http://snomed.info/id/95995002,http://ncicb.nci.nih.gov/xml/owl/EVS/Thesaurus.owl+ACM-C2198,1
260,http://snomed.info/id/400416009,http://ncicb.nci.nih.gov/xml/owl/EVS/Thesaurus.owl+ACM-C68530,1
261,http://snomed.info/id/387183001,http://ncicb.nci.nih.gov/xml/owl/EVS/Thesaurus.owl+ACM-C29705,1
262,http://snomed.info/id/33675006,http://ncicb.nci.nih.gov/xml/owl/EVS/Thesaurus.owl+ACM-C29705,1
263,http://snomed.info/id/703411008,http://ncicb.nci.nih.gov/xml/owl/EVS/Thesaurus.owl+ACM-C78311,1
264,http://snomed.info/id/704671001,http://ncicb.nci.nih.gov/xml/owl/EVS/Thesaurus.owl+ACM-C78311,1
265,http://snomed.info/id/90342008,http://ncicb.nci.nih.gov/xml/owl/EVS/Thesaurus.owl+ACM-C78311,1
266,http://snomed.info/id/387273006,http://ncicb.nci.nih.gov/xml/owl/EVS/Thesaurus.owl+ACM-C54678,1
267,http://snomed.info/id/49617001,http://ncicb.nci.nih.gov/xml/owl/EVS/Thesaurus.owl+ACM-C54678,1
268,http://snomed.info/id/395820002,http://ncicb.nci.nih.gov/xml/owl/EVS/Thesaurus.owl+ACM-C54678,1
269,http://snomed.info/id/386107009,http://ncicb.nci.nih.gov/xml/owl/EVS/Thesaurus.owl+ACM-C66884,1
270,http://snomed.info/id/73579000,http://ncicb.nci.nih.gov/xml/owl/EVS/Thesaurus.owl+ACM-C38149,1
271,http://snomed.info/id/395831005,http://ncicb.nci.nih.gov/xml/owl/EVS/Thesaurus.owl+ACM-C885,1
272,http://snomed.info/id/325325006,http://ncicb.nci.nih.gov/xml/owl/EVS/Thesaurus.owl+ACM-C885,1
273,http://snomed.info/id/395842001,http://ncicb.nci.nih.gov/xml/owl/EVS/Thesaurus.owl+ACM-C74536,1
274,http://snomed.info/id/772923009,http://ncicb.nci.nih.gov/xml/owl/EVS/Thesaurus.owl+ACM-C74536,1
275,http://snomed.info/id/109057004,http://ncicb.nci.nih.gov/xml/owl/EVS/Thesaurus.owl+ACM-C78568,1
276,http://snomed.info/id/373455002,http://ncicb.nci.nih.gov/xml/owl/EVS/Thesaurus.owl+ACM-C78568,1
277,http://snomed.info/id/419432008,http://ncicb.nci.nih.gov/xml/owl/EVS/Thesaurus.owl+ACM-C82130,1
278,http://snomed.info/id/350108002,http://ncicb.nci.nih.gov/xml/owl/EVS/Thesaurus.owl+ACM-C82130,1
279,http://snomed.info/id/56325002,http://ncicb.nci.nih.gov/xml/owl/EVS/Thesaurus.owl+ACM-C29756,1
280,http://snomed.info/id/33589008,http://ncicb.nci.nih.gov/xml/owl/EVS/Thesaurus.owl+ACM-C344,1
281,http://snomed.info/id/372707005,http://ncicb.nci.nih.gov/xml/owl/EVS/Thesaurus.owl+ACM-C344,1
282,http://snomed.info/id/387133006,http://ncicb.nci.nih.gov/xml/owl/EVS/Thesaurus.owl+ACM-C29696,1
283,http://snomed.info/id/25076002,http://ncicb.nci.nih.gov/xml/owl/EVS/Thesaurus.owl+ACM-C29696,1
284,http://snomed.info/id/51326002,http://ncicb.nci.nih.gov/xml/owl/EVS/Thesaurus.owl+ACM-C699,1
285,http://snomed.info/id/387281007,http://ncicb.nci.nih.gov/xml/owl/EVS/Thesaurus.owl+ACM-C699,1
286,http://snomed.info/id/786790001,http://ncicb.nci.nih.gov/xml/owl/EVS/Thesaurus.owl+ACM-C699,1
287,http://snomed.info/id/329486002,http://ncicb.nci.nih.gov/xml/owl/EVS/Thesaurus.owl+ACM-C1505,1
288,http://snomed.info/id/59888006,http://ncicb.nci.nih.gov/xml/owl/EVS/Thesaurus.owl+ACM-C1505,1
289,http://snomed.info/id/386866004,http://ncicb.nci.nih.gov/xml/owl/EVS/Thesaurus.owl+ACM-C29576,1
290,http://snomed.info/id/108544005,http://ncicb.nci.nih.gov/xml/owl/EVS/Thesaurus.owl+ACM-C29576,1
291,http://snomed.info/id/50593009,http://ncicb.nci.nih.gov/xml/owl/EVS/Thesaurus.owl+ACM-C1505,1
292,http://snomed.info/id/424645002,http://ncicb.nci.nih.gov/xml/owl/EVS/Thesaurus.owl+ACM-C1505,1
293,http://snomed.info/id/774188002,http://ncicb.nci.nih.gov/xml/owl/EVS/Thesaurus.owl+ACM-C79688,1
294,http://snomed.info/id/34239008,http://ncicb.nci.nih.gov/xml/owl/EVS/Thesaurus.owl+ACM-C79688,1
295,http://snomed.info/id/423717008,http://ncicb.nci.nih.gov/xml/owl/EVS/Thesaurus.owl+ACM-C68450,1
296,http://snomed.info/id/423247009,http://ncicb.nci.nih.gov/xml/owl/EVS/Thesaurus.owl+ACM-C68450,1
297,http://snomed.info/id/396448001,http://ncicb.nci.nih.gov/xml/owl/EVS/Thesaurus.owl+ACM-C82130,1
298,http://snomed.info/id/11719000,http://ncicb.nci.nih.gov/xml/owl/EVS/Thesaurus.owl+ACM-C28394,1
299,http://snomed.info/id/387043006,http://ncicb.nci.nih.gov/xml/owl/EVS/Thesaurus.owl+ACM-C28394,1
300,http://snomed.info/id/395927000,http://ncicb.nci.nih.gov/xml/owl/EVS/Thesaurus.owl+ACM-C28394,1
301,http://snomed.info/id/111121001,http://ncicb.nci.nih.gov/xml/owl/EVS/Thesaurus.owl+ACM-C277,1
302,http://snomed.info/id/28748001,http://ncicb.nci.nih.gov/xml/owl/EVS/Thesaurus.owl+ACM-C2199,1
303,http://snomed.info/id/273948005,http://ncicb.nci.nih.gov/xml/owl/EVS/Thesaurus.owl+ACM-C2199,1
304,http://snomed.info/id/46009007,http://ncicb.nci.nih.gov/xml/owl/EVS/Thesaurus.owl+ACM-C697,1
305,http://snomed.info/id/387249003,http://ncicb.nci.nih.gov/xml/owl/EVS/Thesaurus.owl+ACM-C697,1
306,http://snomed.info/id/56715009,http://ncicb.nci.nih.gov/xml/owl/EVS/Thesaurus.owl+ACM-C29578,1
307,http://snomed.info/id/82746003,http://ncicb.nci.nih.gov/xml/owl/EVS/Thesaurus.owl+ACM-C1012,1
308,http://snomed.info/id/372866006,http://ncicb.nci.nih.gov/xml/owl/EVS/Thesaurus.owl+ACM-C1012,1
309,http://snomed.info/id/373568007,http://ncicb.nci.nih.gov/xml/owl/EVS/Thesaurus.owl+ACM-C28394,1
310,http://snomed.info/id/96316004,http://ncicb.nci.nih.gov/xml/owl/EVS/Thesaurus.owl+ACM-C28394,1
311,http://snomed.info/id/96318003,http://ncicb.nci.nih.gov/xml/owl/EVS/Thesaurus.owl+ACM-C28394,1
312,http://snomed.info/id/26992003,http://ncicb.nci.nih.gov/xml/owl/EVS/Thesaurus.owl+ACM-C66886,1
313,http://snomed.info/id/74589005,http://ncicb.nci.nih.gov/xml/owl/EVS/Thesaurus.owl+ACM-C448,1
314,http://snomed.info/id/354039005,http://ncicb.nci.nih.gov/xml/owl/EVS/Thesaurus.owl+ACM-C29756,1
315,http://snomed.info/id/395978007,http://ncicb.nci.nih.gov/xml/owl/EVS/Thesaurus.owl+ACM-C29756,1
316,http://snomed.info/id/387400008,http://ncicb.nci.nih.gov/xml/owl/EVS/Thesaurus.owl+ACM-C28197,1
317,http://snomed.info/id/71634000,http://ncicb.nci.nih.gov/xml/owl/EVS/Thesaurus.owl+ACM-C28197,1
318,http://snomed.info/id/9234005,http://ncicb.nci.nih.gov/xml/owl/EVS/Thesaurus.owl+ACM-C45678,1
319,http://snomed.info/id/420493005,http://ncicb.nci.nih.gov/xml/owl/EVS/Thesaurus.owl+ACM-C45678,1
320,http://snomed.info/id/16970001,http://ncicb.nci.nih.gov/xml/owl/EVS/Thesaurus.owl+ACM-C2153,1
321,http://snomed.info/id/16970001,http://ncicb.nci.nih.gov/xml/owl/EVS/Thesaurus.owl+ACM-C271,1
322,http://snomed.info/id/387094004,http://ncicb.nci.nih.gov/xml/owl/EVS/Thesaurus.owl+ACM-C2153,1
323,http://snomed.info/id/373468005,http://ncicb.nci.nih.gov/xml/owl/EVS/Thesaurus.owl+ACM-C271,1
324,http://snomed.info/id/14728000,http://ncicb.nci.nih.gov/xml/owl/EVS/Thesaurus.owl+ACM-C271,1
325,http://snomed.info/id/372782002,http://ncicb.nci.nih.gov/xml/owl/EVS/Thesaurus.owl+ACM-C49185,1
326,http://snomed.info/id/5786005,http://ncicb.nci.nih.gov/xml/owl/EVS/Thesaurus.owl+ACM-C49185,1
327,http://snomed.info/id/80311000,http://ncicb.nci.nih.gov/xml/owl/EVS/Thesaurus.owl+ACM-C28394,1
328,http://snomed.info/id/373778007,http://ncicb.nci.nih.gov/xml/owl/EVS/Thesaurus.owl+ACM-C28394,1
329,http://snomed.info/id/372914003,http://ncicb.nci.nih.gov/xml/owl/EVS/Thesaurus.owl+ACM-C29578,1
330,http://snomed.info/id/9944001,http://ncicb.nci.nih.gov/xml/owl/EVS/Thesaurus.owl+ACM-C29578,1
331,http://snomed.info/id/9643009,http://ncicb.nci.nih.gov/xml/owl/EVS/Thesaurus.owl+ACM-C47795,1
332,http://snomed.info/id/47331002,http://ncicb.nci.nih.gov/xml/owl/EVS/Thesaurus.owl+ACM-C29710,1
333,http://snomed.info/id/387258005,http://ncicb.nci.nih.gov/xml/owl/EVS/Thesaurus.owl+ACM-C29710,1
334,http://snomed.info/id/111154004,http://ncicb.nci.nih.gov/xml/owl/EVS/Thesaurus.owl+ACM-C97936,1
335,http://snomed.info/id/386991003,http://ncicb.nci.nih.gov/xml/owl/EVS/Thesaurus.owl+ACM-C97936,1
336,http://snomed.info/id/387317000,http://ncicb.nci.nih.gov/xml/owl/EVS/Thesaurus.owl+ACM-C29710,1
337,http://snomed.info/id/57002000,http://ncicb.nci.nih.gov/xml/owl/EVS/Thesaurus.owl+ACM-C29710,1
338,http://snomed.info/id/255863008,http://ncicb.nci.nih.gov/xml/owl/EVS/Thesaurus.owl+ACM-C28394,1
339,http://snomed.info/id/411197006,http://ncicb.nci.nih.gov/xml/owl/EVS/Thesaurus.owl+ACM-C28394,1
340,http://snomed.info/id/387324004,http://ncicb.nci.nih.gov/xml/owl/EVS/Thesaurus.owl+ACM-C49185,1
341,http://snomed.info/id/57893000,http://ncicb.nci.nih.gov/xml/owl/EVS/Thesaurus.owl+ACM-C49185,1
342,http://snomed.info/id/400361007,http://ncicb.nci.nih.gov/xml/owl/EVS/Thesaurus.owl+ACM-C29696,1
343,http://snomed.info/id/44908000,http://ncicb.nci.nih.gov/xml/owl/EVS/Thesaurus.owl+ACM-C29696,1
344,http://snomed.info/id/387408001,http://ncicb.nci.nih.gov/xml/owl/EVS/Thesaurus.owl+ACM-C98148,1
345,http://snomed.info/id/72824008,http://ncicb.nci.nih.gov/xml/owl/EVS/Thesaurus.owl+ACM-C98148,1
346,http://snomed.info/id/387030006,http://ncicb.nci.nih.gov/xml/owl/EVS/Thesaurus.owl+ACM-C1505,1
347,http://snomed.info/id/427976002,http://ncicb.nci.nih.gov/xml/owl/EVS/Thesaurus.owl+ACM-C1505,1
348,http://snomed.info/id/58962003,http://ncicb.nci.nih.gov/xml/owl/EVS/Thesaurus.owl+ACM-C514,1
349,http://snomed.info/id/96058005,http://ncicb.nci.nih.gov/xml/owl/EVS/Thesaurus.owl+ACM-C783,1
350,http://snomed.info/id/422591002,http://ncicb.nci.nih.gov/xml/owl/EVS/Thesaurus.owl+ACM-C783,1
351,http://snomed.info/id/83532008,http://ncicb.nci.nih.gov/xml/owl/EVS/Thesaurus.owl+ACM-C29702,1
352,http://snomed.info/id/373541007,http://ncicb.nci.nih.gov/xml/owl/EVS/Thesaurus.owl+ACM-C29702,1
353,http://snomed.info/id/61709008,http://ncicb.nci.nih.gov/xml/owl/EVS/Thesaurus.owl+ACM-C257,1
354,http://snomed.info/id/349958007,http://ncicb.nci.nih.gov/xml/owl/EVS/Thesaurus.owl+ACM-C29578,1
355,http://snomed.info/id/395955001,http://ncicb.nci.nih.gov/xml/owl/EVS/Thesaurus.owl+ACM-C29578,1
356,http://snomed.info/id/7577004,http://ncicb.nci.nih.gov/xml/owl/EVS/Thesaurus.owl+ACM-C795,1
357,http://snomed.info/id/372840008,http://ncicb.nci.nih.gov/xml/owl/EVS/Thesaurus.owl+ACM-C795,1
358,http://snomed.info/id/321986007,http://ncicb.nci.nih.gov/xml/owl/EVS/Thesaurus.owl+ACM-C94725,1
359,http://snomed.info/id/372596005,http://ncicb.nci.nih.gov/xml/owl/EVS/Thesaurus.owl+ACM-C94725,1
360,http://snomed.info/id/372744005,http://ncicb.nci.nih.gov/xml/owl/EVS/Thesaurus.owl+ACM-C29578,1
361,http://snomed.info/id/45218006,http://ncicb.nci.nih.gov/xml/owl/EVS/Thesaurus.owl+ACM-C29578,1
362,http://snomed.info/id/12821002,http://ncicb.nci.nih.gov/xml/owl/EVS/Thesaurus.owl+ACM-C29578,1
363,http://snomed.info/id/418264008,http://ncicb.nci.nih.gov/xml/owl/EVS/Thesaurus.owl+ACM-C319,1
364,http://snomed.info/id/425138006,http://ncicb.nci.nih.gov/xml/owl/EVS/Thesaurus.owl+ACM-C319,1
365,http://snomed.info/id/48614001,http://ncicb.nci.nih.gov/xml/owl/EVS/Thesaurus.owl+ACM-C521,1
366,http://snomed.info/id/419129004,http://ncicb.nci.nih.gov/xml/owl/EVS/Thesaurus.owl+ACM-C521,1
367,http://snomed.info/id/387580009,http://ncicb.nci.nih.gov/xml/owl/EVS/Thesaurus.owl+ACM-C67439,1
368,http://snomed.info/id/77035009,http://ncicb.nci.nih.gov/xml/owl/EVS/Thesaurus.owl+ACM-C98150,1
369,http://snomed.info/id/387439004,http://ncicb.nci.nih.gov/xml/owl/EVS/Thesaurus.owl+ACM-C98150,1
370,http://snomed.info/id/30466001,http://ncicb.nci.nih.gov/xml/owl/EVS/Thesaurus.owl+ACM-C1821,1
371,http://snomed.info/id/387166005,http://ncicb.nci.nih.gov/xml/owl/EVS/Thesaurus.owl+ACM-C1821,1
372,http://snomed.info/id/372903001,http://ncicb.nci.nih.gov/xml/owl/EVS/Thesaurus.owl+ACM-C94727,1
373,http://snomed.info/id/96209002,http://ncicb.nci.nih.gov/xml/owl/EVS/Thesaurus.owl+ACM-C94727,1
374,http://snomed.info/id/387383007,http://ncicb.nci.nih.gov/xml/owl/EVS/Thesaurus.owl+ACM-C1012,1
375,http://snomed.info/id/69708003,http://ncicb.nci.nih.gov/xml/owl/EVS/Thesaurus.owl+ACM-C1012,1
376,http://snomed.info/id/395940005,http://ncicb.nci.nih.gov/xml/owl/EVS/Thesaurus.owl+ACM-C49185,1
377,http://snomed.info/id/429462003,http://ncicb.nci.nih.gov/xml/owl/EVS/Thesaurus.owl+ACM-C49185,1
378,http://snomed.info/id/387566002,http://ncicb.nci.nih.gov/xml/owl/EVS/Thesaurus.owl+ACM-C66883,1
379,http://snomed.info/id/427940003,http://ncicb.nci.nih.gov/xml/owl/EVS/Thesaurus.owl+ACM-C66883,1
380,http://snomed.info/id/96154009,http://ncicb.nci.nih.gov/xml/owl/EVS/Thesaurus.owl+ACM-C277,1
381,http://snomed.info/id/763009004,http://ncicb.nci.nih.gov/xml/owl/EVS/Thesaurus.owl+ACM-C78568,1
382,http://snomed.info/id/387453004,http://ncicb.nci.nih.gov/xml/owl/EVS/Thesaurus.owl+ACM-C1012,1
383,http://snomed.info/id/698028004,http://ncicb.nci.nih.gov/xml/owl/EVS/Thesaurus.owl+ACM-C66883,1
384,http://snomed.info/id/698256004,http://ncicb.nci.nih.gov/xml/owl/EVS/Thesaurus.owl+ACM-C1012,1
385,http://snomed.info/id/5797005,http://ncicb.nci.nih.gov/xml/owl/EVS/Thesaurus.owl+ACM-C514,1
386,http://snomed.info/id/387325003,http://ncicb.nci.nih.gov/xml/owl/EVS/Thesaurus.owl+ACM-C514,1
387,http://snomed.info/id/387568001,http://ncicb.nci.nih.gov/xml/owl/EVS/Thesaurus.owl+ACM-C29710,1
388,http://snomed.info/id/96221003,http://ncicb.nci.nih.gov/xml/owl/EVS/Thesaurus.owl+ACM-C94726,1
389,http://snomed.info/id/6071000,http://ncicb.nci.nih.gov/xml/owl/EVS/Thesaurus.owl+ACM-C45189,1
390,http://snomed.info/id/53034005,http://ncicb.nci.nih.gov/xml/owl/EVS/Thesaurus.owl+ACM-C45189,1
391,http://snomed.info/id/85990009,http://ncicb.nci.nih.gov/xml/owl/EVS/Thesaurus.owl+ACM-C1657,1
392,http://snomed.info/id/387494007,http://ncicb.nci.nih.gov/xml/owl/EVS/Thesaurus.owl+ACM-C1657,1
393,http://snomed.info/id/261000,http://ncicb.nci.nih.gov/xml/owl/EVS/Thesaurus.owl+ACM-C1657,1
394,http://snomed.info/id/387413002,http://ncicb.nci.nih.gov/xml/owl/EVS/Thesaurus.owl+ACM-C67421,1
395,http://snomed.info/id/73133000,http://ncicb.nci.nih.gov/xml/owl/EVS/Thesaurus.owl+ACM-C67421,1
396,http://snomed.info/id/66971004,http://ncicb.nci.nih.gov/xml/owl/EVS/Thesaurus.owl+ACM-C98148,1
397,http://snomed.info/id/372811005,http://ncicb.nci.nih.gov/xml/owl/EVS/Thesaurus.owl+ACM-C98148,1
398,http://snomed.info/id/350476009,http://ncicb.nci.nih.gov/xml/owl/EVS/Thesaurus.owl+ACM-C17351,1
399,http://snomed.info/id/61472002,http://ncicb.nci.nih.gov/xml/owl/EVS/Thesaurus.owl+ACM-C17351,1
400,http://snomed.info/id/442252001,http://ncicb.nci.nih.gov/xml/owl/EVS/Thesaurus.owl+ACM-C1505,1
401,http://snomed.info/id/115620009,http://ncicb.nci.nih.gov/xml/owl/EVS/Thesaurus.owl+ACM-C73579,1
402,http://snomed.info/id/768600002,http://ncicb.nci.nih.gov/xml/owl/EVS/Thesaurus.owl+ACM-C263,1
403,http://snomed.info/id/373307003,http://ncicb.nci.nih.gov/xml/owl/EVS/Thesaurus.owl+ACM-C263,1
404,http://snomed.info/id/766936008,http://ncicb.nci.nih.gov/xml/owl/EVS/Thesaurus.owl+ACM-C54060,1
405,http://snomed.info/id/90944001,http://ncicb.nci.nih.gov/xml/owl/EVS/Thesaurus.owl+ACM-C54060,1
406,http://snomed.info/id/72312007,http://ncicb.nci.nih.gov/xml/owl/EVS/Thesaurus.owl+ACM-C29707,1
407,http://snomed.info/id/387405003,http://ncicb.nci.nih.gov/xml/owl/EVS/Thesaurus.owl+ACM-C29707,1
408,http://snomed.info/id/68669008,http://ncicb.nci.nih.gov/xml/owl/EVS/Thesaurus.owl+ACM-C29756,1
409,http://snomed.info/id/346394000,http://ncicb.nci.nih.gov/xml/owl/EVS/Thesaurus.owl+ACM-C29756,1
410,http://snomed.info/id/317938008,http://ncicb.nci.nih.gov/xml/owl/EVS/Thesaurus.owl+ACM-C49185,1
411,http://snomed.info/id/396009008,http://ncicb.nci.nih.gov/xml/owl/EVS/Thesaurus.owl+ACM-C49185,1
412,http://snomed.info/id/8348002,http://ncicb.nci.nih.gov/xml/owl/EVS/Thesaurus.owl+ACM-C29706,1
413,http://snomed.info/id/372869004,http://ncicb.nci.nih.gov/xml/owl/EVS/Thesaurus.owl+ACM-C29706,1
414,http://snomed.info/id/387420009,http://ncicb.nci.nih.gov/xml/owl/EVS/Thesaurus.owl+ACM-C697,1
415,http://snomed.info/id/74470007,http://ncicb.nci.nih.gov/xml/owl/EVS/Thesaurus.owl+ACM-C574,1
416,http://snomed.info/id/74470007,http://ncicb.nci.nih.gov/xml/owl/EVS/Thesaurus.owl+ACM-C697,1
417,http://snomed.info/id/80906007,http://ncicb.nci.nih.gov/xml/owl/EVS/Thesaurus.owl+ACM-C1744,1
418,http://snomed.info/id/387467008,http://ncicb.nci.nih.gov/xml/owl/EVS/Thesaurus.owl+ACM-C146638,1
419,http://snomed.info/id/26462003,http://ncicb.nci.nih.gov/xml/owl/EVS/Thesaurus.owl+ACM-C29578,1
420,http://snomed.info/id/372683000,http://ncicb.nci.nih.gov/xml/owl/EVS/Thesaurus.owl+ACM-C29578,1
421,http://snomed.info/id/126119006,http://ncicb.nci.nih.gov/xml/owl/EVS/Thesaurus.owl+ACM-C146993,1
422,http://snomed.info/id/96370002,http://ncicb.nci.nih.gov/xml/owl/EVS/Thesaurus.owl+ACM-C146993,1
423,http://snomed.info/id/373457005,http://ncicb.nci.nih.gov/xml/owl/EVS/Thesaurus.owl+ACM-C29701,1
424,http://snomed.info/id/109109007,http://ncicb.nci.nih.gov/xml/owl/EVS/Thesaurus.owl+ACM-C29701,1
425,http://snomed.info/id/89265009,http://ncicb.nci.nih.gov/xml/owl/EVS/Thesaurus.owl+ACM-C1557,1
426,http://snomed.info/id/387511003,http://ncicb.nci.nih.gov/xml/owl/EVS/Thesaurus.owl+ACM-C1557,1
427,http://snomed.info/id/698027009,http://ncicb.nci.nih.gov/xml/owl/EVS/Thesaurus.owl+ACM-C1505,1
428,http://snomed.info/id/77750008,http://ncicb.nci.nih.gov/xml/owl/EVS/Thesaurus.owl+ACM-C902,1
429,http://snomed.info/id/387441003,http://ncicb.nci.nih.gov/xml/owl/EVS/Thesaurus.owl+ACM-C902,1
430,http://snomed.info/id/69107004,http://ncicb.nci.nih.gov/xml/owl/EVS/Thesaurus.owl+ACM-C29696,1
431,http://snomed.info/id/372819007,http://ncicb.nci.nih.gov/xml/owl/EVS/Thesaurus.owl+ACM-C29696,1
432,http://snomed.info/id/81946009,http://ncicb.nci.nih.gov/xml/owl/EVS/Thesaurus.owl+ACM-C29696,1
433,http://snomed.info/id/17308007,http://ncicb.nci.nih.gov/xml/owl/EVS/Thesaurus.owl+ACM-C849,1
434,http://snomed.info/id/387096002,http://ncicb.nci.nih.gov/xml/owl/EVS/Thesaurus.owl+ACM-C849,1
435,http://snomed.info/id/396013001,http://ncicb.nci.nih.gov/xml/owl/EVS/Thesaurus.owl+ACM-C795,1
436,http://snomed.info/id/96155005,http://ncicb.nci.nih.gov/xml/owl/EVS/Thesaurus.owl+ACM-C795,1
437,http://snomed.info/id/96232003,http://ncicb.nci.nih.gov/xml/owl/EVS/Thesaurus.owl+ACM-C1012,1
438,http://snomed.info/id/395964006,http://ncicb.nci.nih.gov/xml/owl/EVS/Thesaurus.owl+ACM-C795,1
439,http://snomed.info/id/350274005,http://ncicb.nci.nih.gov/xml/owl/EVS/Thesaurus.owl+ACM-C795,1
440,http://snomed.info/id/372705002,http://ncicb.nci.nih.gov/xml/owl/EVS/Thesaurus.owl+ACM-C94727,1
441,http://snomed.info/id/33378002,http://ncicb.nci.nih.gov/xml/owl/EVS/Thesaurus.owl+ACM-C94727,1
442,http://snomed.info/id/398962006,http://ncicb.nci.nih.gov/xml/owl/EVS/Thesaurus.owl+ACM-C78322,1
443,http://snomed.info/id/16214005,http://ncicb.nci.nih.gov/xml/owl/EVS/Thesaurus.owl+ACM-C78322,1
444,http://snomed.info/id/52215008,http://ncicb.nci.nih.gov/xml/owl/EVS/Thesaurus.owl+ACM-C521,1
445,http://snomed.info/id/412363005,http://ncicb.nci.nih.gov/xml/owl/EVS/Thesaurus.owl+ACM-C521,1
446,http://snomed.info/id/372584003,http://ncicb.nci.nih.gov/xml/owl/EVS/Thesaurus.owl+ACM-C521,1
447,http://snomed.info/id/7561000,http://ncicb.nci.nih.gov/xml/owl/EVS/Thesaurus.owl+ACM-C521,1
448,http://snomed.info/id/387335009,http://ncicb.nci.nih.gov/xml/owl/EVS/Thesaurus.owl+ACM-C87053,1
449,http://snomed.info/id/412366002,http://ncicb.nci.nih.gov/xml/owl/EVS/Thesaurus.owl+ACM-C47794,1
450,http://snomed.info/id/322047008,http://ncicb.nci.nih.gov/xml/owl/EVS/Thesaurus.owl+ACM-C47794,1
451,http://snomed.info/id/786177001,http://ncicb.nci.nih.gov/xml/owl/EVS/Thesaurus.owl+ACM-C314,1
452,http://snomed.info/id/66322002,http://ncicb.nci.nih.gov/xml/owl/EVS/Thesaurus.owl+ACM-C314,1
453,http://snomed.info/id/714221000,http://ncicb.nci.nih.gov/xml/owl/EVS/Thesaurus.owl+ACM-C314,1
454,http://snomed.info/id/12391001,http://ncicb.nci.nih.gov/xml/owl/EVS/Thesaurus.owl+ACM-C314,1
455,http://snomed.info/id/14715007,http://ncicb.nci.nih.gov/xml/owl/EVS/Thesaurus.owl+ACM-C314,1
456,http://snomed.info/id/45207006,http://ncicb.nci.nih.gov/xml/owl/EVS/Thesaurus.owl+ACM-C47795,1
457,http://snomed.info/id/387278002,http://ncicb.nci.nih.gov/xml/owl/EVS/Thesaurus.owl+ACM-C47795,1
458,http://snomed.info/id/50868004,http://ncicb.nci.nih.gov/xml/owl/EVS/Thesaurus.owl+ACM-C47795,1
459,http://snomed.info/id/2016004,http://ncicb.nci.nih.gov/xml/owl/EVS/Thesaurus.owl+ACM-C2199,1
460,http://snomed.info/id/387114001,http://ncicb.nci.nih.gov/xml/owl/EVS/Thesaurus.owl+ACM-C2199,1
461,http://snomed.info/id/96191003,http://ncicb.nci.nih.gov/xml/owl/EVS/Thesaurus.owl+ACM-C67413,1
462,http://snomed.info/id/387561007,http://ncicb.nci.nih.gov/xml/owl/EVS/Thesaurus.owl+ACM-C67413,1
463,http://snomed.info/id/418377002,http://ncicb.nci.nih.gov/xml/owl/EVS/Thesaurus.owl+ACM-C70699,1
464,http://snomed.info/id/116178008,http://ncicb.nci.nih.gov/xml/owl/EVS/Thesaurus.owl+ACM-C70699,1
465,http://snomed.info/id/387264003,http://ncicb.nci.nih.gov/xml/owl/EVS/Thesaurus.owl+ACM-C1012,1
466,http://snomed.info/id/48546005,http://ncicb.nci.nih.gov/xml/owl/EVS/Thesaurus.owl+ACM-C1012,1
467,http://snomed.info/id/387328001,http://ncicb.nci.nih.gov/xml/owl/EVS/Thesaurus.owl+ACM-C29707,1
468,http://snomed.info/id/58905004,http://ncicb.nci.nih.gov/xml/owl/EVS/Thesaurus.owl+ACM-C29707,1
469,http://snomed.info/id/32757009,http://ncicb.nci.nih.gov/xml/owl/EVS/Thesaurus.owl+ACM-C94727,1
470,http://snomed.info/id/411442007,http://ncicb.nci.nih.gov/xml/owl/EVS/Thesaurus.owl+ACM-C152072,1
471,http://snomed.info/id/4353000,http://ncicb.nci.nih.gov/xml/owl/EVS/Thesaurus.owl+ACM-C152072,1
472,http://snomed.info/id/768528000,http://ncicb.nci.nih.gov/xml/owl/EVS/Thesaurus.owl+ACM-C443,1
473,http://snomed.info/id/768528000,http://ncicb.nci.nih.gov/xml/owl/EVS/Thesaurus.owl+ACM-C67439,1
474,http://snomed.info/id/387579006,http://ncicb.nci.nih.gov/xml/owl/EVS/Thesaurus.owl+ACM-C67439,1
475,http://snomed.info/id/387579006,http://ncicb.nci.nih.gov/xml/owl/EVS/Thesaurus.owl+ACM-C2136,1
476,http://snomed.info/id/255999002,http://ncicb.nci.nih.gov/xml/owl/EVS/Thesaurus.owl+ACM-C250,1
477,http://snomed.info/id/411343001,http://ncicb.nci.nih.gov/xml/owl/EVS/Thesaurus.owl+ACM-C250,1
478,http://snomed.info/id/387111009,http://ncicb.nci.nih.gov/xml/owl/EVS/Thesaurus.owl+ACM-C47796,1
479,http://snomed.info/id/19583005,http://ncicb.nci.nih.gov/xml/owl/EVS/Thesaurus.owl+ACM-C29577,1
480,http://snomed.info/id/7034005,http://ncicb.nci.nih.gov/xml/owl/EVS/Thesaurus.owl+ACM-C1323,1
481,http://snomed.info/id/363598004,http://ncicb.nci.nih.gov/xml/owl/EVS/Thesaurus.owl+ACM-C1323,1
482,http://snomed.info/id/387187000,http://ncicb.nci.nih.gov/xml/owl/EVS/Thesaurus.owl+ACM-C1557,1
483,http://snomed.info/id/34693000,http://ncicb.nci.nih.gov/xml/owl/EVS/Thesaurus.owl+ACM-C1557,1
484,http://snomed.info/id/19194001,http://ncicb.nci.nih.gov/xml/owl/EVS/Thesaurus.owl+ACM-C97452,1
485,http://snomed.info/id/387105006,http://ncicb.nci.nih.gov/xml/owl/EVS/Thesaurus.owl+ACM-C97452,1
486,http://snomed.info/id/387340001,http://ncicb.nci.nih.gov/xml/owl/EVS/Thesaurus.owl+ACM-C250,1
487,http://snomed.info/id/60731009,http://ncicb.nci.nih.gov/xml/owl/EVS/Thesaurus.owl+ACM-C250,1
488,http://snomed.info/id/54882005,http://ncicb.nci.nih.gov/xml/owl/EVS/Thesaurus.owl+ACM-C47795,1
489,http://snomed.info/id/387303009,http://ncicb.nci.nih.gov/xml/owl/EVS/Thesaurus.owl+ACM-C47795,1
490,http://snomed.info/id/116581007,http://ncicb.nci.nih.gov/xml/owl/EVS/Thesaurus.owl+ACM-C521,1
491,http://snomed.info/id/395965007,http://ncicb.nci.nih.gov/xml/owl/EVS/Thesaurus.owl+ACM-C521,1
492,http://snomed.info/id/387116004,http://ncicb.nci.nih.gov/xml/owl/EVS/Thesaurus.owl+ACM-C257,1
493,http://snomed.info/id/20865003,http://ncicb.nci.nih.gov/xml/owl/EVS/Thesaurus.owl+ACM-C257,1
494,http://snomed.info/id/372684006,http://ncicb.nci.nih.gov/xml/owl/EVS/Thesaurus.owl+ACM-C1708,1
495,http://snomed.info/id/26580005,http://ncicb.nci.nih.gov/xml/owl/EVS/Thesaurus.owl+ACM-C1708,1
496,http://snomed.info/id/81728006,http://ncicb.nci.nih.gov/xml/owl/EVS/Thesaurus.owl+ACM-C471,1
497,http://snomed.info/id/373534001,http://ncicb.nci.nih.gov/xml/owl/EVS/Thesaurus.owl+ACM-C471,1
498,http://snomed.info/id/796001,http://ncicb.nci.nih.gov/xml/owl/EVS/Thesaurus.owl+ACM-C823,1
499,http://snomed.info/id/387461009,http://ncicb.nci.nih.gov/xml/owl/EVS/Thesaurus.owl+ACM-C78322,1
500,http://snomed.info/id/703113001,http://ncicb.nci.nih.gov/xml/owl/EVS/Thesaurus.owl+ACM-C270,1
501,http://snomed.info/id/19918001,http://ncicb.nci.nih.gov/xml/owl/EVS/Thesaurus.owl+ACM-C66884,1
502,http://snomed.info/id/64447003,http://ncicb.nci.nih.gov/xml/owl/EVS/Thesaurus.owl+ACM-C66884,1
503,http://snomed.info/id/387267005,http://ncicb.nci.nih.gov/xml/owl/EVS/Thesaurus.owl+ACM-C2198,1
504,http://snomed.info/id/48875009,http://ncicb.nci.nih.gov/xml/owl/EVS/Thesaurus.owl+ACM-C66884,1
505,http://snomed.info/id/44508008,http://ncicb.nci.nih.gov/xml/owl/EVS/Thesaurus.owl+ACM-C1506,1
506,http://snomed.info/id/387485001,http://ncicb.nci.nih.gov/xml/owl/EVS/Thesaurus.owl+ACM-C1506,1
507,http://snomed.info/id/414428000,http://ncicb.nci.nih.gov/xml/owl/EVS/Thesaurus.owl+ACM-C67413,1
508,http://snomed.info/id/14809000,http://ncicb.nci.nih.gov/xml/owl/EVS/Thesaurus.owl+ACM-C344,1
509,http://snomed.info/id/64851009,http://ncicb.nci.nih.gov/xml/owl/EVS/Thesaurus.owl+ACM-C277,1
510,http://snomed.info/id/387355005,http://ncicb.nci.nih.gov/xml/owl/EVS/Thesaurus.owl+ACM-C277,1
511,http://snomed.info/id/372793000,http://ncicb.nci.nih.gov/xml/owl/EVS/Thesaurus.owl+ACM-C333,1
512,http://snomed.info/id/59941008,http://ncicb.nci.nih.gov/xml/owl/EVS/Thesaurus.owl+ACM-C333,1
513,http://snomed.info/id/387077001,http://ncicb.nci.nih.gov/xml/owl/EVS/Thesaurus.owl+ACM-C360,1
514,http://snomed.info/id/13664004,http://ncicb.nci.nih.gov/xml/owl/EVS/Thesaurus.owl+ACM-C360,1
515,http://snomed.info/id/109104002,http://ncicb.nci.nih.gov/xml/owl/EVS/Thesaurus.owl+ACM-C360,1
516,http://snomed.info/id/397224000,http://ncicb.nci.nih.gov/xml/owl/EVS/Thesaurus.owl+ACM-C360,1
517,http://snomed.info/id/26122009,http://ncicb.nci.nih.gov/xml/owl/EVS/Thesaurus.owl+ACM-C1322,1
518,http://snomed.info/id/26122009,http://ncicb.nci.nih.gov/xml/owl/EVS/Thesaurus.owl+ACM-C29578,1
519,http://snomed.info/id/387142004,http://ncicb.nci.nih.gov/xml/owl/EVS/Thesaurus.owl+ACM-C1322,1
520,http://snomed.info/id/387142004,http://ncicb.nci.nih.gov/xml/owl/EVS/Thesaurus.owl+ACM-C29578,1
521,http://snomed.info/id/346400003,http://ncicb.nci.nih.gov/xml/owl/EVS/Thesaurus.owl+ACM-C45496,1
522,http://snomed.info/id/115535002,http://ncicb.nci.nih.gov/xml/owl/EVS/Thesaurus.owl+ACM-C45496,1
523,http://snomed.info/id/8143001,http://ncicb.nci.nih.gov/xml/owl/EVS/Thesaurus.owl+ACM-C306,1
524,http://snomed.info/id/126142004,http://ncicb.nci.nih.gov/xml/owl/EVS/Thesaurus.owl+ACM-C306,1
525,http://snomed.info/id/26458009,http://ncicb.nci.nih.gov/xml/owl/EVS/Thesaurus.owl+ACM-C29578,1
526,http://snomed.info/id/372682005,http://ncicb.nci.nih.gov/xml/owl/EVS/Thesaurus.owl+ACM-C29578,1
527,http://snomed.info/id/28580002,http://ncicb.nci.nih.gov/xml/owl/EVS/Thesaurus.owl+ACM-C681,1
528,http://snomed.info/id/387371005,http://ncicb.nci.nih.gov/xml/owl/EVS/Thesaurus.owl+ACM-C744,1
529,http://snomed.info/id/66859009,http://ncicb.nci.nih.gov/xml/owl/EVS/Thesaurus.owl+ACM-C744,1
530,http://snomed.info/id/780831000,http://ncicb.nci.nih.gov/xml/owl/EVS/Thesaurus.owl+ACM-C257,1
531,http://snomed.info/id/781025005,http://ncicb.nci.nih.gov/xml/owl/EVS/Thesaurus.owl+ACM-C257,1
532,http://snomed.info/id/22165008,http://ncicb.nci.nih.gov/xml/owl/EVS/Thesaurus.owl+ACM-C257,1
533,http://snomed.info/id/387221005,http://ncicb.nci.nih.gov/xml/owl/EVS/Thesaurus.owl+ACM-C29714,1
534,http://snomed.info/id/387418006,http://ncicb.nci.nih.gov/xml/owl/EVS/Thesaurus.owl+ACM-C360,1
535,http://snomed.info/id/76759004,http://ncicb.nci.nih.gov/xml/owl/EVS/Thesaurus.owl+ACM-C47793,1
536,http://snomed.info/id/372844004,http://ncicb.nci.nih.gov/xml/owl/EVS/Thesaurus.owl+ACM-C47793,1
537,http://snomed.info/id/387212009,http://ncicb.nci.nih.gov/xml/owl/EVS/Thesaurus.owl+ACM-C1744,1
538,http://snomed.info/id/39516004,http://ncicb.nci.nih.gov/xml/owl/EVS/Thesaurus.owl+ACM-C1742,1
539,http://snomed.info/id/58907007,http://ncicb.nci.nih.gov/xml/owl/EVS/Thesaurus.owl+ACM-C29696,1
540,http://snomed.info/id/372792005,http://ncicb.nci.nih.gov/xml/owl/EVS/Thesaurus.owl+ACM-C448,1
541,http://snomed.info/id/32955006,http://ncicb.nci.nih.gov/xml/owl/EVS/Thesaurus.owl+ACM-C29710,1
542,http://snomed.info/id/387181004,http://ncicb.nci.nih.gov/xml/owl/EVS/Thesaurus.owl+ACM-C29710,1
543,http://snomed.info/id/414047005,http://ncicb.nci.nih.gov/xml/owl/EVS/Thesaurus.owl+ACM-C28197,1
544,http://snomed.info/id/349856007,http://ncicb.nci.nih.gov/xml/owl/EVS/Thesaurus.owl+ACM-C28197,1
545,http://snomed.info/id/28235004,http://ncicb.nci.nih.gov/xml/owl/EVS/Thesaurus.owl+ACM-C47795,1
546,http://snomed.info/id/373339005,http://ncicb.nci.nih.gov/xml/owl/EVS/Thesaurus.owl+ACM-C47795,1
547,http://snomed.info/id/372587005,http://ncicb.nci.nih.gov/xml/owl/EVS/Thesaurus.owl+ACM-C94727,1
548,http://snomed.info/id/11841005,http://ncicb.nci.nih.gov/xml/owl/EVS/Thesaurus.owl+ACM-C94727,1
549,http://snomed.info/id/68444001,http://ncicb.nci.nih.gov/xml/owl/EVS/Thesaurus.owl+ACM-C67502,1
550,http://snomed.info/id/412380009,http://ncicb.nci.nih.gov/xml/owl/EVS/Thesaurus.owl+ACM-C29578,1
551,http://snomed.info/id/44068004,http://ncicb.nci.nih.gov/xml/owl/EVS/Thesaurus.owl+ACM-C29578,1
552,http://snomed.info/id/26574002,http://ncicb.nci.nih.gov/xml/owl/EVS/Thesaurus.owl+ACM-C323,1
553,http://snomed.info/id/387146001,http://ncicb.nci.nih.gov/xml/owl/EVS/Thesaurus.owl+ACM-C323,1
554,http://snomed.info/id/763158003,http://ncicb.nci.nih.gov/xml/owl/EVS/Thesaurus.owl+ACM-C1708,1
555,http://snomed.info/id/373873005,http://ncicb.nci.nih.gov/xml/owl/EVS/Thesaurus.owl+ACM-C1708,1
556,http://snomed.info/id/410942007,http://ncicb.nci.nih.gov/xml/owl/EVS/Thesaurus.owl+ACM-C1708,1
557,http://snomed.info/id/386183006,http://ncicb.nci.nih.gov/xml/owl/EVS/Thesaurus.owl+ACM-C744,1
558,http://snomed.info/id/32370002,http://ncicb.nci.nih.gov/xml/owl/EVS/Thesaurus.owl+ACM-C319,1
559,http://snomed.info/id/373471002,http://ncicb.nci.nih.gov/xml/owl/EVS/Thesaurus.owl+ACM-C514,1
560,http://snomed.info/id/18952006,http://ncicb.nci.nih.gov/xml/owl/EVS/Thesaurus.owl+ACM-C514,1
561,http://snomed.info/id/69519002,http://ncicb.nci.nih.gov/xml/owl/EVS/Thesaurus.owl+ACM-C263,1
562,http://snomed.info/id/372628006,http://ncicb.nci.nih.gov/xml/owl/EVS/Thesaurus.owl+ACM-C360,1
563,http://snomed.info/id/350076000,http://ncicb.nci.nih.gov/xml/owl/EVS/Thesaurus.owl+ACM-C263,1
564,http://snomed.info/id/77237006,http://ncicb.nci.nih.gov/xml/owl/EVS/Thesaurus.owl+ACM-C27993,1
565,http://snomed.info/id/372845003,http://ncicb.nci.nih.gov/xml/owl/EVS/Thesaurus.owl+ACM-C27993,1
566,http://snomed.info/id/12559001,http://ncicb.nci.nih.gov/xml/owl/EVS/Thesaurus.owl+ACM-C277,1
567,http://snomed.info/id/373466009,http://ncicb.nci.nih.gov/xml/owl/EVS/Thesaurus.owl+ACM-C277,1
568,http://snomed.info/id/387358007,http://ncicb.nci.nih.gov/xml/owl/EVS/Thesaurus.owl+ACM-C87053,1
569,http://snomed.info/id/65026000,http://ncicb.nci.nih.gov/xml/owl/EVS/Thesaurus.owl+ACM-C87053,1
570,http://snomed.info/id/417916005,http://ncicb.nci.nih.gov/xml/owl/EVS/Thesaurus.owl+ACM-C1594,1
571,http://snomed.info/id/349848009,http://ncicb.nci.nih.gov/xml/owl/EVS/Thesaurus.owl+ACM-C1594,1
572,http://snomed.info/id/126071000,http://ncicb.nci.nih.gov/xml/owl/EVS/Thesaurus.owl+ACM-C66884,1
573,http://snomed.info/id/54541002,http://ncicb.nci.nih.gov/xml/owl/EVS/Thesaurus.owl+ACM-C66884,1
574,http://snomed.info/id/395975005,http://ncicb.nci.nih.gov/xml/owl/EVS/Thesaurus.owl+ACM-C47794,1
575,http://snomed.info/id/32647002,http://ncicb.nci.nih.gov/xml/owl/EVS/Thesaurus.owl+ACM-C47794,1
576,http://snomed.info/id/398960003,http://ncicb.nci.nih.gov/xml/owl/EVS/Thesaurus.owl+ACM-C29707,1
577,http://snomed.info/id/62368002,http://ncicb.nci.nih.gov/xml/owl/EVS/Thesaurus.owl+ACM-C29707,1
578,http://snomed.info/id/371364001,http://ncicb.nci.nih.gov/xml/owl/EVS/Thesaurus.owl+ACM-C1012,1
579,http://snomed.info/id/96235001,http://ncicb.nci.nih.gov/xml/owl/EVS/Thesaurus.owl+ACM-C1012,1
580,http://snomed.info/id/386909008,http://ncicb.nci.nih.gov/xml/owl/EVS/Thesaurus.owl+ACM-C697,1
581,http://snomed.info/id/108768000,http://ncicb.nci.nih.gov/xml/owl/EVS/Thesaurus.owl+ACM-C697,1
582,http://snomed.info/id/108769008,http://ncicb.nci.nih.gov/xml/owl/EVS/Thesaurus.owl+ACM-C697,1
583,http://snomed.info/id/373336003,http://ncicb.nci.nih.gov/xml/owl/EVS/Thesaurus.owl+ACM-C129818,1
584,http://snomed.info/id/349849001,http://ncicb.nci.nih.gov/xml/owl/EVS/Thesaurus.owl+ACM-C129818,1
585,http://snomed.info/id/75341007,http://ncicb.nci.nih.gov/xml/owl/EVS/Thesaurus.owl+ACM-C49184,1
586,http://snomed.info/id/81947000,http://ncicb.nci.nih.gov/xml/owl/EVS/Thesaurus.owl+ACM-C49184,1
587,http://snomed.info/id/373536004,http://ncicb.nci.nih.gov/xml/owl/EVS/Thesaurus.owl+ACM-C49184,1
588,http://snomed.info/id/319848004,http://ncicb.nci.nih.gov/xml/owl/EVS/Thesaurus.owl+ACM-C78311,1
589,http://snomed.info/id/396048008,http://ncicb.nci.nih.gov/xml/owl/EVS/Thesaurus.owl+ACM-C78311,1
590,http://snomed.info/id/111126006,http://ncicb.nci.nih.gov/xml/owl/EVS/Thesaurus.owl+ACM-C29756,1
591,http://snomed.info/id/400660004,http://ncicb.nci.nih.gov/xml/owl/EVS/Thesaurus.owl+ACM-C29756,1
592,http://snomed.info/id/108823002,http://ncicb.nci.nih.gov/xml/owl/EVS/Thesaurus.owl+ACM-C2080,1
593,http://snomed.info/id/386923005,http://ncicb.nci.nih.gov/xml/owl/EVS/Thesaurus.owl+ACM-C2080,1
594,http://snomed.info/id/419766000,http://ncicb.nci.nih.gov/xml/owl/EVS/Thesaurus.owl+ACM-C1590,1
595,http://snomed.info/id/326748008,http://ncicb.nci.nih.gov/xml/owl/EVS/Thesaurus.owl+ACM-C1590,1
596,http://snomed.info/id/96147003,http://ncicb.nci.nih.gov/xml/owl/EVS/Thesaurus.owl+ACM-C277,1
597,http://snomed.info/id/52850008,http://ncicb.nci.nih.gov/xml/owl/EVS/Thesaurus.owl+ACM-C38149,1
598,http://snomed.info/id/63203003,http://ncicb.nci.nih.gov/xml/owl/EVS/Thesaurus.owl+ACM-C448,1
599,http://snomed.info/id/51739000,http://ncicb.nci.nih.gov/xml/owl/EVS/Thesaurus.owl+ACM-C263,1
600,http://snomed.info/id/391873006,http://ncicb.nci.nih.gov/xml/owl/EVS/Thesaurus.owl+ACM-C241,1
601,http://snomed.info/id/22005007,http://ncicb.nci.nih.gov/xml/owl/EVS/Thesaurus.owl+ACM-C241,1
602,http://snomed.info/id/53246002,http://ncicb.nci.nih.gov/xml/owl/EVS/Thesaurus.owl+ACM-C45678,1
603,http://snomed.info/id/389103009,http://ncicb.nci.nih.gov/xml/owl/EVS/Thesaurus.owl+ACM-C28269,1
604,http://snomed.info/id/255763000,http://ncicb.nci.nih.gov/xml/owl/EVS/Thesaurus.owl+ACM-C45678,1
605,http://snomed.info/id/763883001,http://ncicb.nci.nih.gov/xml/owl/EVS/Thesaurus.owl+ACM-C45678,1
606,http://snomed.info/id/7235000,http://ncicb.nci.nih.gov/xml/owl/EVS/Thesaurus.owl+ACM-C45678,1
607,http://snomed.info/id/74905005,http://ncicb.nci.nih.gov/xml/owl/EVS/Thesaurus.owl+ACM-C67413,1
608,http://snomed.info/id/96255000,http://ncicb.nci.nih.gov/xml/owl/EVS/Thesaurus.owl+ACM-C29747,1
609,http://snomed.info/id/126105006,http://ncicb.nci.nih.gov/xml/owl/EVS/Thesaurus.owl+ACM-C776,1
610,http://snomed.info/id/420702005,http://ncicb.nci.nih.gov/xml/owl/EVS/Thesaurus.owl+ACM-C443,1
611,http://snomed.info/id/96284009,http://ncicb.nci.nih.gov/xml/owl/EVS/Thesaurus.owl+ACM-C67439,1
612,http://snomed.info/id/56928005,http://ncicb.nci.nih.gov/xml/owl/EVS/Thesaurus.owl+ACM-C1331,1
613,http://snomed.info/id/387316009,http://ncicb.nci.nih.gov/xml/owl/EVS/Thesaurus.owl+ACM-C1331,1
614,http://snomed.info/id/96188003,http://ncicb.nci.nih.gov/xml/owl/EVS/Thesaurus.owl+ACM-C67413,1
615,http://snomed.info/id/386937001,http://ncicb.nci.nih.gov/xml/owl/EVS/Thesaurus.owl+ACM-C804,1
616,http://snomed.info/id/108912002,http://ncicb.nci.nih.gov/xml/owl/EVS/Thesaurus.owl+ACM-C804,1
617,http://snomed.info/id/39128000,http://ncicb.nci.nih.gov/xml/owl/EVS/Thesaurus.owl+ACM-C29702,1
618,http://snomed.info/id/387211002,http://ncicb.nci.nih.gov/xml/owl/EVS/Thesaurus.owl+ACM-C29702,1
619,http://snomed.info/id/420069006,http://ncicb.nci.nih.gov/xml/owl/EVS/Thesaurus.owl+ACM-C275,1
620,http://snomed.info/id/386863007,http://ncicb.nci.nih.gov/xml/owl/EVS/Thesaurus.owl+ACM-C333,1
621,http://snomed.info/id/108535009,http://ncicb.nci.nih.gov/xml/owl/EVS/Thesaurus.owl+ACM-C333,1
622,http://snomed.info/id/395943007,http://ncicb.nci.nih.gov/xml/owl/EVS/Thesaurus.owl+ACM-C80212,1
623,http://snomed.info/id/322300008,http://ncicb.nci.nih.gov/xml/owl/EVS/Thesaurus.owl+ACM-C1012,1
624,http://snomed.info/id/96134008,http://ncicb.nci.nih.gov/xml/owl/EVS/Thesaurus.owl+ACM-C250,1
625,http://snomed.info/id/373525006,http://ncicb.nci.nih.gov/xml/owl/EVS/Thesaurus.owl+ACM-C1323,1
626,http://snomed.info/id/71798005,http://ncicb.nci.nih.gov/xml/owl/EVS/Thesaurus.owl+ACM-C1323,1
627,http://snomed.info/id/349924004,http://ncicb.nci.nih.gov/xml/owl/EVS/Thesaurus.owl+ACM-C319,1
628,http://snomed.info/id/395976006,http://ncicb.nci.nih.gov/xml/owl/EVS/Thesaurus.owl+ACM-C319,1
629,http://snomed.info/id/712690002,http://ncicb.nci.nih.gov/xml/owl/EVS/Thesaurus.owl+ACM-C29707,1
630,http://snomed.info/id/40648001,http://ncicb.nci.nih.gov/xml/owl/EVS/Thesaurus.owl+ACM-C67413,1
631,http://snomed.info/id/373492002,http://ncicb.nci.nih.gov/xml/owl/EVS/Thesaurus.owl+ACM-C67413,1
632,http://snomed.info/id/372742009,http://ncicb.nci.nih.gov/xml/owl/EVS/Thesaurus.owl+ACM-C78275,1
633,http://snomed.info/id/303960004,http://ncicb.nci.nih.gov/xml/owl/EVS/Thesaurus.owl+ACM-C78275,1
634,http://snomed.info/id/346441008,http://ncicb.nci.nih.gov/xml/owl/EVS/Thesaurus.owl+ACM-C1505,1
635,http://snomed.info/id/735341005,http://ncicb.nci.nih.gov/xml/owl/EVS/Thesaurus.owl+ACM-C1505,1
636,http://snomed.info/id/46576005,http://ncicb.nci.nih.gov/xml/owl/EVS/Thesaurus.owl+ACM-C47793,1
637,http://snomed.info/id/372751001,http://ncicb.nci.nih.gov/xml/owl/EVS/Thesaurus.owl+ACM-C93038,1
638,http://snomed.info/id/387174006,http://ncicb.nci.nih.gov/xml/owl/EVS/Thesaurus.owl+ACM-C514,1
639,http://snomed.info/id/31865003,http://ncicb.nci.nih.gov/xml/owl/EVS/Thesaurus.owl+ACM-C514,1
640,http://snomed.info/id/28506006,http://ncicb.nci.nih.gov/xml/owl/EVS/Thesaurus.owl+ACM-C1557,1
641,http://snomed.info/id/387155003,http://ncicb.nci.nih.gov/xml/owl/EVS/Thesaurus.owl+ACM-C1557,1
642,http://snomed.info/id/1156232002,http://ncicb.nci.nih.gov/xml/owl/EVS/Thesaurus.owl+ACM-C1323,1
643,http://snomed.info/id/96247007,http://ncicb.nci.nih.gov/xml/owl/EVS/Thesaurus.owl+ACM-C1012,1
644,http://snomed.info/id/387575000,http://ncicb.nci.nih.gov/xml/owl/EVS/Thesaurus.owl+ACM-C1012,1
645,http://snomed.info/id/418221001,http://ncicb.nci.nih.gov/xml/owl/EVS/Thesaurus.owl+ACM-C333,1
646,http://snomed.info/id/396059004,http://ncicb.nci.nih.gov/xml/owl/EVS/Thesaurus.owl+ACM-C521,1
647,http://snomed.info/id/18125000,http://ncicb.nci.nih.gov/xml/owl/EVS/Thesaurus.owl+ACM-C521,1
648,http://snomed.info/id/396060009,http://ncicb.nci.nih.gov/xml/owl/EVS/Thesaurus.owl+ACM-C521,1
649,http://snomed.info/id/116590000,http://ncicb.nci.nih.gov/xml/owl/EVS/Thesaurus.owl+ACM-C521,1
650,http://snomed.info/id/396061008,http://ncicb.nci.nih.gov/xml/owl/EVS/Thesaurus.owl+ACM-C521,1
651,http://snomed.info/id/427266008,http://ncicb.nci.nih.gov/xml/owl/EVS/Thesaurus.owl+ACM-C521,1
652,http://snomed.info/id/387432008,http://ncicb.nci.nih.gov/xml/owl/EVS/Thesaurus.owl+ACM-C1557,1
653,http://snomed.info/id/75927008,http://ncicb.nci.nih.gov/xml/owl/EVS/Thesaurus.owl+ACM-C1557,1
654,http://snomed.info/id/2925007,http://ncicb.nci.nih.gov/xml/owl/EVS/Thesaurus.owl+ACM-C521,1
655,http://snomed.info/id/108851006,http://ncicb.nci.nih.gov/xml/owl/EVS/Thesaurus.owl+ACM-C521,1
656,http://snomed.info/id/387172005,http://ncicb.nci.nih.gov/xml/owl/EVS/Thesaurus.owl+ACM-C1557,1
657,http://snomed.info/id/3127006,http://ncicb.nci.nih.gov/xml/owl/EVS/Thesaurus.owl+ACM-C1557,1
658,http://snomed.info/id/53640004,http://ncicb.nci.nih.gov/xml/owl/EVS/Thesaurus.owl+ACM-C94725,1
659,http://snomed.info/id/372767007,http://ncicb.nci.nih.gov/xml/owl/EVS/Thesaurus.owl+ACM-C94725,1
660,http://snomed.info/id/96220002,http://ncicb.nci.nih.gov/xml/owl/EVS/Thesaurus.owl+ACM-C66885,1
661,http://snomed.info/id/387567006,http://ncicb.nci.nih.gov/xml/owl/EVS/Thesaurus.owl+ACM-C66883,1
662,http://snomed.info/id/41365009,http://ncicb.nci.nih.gov/xml/owl/EVS/Thesaurus.owl+ACM-C29710,1
663,http://snomed.info/id/372730004,http://ncicb.nci.nih.gov/xml/owl/EVS/Thesaurus.owl+ACM-C29710,1
664,http://snomed.info/id/19403009,http://ncicb.nci.nih.gov/xml/owl/EVS/Thesaurus.owl+ACM-C1012,1
665,http://snomed.info/id/387109000,http://ncicb.nci.nih.gov/xml/owl/EVS/Thesaurus.owl+ACM-C1012,1
666,http://snomed.info/id/373506008,http://ncicb.nci.nih.gov/xml/owl/EVS/Thesaurus.owl+ACM-C29577,1
667,http://snomed.info/id/54344006,http://ncicb.nci.nih.gov/xml/owl/EVS/Thesaurus.owl+ACM-C1323,1
668,http://snomed.info/id/6261006,http://ncicb.nci.nih.gov/xml/owl/EVS/Thesaurus.owl+ACM-C47795,1
669,http://snomed.info/id/321692003,http://ncicb.nci.nih.gov/xml/owl/EVS/Thesaurus.owl+ACM-C29710,1
670,http://snomed.info/id/419373008,http://ncicb.nci.nih.gov/xml/owl/EVS/Thesaurus.owl+ACM-C29710,1
671,http://snomed.info/id/58202007,http://ncicb.nci.nih.gov/xml/owl/EVS/Thesaurus.owl+ACM-C68479,1
672,http://snomed.info/id/39860005,http://ncicb.nci.nih.gov/xml/owl/EVS/Thesaurus.owl+ACM-C68479,1
673,http://snomed.info/id/421459003,http://ncicb.nci.nih.gov/xml/owl/EVS/Thesaurus.owl+ACM-C1557,1
674,http://snomed.info/id/395897006,http://ncicb.nci.nih.gov/xml/owl/EVS/Thesaurus.owl+ACM-C2021,1
675,http://snomed.info/id/387475002,http://ncicb.nci.nih.gov/xml/owl/EVS/Thesaurus.owl+ACM-C49184,1
676,http://snomed.info/id/81609008,http://ncicb.nci.nih.gov/xml/owl/EVS/Thesaurus.owl+ACM-C49184,1
677,http://snomed.info/id/712686004,http://ncicb.nci.nih.gov/xml/owl/EVS/Thesaurus.owl+ACM-C1505,1
678,http://snomed.info/id/259100002,http://ncicb.nci.nih.gov/xml/owl/EVS/Thesaurus.owl+ACM-C687,1
679,http://snomed.info/id/387435005,http://ncicb.nci.nih.gov/xml/owl/EVS/Thesaurus.owl+ACM-C66880,1
680,http://snomed.info/id/76286000,http://ncicb.nci.nih.gov/xml/owl/EVS/Thesaurus.owl+ACM-C66880,1
681,http://snomed.info/id/387097006,http://ncicb.nci.nih.gov/xml/owl/EVS/Thesaurus.owl+ACM-C29696,1
682,http://snomed.info/id/703433005,http://ncicb.nci.nih.gov/xml/owl/EVS/Thesaurus.owl+ACM-C333,1
683,http://snomed.info/id/372848001,http://ncicb.nci.nih.gov/xml/owl/EVS/Thesaurus.owl+ACM-C1556,1
684,http://snomed.info/id/76587005,http://ncicb.nci.nih.gov/xml/owl/EVS/Thesaurus.owl+ACM-C1556,1
685,http://snomed.info/id/78025001,http://ncicb.nci.nih.gov/xml/owl/EVS/Thesaurus.owl+ACM-C1556,1
686,http://snomed.info/id/31310007,http://ncicb.nci.nih.gov/xml/owl/EVS/Thesaurus.owl+ACM-C616,1
687,http://snomed.info/id/35282000,http://ncicb.nci.nih.gov/xml/owl/EVS/Thesaurus.owl+ACM-C98150,1
688,http://snomed.info/id/387189002,http://ncicb.nci.nih.gov/xml/owl/EVS/Thesaurus.owl+ACM-C98150,1
689,http://snomed.info/id/73803009,http://ncicb.nci.nih.gov/xml/owl/EVS/Thesaurus.owl+ACM-C277,1
690,http://snomed.info/id/384978002,http://ncicb.nci.nih.gov/xml/owl/EVS/Thesaurus.owl+ACM-C97936,1
691,http://snomed.info/id/80870001,http://ncicb.nci.nih.gov/xml/owl/EVS/Thesaurus.owl+ACM-C97936,1
692,http://snomed.info/id/395731001,http://ncicb.nci.nih.gov/xml/owl/EVS/Thesaurus.owl+ACM-C97936,1
693,http://snomed.info/id/325238000,http://ncicb.nci.nih.gov/xml/owl/EVS/Thesaurus.owl+ACM-C97936,1
694,http://snomed.info/id/387143009,http://ncicb.nci.nih.gov/xml/owl/EVS/Thesaurus.owl+ACM-C97936,1
695,http://snomed.info/id/26124005,http://ncicb.nci.nih.gov/xml/owl/EVS/Thesaurus.owl+ACM-C97936,1
696,http://snomed.info/id/408111007,http://ncicb.nci.nih.gov/xml/owl/EVS/Thesaurus.owl+ACM-C1505,1
697,http://snomed.info/id/70237008,http://ncicb.nci.nih.gov/xml/owl/EVS/Thesaurus.owl+ACM-C1505,1
698,http://snomed.info/id/734505004,http://ncicb.nci.nih.gov/xml/owl/EVS/Thesaurus.owl+ACM-C1505,1
699,http://snomed.info/id/725859007,http://ncicb.nci.nih.gov/xml/owl/EVS/Thesaurus.owl+ACM-C344,1
700,http://snomed.info/id/83143006,http://ncicb.nci.nih.gov/xml/owl/EVS/Thesaurus.owl+ACM-C29756,1
701,http://snomed.info/id/71759000,http://ncicb.nci.nih.gov/xml/owl/EVS/Thesaurus.owl+ACM-C29707,1
702,http://snomed.info/id/387404004,http://ncicb.nci.nih.gov/xml/owl/EVS/Thesaurus.owl+ACM-C29707,1
703,http://snomed.info/id/96314001,http://ncicb.nci.nih.gov/xml/owl/EVS/Thesaurus.owl+ACM-C843,1
704,http://snomed.info/id/414357000,http://ncicb.nci.nih.gov/xml/owl/EVS/Thesaurus.owl+ACM-C54678,1
705,http://snomed.info/id/414356009,http://ncicb.nci.nih.gov/xml/owl/EVS/Thesaurus.owl+ACM-C54678,1
706,http://snomed.info/id/21880003,http://ncicb.nci.nih.gov/xml/owl/EVS/Thesaurus.owl+ACM-C574,1
707,http://snomed.info/id/768512005,http://ncicb.nci.nih.gov/xml/owl/EVS/Thesaurus.owl+ACM-C574,1
708,http://snomed.info/id/68702006,http://ncicb.nci.nih.gov/xml/owl/EVS/Thesaurus.owl+ACM-C2089,1
709,http://snomed.info/id/387380005,http://ncicb.nci.nih.gov/xml/owl/EVS/Thesaurus.owl+ACM-C2089,1
710,http://snomed.info/id/3757009,http://ncicb.nci.nih.gov/xml/owl/EVS/Thesaurus.owl+ACM-C2089,1
711,http://snomed.info/id/64349004,http://ncicb.nci.nih.gov/xml/owl/EVS/Thesaurus.owl+ACM-C514,1
712,http://snomed.info/id/372807004,http://ncicb.nci.nih.gov/xml/owl/EVS/Thesaurus.owl+ACM-C514,1
713,http://snomed.info/id/67636005,http://ncicb.nci.nih.gov/xml/owl/EVS/Thesaurus.owl+ACM-C28394,1
714,http://snomed.info/id/424656002,http://ncicb.nci.nih.gov/xml/owl/EVS/Thesaurus.owl+ACM-C29767,1
715,http://snomed.info/id/87174009,http://ncicb.nci.nih.gov/xml/owl/EVS/Thesaurus.owl+ACM-C29767,1
716,http://snomed.info/id/386184000,http://ncicb.nci.nih.gov/xml/owl/EVS/Thesaurus.owl+ACM-C29767,1
717,http://snomed.info/id/387456007,http://ncicb.nci.nih.gov/xml/owl/EVS/Thesaurus.owl+ACM-C270,1
718,http://snomed.info/id/79305004,http://ncicb.nci.nih.gov/xml/owl/EVS/Thesaurus.owl+ACM-C270,1
719,http://snomed.info/id/529003,http://ncicb.nci.nih.gov/xml/owl/EVS/Thesaurus.owl+ACM-C707,1
720,http://snomed.info/id/395735005,http://ncicb.nci.nih.gov/xml/owl/EVS/Thesaurus.owl+ACM-C521,1
721,http://snomed.info/id/29058003,http://ncicb.nci.nih.gov/xml/owl/EVS/Thesaurus.owl+ACM-C521,1
722,http://snomed.info/id/10756001,http://ncicb.nci.nih.gov/xml/owl/EVS/Thesaurus.owl+ACM-C66883,1
723,http://snomed.info/id/386837002,http://ncicb.nci.nih.gov/xml/owl/EVS/Thesaurus.owl+ACM-C66883,1
724,http://snomed.info/id/42013002,http://ncicb.nci.nih.gov/xml/owl/EVS/Thesaurus.owl+ACM-C667,1
725,http://snomed.info/id/87233003,http://ncicb.nci.nih.gov/xml/owl/EVS/Thesaurus.owl+ACM-C263,1
726,http://snomed.info/id/373294004,http://ncicb.nci.nih.gov/xml/owl/EVS/Thesaurus.owl+ACM-C263,1
727,http://snomed.info/id/82131004,http://ncicb.nci.nih.gov/xml/owl/EVS/Thesaurus.owl+ACM-C67084,1
728,http://snomed.info/id/96259006,http://ncicb.nci.nih.gov/xml/owl/EVS/Thesaurus.owl+ACM-C78322,1
729,http://snomed.info/id/387103004,http://ncicb.nci.nih.gov/xml/owl/EVS/Thesaurus.owl+ACM-C28394,1
730,http://snomed.info/id/1878008,http://ncicb.nci.nih.gov/xml/owl/EVS/Thesaurus.owl+ACM-C28394,1
731,http://snomed.info/id/118258004,http://ncicb.nci.nih.gov/xml/owl/EVS/Thesaurus.owl+ACM-C802,1
732,http://snomed.info/id/2497003,http://ncicb.nci.nih.gov/xml/owl/EVS/Thesaurus.owl+ACM-C28394,1
733,http://snomed.info/id/387132001,http://ncicb.nci.nih.gov/xml/owl/EVS/Thesaurus.owl+ACM-C28394,1
734,http://snomed.info/id/81362008,http://ncicb.nci.nih.gov/xml/owl/EVS/Thesaurus.owl+ACM-C67084,1
735,http://snomed.info/id/423380000,http://ncicb.nci.nih.gov/xml/owl/EVS/Thesaurus.owl+ACM-C67084,1
736,http://snomed.info/id/710319000,http://ncicb.nci.nih.gov/xml/owl/EVS/Thesaurus.owl+ACM-C29707,1
737,http://snomed.info/id/411201006,http://ncicb.nci.nih.gov/xml/owl/EVS/Thesaurus.owl+ACM-C28394,1
738,http://snomed.info/id/54086007,http://ncicb.nci.nih.gov/xml/owl/EVS/Thesaurus.owl+ACM-C28394,1
739,http://snomed.info/id/22696000,http://ncicb.nci.nih.gov/xml/owl/EVS/Thesaurus.owl+ACM-C270,1
740,http://snomed.info/id/387125005,http://ncicb.nci.nih.gov/xml/owl/EVS/Thesaurus.owl+ACM-C270,1
741,http://snomed.info/id/387525002,http://ncicb.nci.nih.gov/xml/owl/EVS/Thesaurus.owl+ACM-C49185,1
742,http://snomed.info/id/91667005,http://ncicb.nci.nih.gov/xml/owl/EVS/Thesaurus.owl+ACM-C49185,1
743,http://snomed.info/id/20320002,http://ncicb.nci.nih.gov/xml/owl/EVS/Thesaurus.owl+ACM-C67413,1
744,http://snomed.info/id/372671002,http://ncicb.nci.nih.gov/xml/owl/EVS/Thesaurus.owl+ACM-C67413,1
745,http://snomed.info/id/395946004,http://ncicb.nci.nih.gov/xml/owl/EVS/Thesaurus.owl+ACM-C49185,1
746,http://snomed.info/id/18914005,http://ncicb.nci.nih.gov/xml/owl/EVS/Thesaurus.owl+ACM-C49185,1
747,http://snomed.info/id/387422001,http://ncicb.nci.nih.gov/xml/owl/EVS/Thesaurus.owl+ACM-C45175,1
748,http://snomed.info/id/74583006,http://ncicb.nci.nih.gov/xml/owl/EVS/Thesaurus.owl+ACM-C45175,1
749,http://snomed.info/id/83490000,http://ncicb.nci.nih.gov/xml/owl/EVS/Thesaurus.owl+ACM-C271,1
750,http://snomed.info/id/373540008,http://ncicb.nci.nih.gov/xml/owl/EVS/Thesaurus.owl+ACM-C271,1
751,http://snomed.info/id/418938005,http://ncicb.nci.nih.gov/xml/owl/EVS/Thesaurus.owl+ACM-C314,1
752,http://snomed.info/id/50094009,http://ncicb.nci.nih.gov/xml/owl/EVS/Thesaurus.owl+ACM-C314,1
753,http://snomed.info/id/387274000,http://ncicb.nci.nih.gov/xml/owl/EVS/Thesaurus.owl+ACM-C314,1
754,http://snomed.info/id/387314007,http://ncicb.nci.nih.gov/xml/owl/EVS/Thesaurus.owl+ACM-C2150,1
755,http://snomed.info/id/56602009,http://ncicb.nci.nih.gov/xml/owl/EVS/Thesaurus.owl+ACM-C2150,1
756,http://snomed.info/id/80165005,http://ncicb.nci.nih.gov/xml/owl/EVS/Thesaurus.owl+ACM-C29578,1
757,http://snomed.info/id/372856003,http://ncicb.nci.nih.gov/xml/owl/EVS/Thesaurus.owl+ACM-C29578,1
758,http://snomed.info/id/387207008,http://ncicb.nci.nih.gov/xml/owl/EVS/Thesaurus.owl+ACM-C1323,1
759,http://snomed.info/id/38268001,http://ncicb.nci.nih.gov/xml/owl/EVS/Thesaurus.owl+ACM-C1323,1
760,http://snomed.info/id/108786002,http://ncicb.nci.nih.gov/xml/owl/EVS/Thesaurus.owl+ACM-C1594,1
761,http://snomed.info/id/372539000,http://ncicb.nci.nih.gov/xml/owl/EVS/Thesaurus.owl+ACM-C1594,1
762,http://snomed.info/id/386904003,http://ncicb.nci.nih.gov/xml/owl/EVS/Thesaurus.owl+ACM-C697,1
763,http://snomed.info/id/108757000,http://ncicb.nci.nih.gov/xml/owl/EVS/Thesaurus.owl+ACM-C697,1
764,http://snomed.info/id/373558002,http://ncicb.nci.nih.gov/xml/owl/EVS/Thesaurus.owl+ACM-C277,1
765,http://snomed.info/id/96108000,http://ncicb.nci.nih.gov/xml/owl/EVS/Thesaurus.owl+ACM-C277,1
766,http://snomed.info/id/36113004,http://ncicb.nci.nih.gov/xml/owl/EVS/Thesaurus.owl+ACM-C94727,1
767,http://snomed.info/id/372718005,http://ncicb.nci.nih.gov/xml/owl/EVS/Thesaurus.owl+ACM-C94727,1
768,http://snomed.info/id/74213004,http://ncicb.nci.nih.gov/xml/owl/EVS/Thesaurus.owl+ACM-C49185,1
769,http://snomed.info/id/387419003,http://ncicb.nci.nih.gov/xml/owl/EVS/Thesaurus.owl+ACM-C49185,1
770,http://snomed.info/id/18858006,http://ncicb.nci.nih.gov/xml/owl/EVS/Thesaurus.owl+ACM-C54060,1
771,http://snomed.info/id/373513008,http://ncicb.nci.nih.gov/xml/owl/EVS/Thesaurus.owl+ACM-C1323,1
772,http://snomed.info/id/60149003,http://ncicb.nci.nih.gov/xml/owl/EVS/Thesaurus.owl+ACM-C1323,1
773,http://snomed.info/id/102640000,http://ncicb.nci.nih.gov/xml/owl/EVS/Thesaurus.owl+ACM-C707,1
774,http://snomed.info/id/387291001,http://ncicb.nci.nih.gov/xml/owl/EVS/Thesaurus.owl+ACM-C1742,1
775,http://snomed.info/id/52896000,http://ncicb.nci.nih.gov/xml/owl/EVS/Thesaurus.owl+ACM-C1742,1
776,http://snomed.info/id/96385008,http://ncicb.nci.nih.gov/xml/owl/EVS/Thesaurus.owl+ACM-C258,1
777,http://snomed.info/id/317849003,http://ncicb.nci.nih.gov/xml/owl/EVS/Thesaurus.owl+ACM-C29767,1
778,http://snomed.info/id/47937008,http://ncicb.nci.nih.gov/xml/owl/EVS/Thesaurus.owl+ACM-C29767,1
779,http://snomed.info/id/372591000,http://ncicb.nci.nih.gov/xml/owl/EVS/Thesaurus.owl+ACM-C29767,1
780,http://snomed.info/id/321826008,http://ncicb.nci.nih.gov/xml/owl/EVS/Thesaurus.owl+ACM-C94727,1
781,http://snomed.info/id/419144003,http://ncicb.nci.nih.gov/xml/owl/EVS/Thesaurus.owl+ACM-C94727,1
782,http://snomed.info/id/387438007,http://ncicb.nci.nih.gov/xml/owl/EVS/Thesaurus.owl+ACM-C667,1
783,http://snomed.info/id/76962009,http://ncicb.nci.nih.gov/xml/owl/EVS/Thesaurus.owl+ACM-C667,1
784,http://snomed.info/id/96103009,http://ncicb.nci.nih.gov/xml/owl/EVS/Thesaurus.owl+ACM-C277,1
785,http://snomed.info/id/373557007,http://ncicb.nci.nih.gov/xml/owl/EVS/Thesaurus.owl+ACM-C277,1
786,http://snomed.info/id/387118003,http://ncicb.nci.nih.gov/xml/owl/EVS/Thesaurus.owl+ACM-C1505,1
787,http://snomed.info/id/21767006,http://ncicb.nci.nih.gov/xml/owl/EVS/Thesaurus.owl+ACM-C1505,1
788,http://snomed.info/id/29877002,http://ncicb.nci.nih.gov/xml/owl/EVS/Thesaurus.owl+ACM-C667,1
789,http://snomed.info/id/387161000,http://ncicb.nci.nih.gov/xml/owl/EVS/Thesaurus.owl+ACM-C667,1
790,http://snomed.info/id/386181008,http://ncicb.nci.nih.gov/xml/owl/EVS/Thesaurus.owl+ACM-C319,1
791,http://snomed.info/id/66004009,http://ncicb.nci.nih.gov/xml/owl/EVS/Thesaurus.owl+ACM-C319,1
792,http://snomed.info/id/81860007,http://ncicb.nci.nih.gov/xml/owl/EVS/Thesaurus.owl+ACM-C319,1
793,http://snomed.info/id/324757004,http://ncicb.nci.nih.gov/xml/owl/EVS/Thesaurus.owl+ACM-C2139,1
794,http://snomed.info/id/395749001,http://ncicb.nci.nih.gov/xml/owl/EVS/Thesaurus.owl+ACM-C2139,1
795,http://snomed.info/id/34657002,http://ncicb.nci.nih.gov/xml/owl/EVS/Thesaurus.owl+ACM-C66880,1
796,http://snomed.info/id/414547000,http://ncicb.nci.nih.gov/xml/owl/EVS/Thesaurus.owl+ACM-C218,1
797,http://snomed.info/id/259268001,http://ncicb.nci.nih.gov/xml/owl/EVS/Thesaurus.owl+ACM-C218,1
798,http://snomed.info/id/57845006,http://ncicb.nci.nih.gov/xml/owl/EVS/Thesaurus.owl+ACM-C319,1
799,http://snomed.info/id/372781009,http://ncicb.nci.nih.gov/xml/owl/EVS/Thesaurus.owl+ACM-C319,1
800,http://snomed.info/id/108478001,http://ncicb.nci.nih.gov/xml/owl/EVS/Thesaurus.owl+ACM-C29707,1
801,http://snomed.info/id/386853004,http://ncicb.nci.nih.gov/xml/owl/EVS/Thesaurus.owl+ACM-C29707,1
802,http://snomed.info/id/387332007,http://ncicb.nci.nih.gov/xml/owl/EVS/Thesaurus.owl+ACM-C29707,1
803,http://snomed.info/id/38314008,http://ncicb.nci.nih.gov/xml/owl/EVS/Thesaurus.owl+ACM-C804,1
804,http://snomed.info/id/387208003,http://ncicb.nci.nih.gov/xml/owl/EVS/Thesaurus.owl+ACM-C804,1
805,http://snomed.info/id/68774008,http://ncicb.nci.nih.gov/xml/owl/EVS/Thesaurus.owl+ACM-C29707,1
806,http://snomed.info/id/372818004,http://ncicb.nci.nih.gov/xml/owl/EVS/Thesaurus.owl+ACM-C29707,1
807,http://snomed.info/id/96138006,http://ncicb.nci.nih.gov/xml/owl/EVS/Thesaurus.owl+ACM-C250,1
808,http://snomed.info/id/387559003,http://ncicb.nci.nih.gov/xml/owl/EVS/Thesaurus.owl+ACM-C250,1
809,http://snomed.info/id/354034000,http://ncicb.nci.nih.gov/xml/owl/EVS/Thesaurus.owl+ACM-C106105,1
810,http://snomed.info/id/42033003,http://ncicb.nci.nih.gov/xml/owl/EVS/Thesaurus.owl+ACM-C106105,1
811,http://snomed.info/id/442141001,http://ncicb.nci.nih.gov/xml/owl/EVS/Thesaurus.owl+ACM-C66885,1
812,http://snomed.info/id/441818008,http://ncicb.nci.nih.gov/xml/owl/EVS/Thesaurus.owl+ACM-C66885,1
813,http://snomed.info/id/40232005,http://ncicb.nci.nih.gov/xml/owl/EVS/Thesaurus.owl+ACM-C2018,1
814,http://snomed.info/id/387216007,http://ncicb.nci.nih.gov/xml/owl/EVS/Thesaurus.owl+ACM-C2018,1
815,http://snomed.info/id/10099000,http://ncicb.nci.nih.gov/xml/owl/EVS/Thesaurus.owl+ACM-C257,1
816,http://snomed.info/id/386832008,http://ncicb.nci.nih.gov/xml/owl/EVS/Thesaurus.owl+ACM-C257,1
817,http://snomed.info/id/354038002,http://ncicb.nci.nih.gov/xml/owl/EVS/Thesaurus.owl+ACM-C29578,1
818,http://snomed.info/id/372642003,http://ncicb.nci.nih.gov/xml/owl/EVS/Thesaurus.owl+ACM-C29578,1
819,http://snomed.info/id/63869009,http://ncicb.nci.nih.gov/xml/owl/EVS/Thesaurus.owl+ACM-C45597,1
820,http://snomed.info/id/372750000,http://ncicb.nci.nih.gov/xml/owl/EVS/Thesaurus.owl+ACM-C72900,1
821,http://snomed.info/id/46547007,http://ncicb.nci.nih.gov/xml/owl/EVS/Thesaurus.owl+ACM-C72900,1
822,http://snomed.info/id/111137007,http://ncicb.nci.nih.gov/xml/owl/EVS/Thesaurus.owl+ACM-C29697,1
823,http://snomed.info/id/273945008,http://ncicb.nci.nih.gov/xml/owl/EVS/Thesaurus.owl+ACM-C29697,1
824,http://snomed.info/id/42416001,http://ncicb.nci.nih.gov/xml/owl/EVS/Thesaurus.owl+ACM-C106128,1
825,http://snomed.info/id/65868004,http://ncicb.nci.nih.gov/xml/owl/EVS/Thesaurus.owl+ACM-C29710,1
826,http://snomed.info/id/73436000,http://ncicb.nci.nih.gov/xml/owl/EVS/Thesaurus.owl+ACM-C66884,1
827,http://snomed.info/id/17008002,http://ncicb.nci.nih.gov/xml/owl/EVS/Thesaurus.owl+ACM-C681,1
828,http://snomed.info/id/387296006,http://ncicb.nci.nih.gov/xml/owl/EVS/Thesaurus.owl+ACM-C2141,1
829,http://snomed.info/id/54391004,http://ncicb.nci.nih.gov/xml/owl/EVS/Thesaurus.owl+ACM-C2141,1
830,http://snomed.info/id/50335004,http://ncicb.nci.nih.gov/xml/owl/EVS/Thesaurus.owl+ACM-C67413,1
831,http://snomed.info/id/387275004,http://ncicb.nci.nih.gov/xml/owl/EVS/Thesaurus.owl+ACM-C67413,1
832,http://snomed.info/id/82573000,http://ncicb.nci.nih.gov/xml/owl/EVS/Thesaurus.owl+ACM-C93038,1
833,http://snomed.info/id/387480006,http://ncicb.nci.nih.gov/xml/owl/EVS/Thesaurus.owl+ACM-C93038,1
834,http://snomed.info/id/418865004,http://ncicb.nci.nih.gov/xml/owl/EVS/Thesaurus.owl+ACM-C333,1
835,http://snomed.info/id/319206000,http://ncicb.nci.nih.gov/xml/owl/EVS/Thesaurus.owl+ACM-C333,1
836,http://snomed.info/id/395770007,http://ncicb.nci.nih.gov/xml/owl/EVS/Thesaurus.owl+ACM-C38149,1
837,http://snomed.info/id/349894007,http://ncicb.nci.nih.gov/xml/owl/EVS/Thesaurus.owl+ACM-C38149,1
838,http://snomed.info/id/91403002,http://ncicb.nci.nih.gov/xml/owl/EVS/Thesaurus.owl+ACM-C73579,1
839,http://snomed.info/id/40999006,http://ncicb.nci.nih.gov/xml/owl/EVS/Thesaurus.owl+ACM-C699,1
840,http://snomed.info/id/387227009,http://ncicb.nci.nih.gov/xml/owl/EVS/Thesaurus.owl+ACM-C699,1
841,http://snomed.info/id/116726003,http://ncicb.nci.nih.gov/xml/owl/EVS/Thesaurus.owl+ACM-C1506,1
842,http://snomed.info/id/387040009,http://ncicb.nci.nih.gov/xml/owl/EVS/Thesaurus.owl+ACM-C1506,1
843,http://snomed.info/id/387106007,http://ncicb.nci.nih.gov/xml/owl/EVS/Thesaurus.owl+ACM-C1012,1
844,http://snomed.info/id/19225000,http://ncicb.nci.nih.gov/xml/owl/EVS/Thesaurus.owl+ACM-C1012,1
845,http://snomed.info/id/386024001,http://ncicb.nci.nih.gov/xml/owl/EVS/Thesaurus.owl+ACM-C1655,1
846,http://snomed.info/id/96303004,http://ncicb.nci.nih.gov/xml/owl/EVS/Thesaurus.owl+ACM-C54679,1
847,http://snomed.info/id/372789006,http://ncicb.nci.nih.gov/xml/owl/EVS/Thesaurus.owl+ACM-C29710,1
848,http://snomed.info/id/59270007,http://ncicb.nci.nih.gov/xml/owl/EVS/Thesaurus.owl+ACM-C29710,1
849,http://snomed.info/id/30745005,http://ncicb.nci.nih.gov/xml/owl/EVS/Thesaurus.owl+ACM-C29710,1
850,http://snomed.info/id/68310009,http://ncicb.nci.nih.gov/xml/owl/EVS/Thesaurus.owl+ACM-C250,1
851,http://snomed.info/id/418834008,http://ncicb.nci.nih.gov/xml/owl/EVS/Thesaurus.owl+ACM-C1505,1
852,http://snomed.info/id/418834008,http://ncicb.nci.nih.gov/xml/owl/EVS/Thesaurus.owl+ACM-C68442,1
853,http://snomed.info/id/75799006,http://ncicb.nci.nih.gov/xml/owl/EVS/Thesaurus.owl+ACM-C1505,1
854,http://snomed.info/id/75799006,http://ncicb.nci.nih.gov/xml/owl/EVS/Thesaurus.owl+ACM-C68442,1
855,http://snomed.info/id/83309005,http://ncicb.nci.nih.gov/xml/owl/EVS/Thesaurus.owl+ACM-C29578,1
856,http://snomed.info/id/19114000,http://ncicb.nci.nih.gov/xml/owl/EVS/Thesaurus.owl+ACM-C28394,1
857,http://snomed.info/id/43431002,http://ncicb.nci.nih.gov/xml/owl/EVS/Thesaurus.owl+ACM-C68472,1
858,http://snomed.info/id/63089006,http://ncicb.nci.nih.gov/xml/owl/EVS/Thesaurus.owl+ACM-C68479,1
859,http://snomed.info/id/63089006,http://ncicb.nci.nih.gov/xml/owl/EVS/Thesaurus.owl+ACM-C1505,1
860,http://snomed.info/id/387180003,http://ncicb.nci.nih.gov/xml/owl/EVS/Thesaurus.owl+ACM-C94727,1
861,http://snomed.info/id/32823007,http://ncicb.nci.nih.gov/xml/owl/EVS/Thesaurus.owl+ACM-C94727,1
862,http://snomed.info/id/398705004,http://ncicb.nci.nih.gov/xml/owl/EVS/Thesaurus.owl+ACM-C2199,1
863,http://snomed.info/id/4194004,http://ncicb.nci.nih.gov/xml/owl/EVS/Thesaurus.owl+ACM-C47795,1
864,http://snomed.info/id/387232005,http://ncicb.nci.nih.gov/xml/owl/EVS/Thesaurus.owl+ACM-C47795,1
865,http://snomed.info/id/387311004,http://ncicb.nci.nih.gov/xml/owl/EVS/Thesaurus.owl+ACM-C250,1
866,http://snomed.info/id/56059005,http://ncicb.nci.nih.gov/xml/owl/EVS/Thesaurus.owl+ACM-C250,1
867,http://snomed.info/id/73277004,http://ncicb.nci.nih.gov/xml/owl/EVS/Thesaurus.owl+ACM-C66886,1
868,http://snomed.info/id/372828008,http://ncicb.nci.nih.gov/xml/owl/EVS/Thesaurus.owl+ACM-C66886,1
869,http://snomed.info/id/372879002,http://ncicb.nci.nih.gov/xml/owl/EVS/Thesaurus.owl+ACM-C29578,1
870,http://snomed.info/id/84951002,http://ncicb.nci.nih.gov/xml/owl/EVS/Thesaurus.owl+ACM-C29578,1
871,http://snomed.info/id/58233009,http://ncicb.nci.nih.gov/xml/owl/EVS/Thesaurus.owl+ACM-C257,1
872,http://snomed.info/id/770315008,http://ncicb.nci.nih.gov/xml/owl/EVS/Thesaurus.owl+ACM-C1323,1
873,http://snomed.info/id/96172003,http://ncicb.nci.nih.gov/xml/owl/EVS/Thesaurus.owl+ACM-C1323,1
874,http://snomed.info/id/387192003,http://ncicb.nci.nih.gov/xml/owl/EVS/Thesaurus.owl+ACM-C1012,1
875,http://snomed.info/id/35967000,http://ncicb.nci.nih.gov/xml/owl/EVS/Thesaurus.owl+ACM-C1012,1
876,http://snomed.info/id/317911001,http://ncicb.nci.nih.gov/xml/owl/EVS/Thesaurus.owl+ACM-C823,1
877,http://snomed.info/id/418574005,http://ncicb.nci.nih.gov/xml/owl/EVS/Thesaurus.owl+ACM-C823,1
878,http://snomed.info/id/34364009,http://ncicb.nci.nih.gov/xml/owl/EVS/Thesaurus.owl+ACM-C257,1
879,http://snomed.info/id/387185008,http://ncicb.nci.nih.gov/xml/owl/EVS/Thesaurus.owl+ACM-C257,1
880,http://snomed.info/id/87567009,http://ncicb.nci.nih.gov/xml/owl/EVS/Thesaurus.owl+ACM-C271,1
881,http://snomed.info/id/387505001,http://ncicb.nci.nih.gov/xml/owl/EVS/Thesaurus.owl+ACM-C271,1
882,http://snomed.info/id/406772008,http://ncicb.nci.nih.gov/xml/owl/EVS/Thesaurus.owl+ACM-C49185,1
883,http://snomed.info/id/317957004,http://ncicb.nci.nih.gov/xml/owl/EVS/Thesaurus.owl+ACM-C49185,1
884,http://snomed.info/id/17990002,http://ncicb.nci.nih.gov/xml/owl/EVS/Thesaurus.owl+ACM-C277,1
885,http://snomed.info/id/714136007,http://ncicb.nci.nih.gov/xml/owl/EVS/Thesaurus.owl+ACM-C277,1
886,http://snomed.info/id/544002,http://ncicb.nci.nih.gov/xml/owl/EVS/Thesaurus.owl+ACM-C697,1
887,http://snomed.info/id/387297002,http://ncicb.nci.nih.gov/xml/owl/EVS/Thesaurus.owl+ACM-C697,1
888,http://snomed.info/id/406457005,http://ncicb.nci.nih.gov/xml/owl/EVS/Thesaurus.owl+ACM-C1509,1
889,http://snomed.info/id/406458000,http://ncicb.nci.nih.gov/xml/owl/EVS/Thesaurus.owl+ACM-C1509,1
890,http://snomed.info/id/73170009,http://ncicb.nci.nih.gov/xml/owl/EVS/Thesaurus.owl+ACM-C860,1
891,http://snomed.info/id/387414008,http://ncicb.nci.nih.gov/xml/owl/EVS/Thesaurus.owl+ACM-C860,1
892,http://snomed.info/id/387298007,http://ncicb.nci.nih.gov/xml/owl/EVS/Thesaurus.owl+ACM-C67413,1
893,http://snomed.info/id/54544005,http://ncicb.nci.nih.gov/xml/owl/EVS/Thesaurus.owl+ACM-C67413,1
894,http://snomed.info/id/72522000,http://ncicb.nci.nih.gov/xml/owl/EVS/Thesaurus.owl+ACM-C29696,1
895,http://snomed.info/id/38648002,http://ncicb.nci.nih.gov/xml/owl/EVS/Thesaurus.owl+ACM-C47795,1
896,http://snomed.info/id/46709004,http://ncicb.nci.nih.gov/xml/owl/EVS/Thesaurus.owl+ACM-C67084,1
897,http://snomed.info/id/387252006,http://ncicb.nci.nih.gov/xml/owl/EVS/Thesaurus.owl+ACM-C67084,1
898,http://snomed.info/id/387395007,http://ncicb.nci.nih.gov/xml/owl/EVS/Thesaurus.owl+ACM-C29756,1
899,http://snomed.info/id/70864001,http://ncicb.nci.nih.gov/xml/owl/EVS/Thesaurus.owl+ACM-C29756,1
900,http://snomed.info/id/354055003,http://ncicb.nci.nih.gov/xml/owl/EVS/Thesaurus.owl+ACM-C67413,1
901,http://snomed.info/id/395783008,http://ncicb.nci.nih.gov/xml/owl/EVS/Thesaurus.owl+ACM-C67413,1
902,http://snomed.info/id/715475003,http://ncicb.nci.nih.gov/xml/owl/EVS/Thesaurus.owl+ACM-C28394,1
903,http://snomed.info/id/19126005,http://ncicb.nci.nih.gov/xml/owl/EVS/Thesaurus.owl+ACM-C28394,1
904,http://snomed.info/id/109106000,http://ncicb.nci.nih.gov/xml/owl/EVS/Thesaurus.owl+ACM-C78275,1
905,http://snomed.info/id/397225004,http://ncicb.nci.nih.gov/xml/owl/EVS/Thesaurus.owl+ACM-C78275,1
906,http://snomed.info/id/372852001,http://ncicb.nci.nih.gov/xml/owl/EVS/Thesaurus.owl+ACM-C66883,1
907,http://snomed.info/id/78684000,http://ncicb.nci.nih.gov/xml/owl/EVS/Thesaurus.owl+ACM-C66883,1
908,http://snomed.info/id/126166005,http://ncicb.nci.nih.gov/xml/owl/EVS/Thesaurus.owl+ACM-C243,1
909,http://snomed.info/id/96346001,http://ncicb.nci.nih.gov/xml/owl/EVS/Thesaurus.owl+ACM-C243,1
910,http://snomed.info/id/395785001,http://ncicb.nci.nih.gov/xml/owl/EVS/Thesaurus.owl+ACM-C478,1
911,http://snomed.info/id/77885004,http://ncicb.nci.nih.gov/xml/owl/EVS/Thesaurus.owl+ACM-C478,1
912,http://snomed.info/id/54172006,http://ncicb.nci.nih.gov/xml/owl/EVS/Thesaurus.owl+ACM-C319,1
913,http://snomed.info/id/109081006,http://ncicb.nci.nih.gov/xml/owl/EVS/Thesaurus.owl+ACM-C1892,1
914,http://snomed.info/id/372567009,http://ncicb.nci.nih.gov/xml/owl/EVS/Thesaurus.owl+ACM-C1892,1
915,http://snomed.info/id/387286002,http://ncicb.nci.nih.gov/xml/owl/EVS/Thesaurus.owl+ACM-C67413,1
916,http://snomed.info/id/51758009,http://ncicb.nci.nih.gov/xml/owl/EVS/Thesaurus.owl+ACM-C67413,1
917,http://snomed.info/id/59338009,http://ncicb.nci.nih.gov/xml/owl/EVS/Thesaurus.owl+ACM-C29578,1
918,http://snomed.info/id/71813009,http://ncicb.nci.nih.gov/xml/owl/EVS/Thesaurus.owl+ACM-C29756,1
919,http://snomed.info/id/30676006,http://ncicb.nci.nih.gov/xml/owl/EVS/Thesaurus.owl+ACM-C67084,1
920,http://snomed.info/id/53052005,http://ncicb.nci.nih.gov/xml/owl/EVS/Thesaurus.owl+ACM-C29577,1
921,http://snomed.info/id/392575007,http://ncicb.nci.nih.gov/xml/owl/EVS/Thesaurus.owl+ACM-C448,1
922,http://snomed.info/id/372773008,http://ncicb.nci.nih.gov/xml/owl/EVS/Thesaurus.owl+ACM-C255,1
923,http://snomed.info/id/56123002,http://ncicb.nci.nih.gov/xml/owl/EVS/Thesaurus.owl+ACM-C255,1
924,http://snomed.info/id/37656002,http://ncicb.nci.nih.gov/xml/owl/EVS/Thesaurus.owl+ACM-C885,1
925,http://snomed.info/id/404864000,http://ncicb.nci.nih.gov/xml/owl/EVS/Thesaurus.owl+ACM-C885,1
926,http://snomed.info/id/47180000,http://ncicb.nci.nih.gov/xml/owl/EVS/Thesaurus.owl+ACM-C281,1
927,http://snomed.info/id/387486000,http://ncicb.nci.nih.gov/xml/owl/EVS/Thesaurus.owl+ACM-C29696,1
928,http://snomed.info/id/83973001,http://ncicb.nci.nih.gov/xml/owl/EVS/Thesaurus.owl+ACM-C29696,1
929,http://snomed.info/id/373488009,http://ncicb.nci.nih.gov/xml/owl/EVS/Thesaurus.owl+ACM-C67084,1
930,http://snomed.info/id/39124003,http://ncicb.nci.nih.gov/xml/owl/EVS/Thesaurus.owl+ACM-C67084,1
931,http://snomed.info/id/68887009,http://ncicb.nci.nih.gov/xml/owl/EVS/Thesaurus.owl+ACM-C511,1
932,http://snomed.info/id/387381009,http://ncicb.nci.nih.gov/xml/owl/EVS/Thesaurus.owl+ACM-C511,1
933,http://snomed.info/id/89029005,http://ncicb.nci.nih.gov/xml/owl/EVS/Thesaurus.owl+ACM-C740,1
934,http://snomed.info/id/387509007,http://ncicb.nci.nih.gov/xml/owl/EVS/Thesaurus.owl+ACM-C740,1
935,http://snomed.info/id/57911003,http://ncicb.nci.nih.gov/xml/owl/EVS/Thesaurus.owl+ACM-C740,1
936,http://snomed.info/id/41062004,http://ncicb.nci.nih.gov/xml/owl/EVS/Thesaurus.owl+ACM-C1420,1
937,http://snomed.info/id/387373008,http://ncicb.nci.nih.gov/xml/owl/EVS/Thesaurus.owl+ACM-C49185,1
938,http://snomed.info/id/66919007,http://ncicb.nci.nih.gov/xml/owl/EVS/Thesaurus.owl+ACM-C49185,1
939,http://snomed.info/id/88381009,http://ncicb.nci.nih.gov/xml/owl/EVS/Thesaurus.owl+ACM-C45678,1
940,http://snomed.info/id/387131008,http://ncicb.nci.nih.gov/xml/owl/EVS/Thesaurus.owl+ACM-C29697,1
941,http://snomed.info/id/24504000,http://ncicb.nci.nih.gov/xml/owl/EVS/Thesaurus.owl+ACM-C29697,1
942,http://snomed.info/id/84078002,http://ncicb.nci.nih.gov/xml/owl/EVS/Thesaurus.owl+ACM-C66884,1
943,http://snomed.info/id/373542000,http://ncicb.nci.nih.gov/xml/owl/EVS/Thesaurus.owl+ACM-C270,1
944,http://snomed.info/id/126074008,http://ncicb.nci.nih.gov/xml/owl/EVS/Thesaurus.owl+ACM-C47795,1
945,http://snomed.info/id/40562000,http://ncicb.nci.nih.gov/xml/owl/EVS/Thesaurus.owl+ACM-C47795,1
946,http://snomed.info/id/387230002,http://ncicb.nci.nih.gov/xml/owl/EVS/Thesaurus.owl+ACM-C87053,1
947,http://snomed.info/id/41470001,http://ncicb.nci.nih.gov/xml/owl/EVS/Thesaurus.owl+ACM-C87053,1
948,http://snomed.info/id/18548003,http://ncicb.nci.nih.gov/xml/owl/EVS/Thesaurus.owl+ACM-C47795,1
949,http://snomed.info/id/373337007,http://ncicb.nci.nih.gov/xml/owl/EVS/Thesaurus.owl+ACM-C47795,1
950,http://snomed.info/id/734654003,http://ncicb.nci.nih.gov/xml/owl/EVS/Thesaurus.owl+ACM-C521,1
951,http://snomed.info/id/387356006,http://ncicb.nci.nih.gov/xml/owl/EVS/Thesaurus.owl+ACM-C885,1
952,http://snomed.info/id/64878006,http://ncicb.nci.nih.gov/xml/owl/EVS/Thesaurus.owl+ACM-C885,1
953,http://snomed.info/id/387169003,http://ncicb.nci.nih.gov/xml/owl/EVS/Thesaurus.owl+ACM-C29756,1
954,http://snomed.info/id/30964009,http://ncicb.nci.nih.gov/xml/owl/EVS/Thesaurus.owl+ACM-C29756,1
955,http://snomed.info/id/387044000,http://ncicb.nci.nih.gov/xml/owl/EVS/Thesaurus.owl+ACM-C47794,1
956,http://snomed.info/id/11796006,http://ncicb.nci.nih.gov/xml/owl/EVS/Thesaurus.owl+ACM-C47794,1
957,http://snomed.info/id/22198003,http://ncicb.nci.nih.gov/xml/owl/EVS/Thesaurus.owl+ACM-C49185,1
958,http://snomed.info/id/387123003,http://ncicb.nci.nih.gov/xml/owl/EVS/Thesaurus.owl+ACM-C49185,1
959,http://snomed.info/id/372826007,http://ncicb.nci.nih.gov/xml/owl/EVS/Thesaurus.owl+ACM-C29576,1
960,http://snomed.info/id/7092007,http://ncicb.nci.nih.gov/xml/owl/EVS/Thesaurus.owl+ACM-C29576,1
961,http://snomed.info/id/372602008,http://ncicb.nci.nih.gov/xml/owl/EVS/Thesaurus.owl+ACM-C784,1
962,http://snomed.info/id/1222004,http://ncicb.nci.nih.gov/xml/owl/EVS/Thesaurus.owl+ACM-C279,1
963,http://snomed.info/id/372909002,http://ncicb.nci.nih.gov/xml/owl/EVS/Thesaurus.owl+ACM-C47793,1
964,http://snomed.info/id/96298001,http://ncicb.nci.nih.gov/xml/owl/EVS/Thesaurus.owl+ACM-C93038,1
965,http://snomed.info/id/96200003,http://ncicb.nci.nih.gov/xml/owl/EVS/Thesaurus.owl+ACM-C66885,1
966,http://snomed.info/id/387565003,http://ncicb.nci.nih.gov/xml/owl/EVS/Thesaurus.owl+ACM-C72900,1
967,http://snomed.info/id/42720001,http://ncicb.nci.nih.gov/xml/owl/EVS/Thesaurus.owl+ACM-C514,1
968,http://snomed.info/id/372738006,http://ncicb.nci.nih.gov/xml/owl/EVS/Thesaurus.owl+ACM-C514,1
969,http://snomed.info/id/26800000,http://ncicb.nci.nih.gov/xml/owl/EVS/Thesaurus.owl+ACM-C1012,1
970,http://snomed.info/id/373476007,http://ncicb.nci.nih.gov/xml/owl/EVS/Thesaurus.owl+ACM-C1012,1
971,http://snomed.info/id/395796009,http://ncicb.nci.nih.gov/xml/owl/EVS/Thesaurus.owl+ACM-C1891,1
972,http://snomed.info/id/129483007,http://ncicb.nci.nih.gov/xml/owl/EVS/Thesaurus.owl+ACM-C1891,1
973,http://snomed.info/id/354035004,http://ncicb.nci.nih.gov/xml/owl/EVS/Thesaurus.owl+ACM-C45678,1
974,http://snomed.info/id/111089004,http://ncicb.nci.nih.gov/xml/owl/EVS/Thesaurus.owl+ACM-C45678,1
975,http://snomed.info/id/49577002,http://ncicb.nci.nih.gov/xml/owl/EVS/Thesaurus.owl+ACM-C29707,1
976,http://snomed.info/id/387272001,http://ncicb.nci.nih.gov/xml/owl/EVS/Thesaurus.owl+ACM-C270,1
977,http://snomed.info/id/423994009,http://ncicb.nci.nih.gov/xml/owl/EVS/Thesaurus.owl+ACM-C798,1
978,http://snomed.info/id/29089004,http://ncicb.nci.nih.gov/xml/owl/EVS/Thesaurus.owl+ACM-C1590,1
979,http://snomed.info/id/387156002,http://ncicb.nci.nih.gov/xml/owl/EVS/Thesaurus.owl+ACM-C1590,1
980,http://snomed.info/id/404865004,http://ncicb.nci.nih.gov/xml/owl/EVS/Thesaurus.owl+ACM-C2355,1
981,http://snomed.info/id/26288002,http://ncicb.nci.nih.gov/xml/owl/EVS/Thesaurus.owl+ACM-C2355,1
982,http://snomed.info/id/108791001,http://ncicb.nci.nih.gov/xml/owl/EVS/Thesaurus.owl+ACM-C253,1
983,http://snomed.info/id/386913001,http://ncicb.nci.nih.gov/xml/owl/EVS/Thesaurus.owl+ACM-C253,1
984,http://snomed.info/id/125691000,http://ncicb.nci.nih.gov/xml/owl/EVS/Thesaurus.owl+ACM-C29576,1
985,http://snomed.info/id/372799001,http://ncicb.nci.nih.gov/xml/owl/EVS/Thesaurus.owl+ACM-C29710,1
986,http://snomed.info/id/61408004,http://ncicb.nci.nih.gov/xml/owl/EVS/Thesaurus.owl+ACM-C29710,1
987,http://snomed.info/id/698196008,http://ncicb.nci.nih.gov/xml/owl/EVS/Thesaurus.owl+ACM-C29707,1
988,http://snomed.info/id/885361001,http://ncicb.nci.nih.gov/xml/owl/EVS/Thesaurus.owl+ACM-C250,1
989,http://snomed.info/id/96139003,http://ncicb.nci.nih.gov/xml/owl/EVS/Thesaurus.owl+ACM-C250,1
990,http://snomed.info/id/73572009,http://ncicb.nci.nih.gov/xml/owl/EVS/Thesaurus.owl+ACM-C1657,1
991,http://snomed.info/id/373529000,http://ncicb.nci.nih.gov/xml/owl/EVS/Thesaurus.owl+ACM-C1657,1
992,http://snomed.info/id/409330005,http://ncicb.nci.nih.gov/xml/owl/EVS/Thesaurus.owl+ACM-C2087,1
993,http://snomed.info/id/108624006,http://ncicb.nci.nih.gov/xml/owl/EVS/Thesaurus.owl+ACM-C319,1
994,http://snomed.info/id/372518007,http://ncicb.nci.nih.gov/xml/owl/EVS/Thesaurus.owl+ACM-C319,1
995,http://snomed.info/id/82896009,http://ncicb.nci.nih.gov/xml/owl/EVS/Thesaurus.owl+ACM-C29576,1
996,http://snomed.info/id/387482003,http://ncicb.nci.nih.gov/xml/owl/EVS/Thesaurus.owl+ACM-C29576,1
997,http://snomed.info/id/373472009,http://ncicb.nci.nih.gov/xml/owl/EVS/Thesaurus.owl+ACM-C1821,1
998,http://snomed.info/id/20201001,http://ncicb.nci.nih.gov/xml/owl/EVS/Thesaurus.owl+ACM-C1821,1
999,http://snomed.info/id/395992001,http://ncicb.nci.nih.gov/xml/owl/EVS/Thesaurus.owl+ACM-C66885,1
1000,http://snomed.info/id/350627007,http://ncicb.nci.nih.gov/xml/owl/EVS/Thesaurus.owl+ACM-C66885,1
1001,http://snomed.info/id/395807000,http://ncicb.nci.nih.gov/xml/owl/EVS/Thesaurus.owl+ACM-C66885,1
1002,http://snomed.info/id/373539006,http://ncicb.nci.nih.gov/xml/owl/EVS/Thesaurus.owl+ACM-C67413,1
1003,http://snomed.info/id/83085007,http://ncicb.nci.nih.gov/xml/owl/EVS/Thesaurus.owl+ACM-C67413,1
1004,http://snomed.info/id/373774009,http://ncicb.nci.nih.gov/xml/owl/EVS/Thesaurus.owl+ACM-C67413,1
1005,http://snomed.info/id/6526001,http://ncicb.nci.nih.gov/xml/owl/EVS/Thesaurus.owl+ACM-C67413,1
1006,http://snomed.info/id/373546002,http://ncicb.nci.nih.gov/xml/owl/EVS/Thesaurus.owl+ACM-C681,1
1007,http://snomed.info/id/87617007,http://ncicb.nci.nih.gov/xml/owl/EVS/Thesaurus.owl+ACM-C681,1
1008,http://snomed.info/id/17750005,http://ncicb.nci.nih.gov/xml/owl/EVS/Thesaurus.owl+ACM-C45188,1
1009,http://snomed.info/id/768617009,http://ncicb.nci.nih.gov/xml/owl/EVS/Thesaurus.owl+ACM-C45188,1
1010,http://snomed.info/id/11847009,http://ncicb.nci.nih.gov/xml/owl/EVS/Thesaurus.owl+ACM-C1323,1
1011,http://snomed.info/id/372588000,http://ncicb.nci.nih.gov/xml/owl/EVS/Thesaurus.owl+ACM-C1323,1
1012,http://snomed.info/id/419768004,http://ncicb.nci.nih.gov/xml/owl/EVS/Thesaurus.owl+ACM-C1012,1
1013,http://snomed.info/id/350324006,http://ncicb.nci.nih.gov/xml/owl/EVS/Thesaurus.owl+ACM-C1012,1
1014,http://snomed.info/id/49313009,http://ncicb.nci.nih.gov/xml/owl/EVS/Thesaurus.owl+ACM-C667,1
1015,http://snomed.info/id/96165004,http://ncicb.nci.nih.gov/xml/owl/EVS/Thesaurus.owl+ACM-C737,1
1016,http://snomed.info/id/108526002,http://ncicb.nci.nih.gov/xml/owl/EVS/Thesaurus.owl+ACM-C333,1
1017,http://snomed.info/id/372502001,http://ncicb.nci.nih.gov/xml/owl/EVS/Thesaurus.owl+ACM-C333,1
1018,http://snomed.info/id/387334008,http://ncicb.nci.nih.gov/xml/owl/EVS/Thesaurus.owl+ACM-C250,1
1019,http://snomed.info/id/5975000,http://ncicb.nci.nih.gov/xml/owl/EVS/Thesaurus.owl+ACM-C250,1
1020,http://snomed.info/id/350628002,http://ncicb.nci.nih.gov/xml/owl/EVS/Thesaurus.owl+ACM-C29707,1
1021,http://snomed.info/id/85335008,http://ncicb.nci.nih.gov/xml/owl/EVS/Thesaurus.owl+ACM-C29707,1
1022,http://snomed.info/id/419062009,http://ncicb.nci.nih.gov/xml/owl/EVS/Thesaurus.owl+ACM-C29707,1
1023,http://snomed.info/id/85272000,http://ncicb.nci.nih.gov/xml/owl/EVS/Thesaurus.owl+ACM-C333,1
1024,http://snomed.info/id/387490003,http://ncicb.nci.nih.gov/xml/owl/EVS/Thesaurus.owl+ACM-C333,1
1025,http://snomed.info/id/703418002,http://ncicb.nci.nih.gov/xml/owl/EVS/Thesaurus.owl+ACM-C277,1
1026,http://snomed.info/id/703419005,http://ncicb.nci.nih.gov/xml/owl/EVS/Thesaurus.owl+ACM-C277,1
1027,http://snomed.info/id/6717002,http://ncicb.nci.nih.gov/xml/owl/EVS/Thesaurus.owl+ACM-C28394,1
1028,http://snomed.info/id/714397006,http://ncicb.nci.nih.gov/xml/owl/EVS/Thesaurus.owl+ACM-C277,1
1029,http://snomed.info/id/24869004,http://ncicb.nci.nih.gov/xml/owl/EVS/Thesaurus.owl+ACM-C277,1
1030,http://snomed.info/id/387591002,http://ncicb.nci.nih.gov/xml/owl/EVS/Thesaurus.owl+ACM-C47795,1
1031,http://snomed.info/id/9690006,http://ncicb.nci.nih.gov/xml/owl/EVS/Thesaurus.owl+ACM-C47795,1
1032,http://snomed.info/id/387502003,http://ncicb.nci.nih.gov/xml/owl/EVS/Thesaurus.owl+ACM-C333,1
1033,http://snomed.info/id/87285001,http://ncicb.nci.nih.gov/xml/owl/EVS/Thesaurus.owl+ACM-C333,1
1034,http://snomed.info/id/324945001,http://ncicb.nci.nih.gov/xml/owl/EVS/Thesaurus.owl+ACM-C277,1
1035,http://snomed.info/id/418509004,http://ncicb.nci.nih.gov/xml/owl/EVS/Thesaurus.owl+ACM-C277,1
1036,http://snomed.info/id/55944008,http://ncicb.nci.nih.gov/xml/owl/EVS/Thesaurus.owl+ACM-C277,1
1037,http://snomed.info/id/412079002,http://ncicb.nci.nih.gov/xml/owl/EVS/Thesaurus.owl+ACM-C67413,1
1038,http://snomed.info/id/108524004,http://ncicb.nci.nih.gov/xml/owl/EVS/Thesaurus.owl+ACM-C333,1
1039,http://snomed.info/id/386861009,http://ncicb.nci.nih.gov/xml/owl/EVS/Thesaurus.owl+ACM-C333,1
1040,http://snomed.info/id/78449007,http://ncicb.nci.nih.gov/xml/owl/EVS/Thesaurus.owl+ACM-C1012,1
1041,http://snomed.info/id/387449001,http://ncicb.nci.nih.gov/xml/owl/EVS/Thesaurus.owl+ACM-C1012,1
1042,http://snomed.info/id/444757009,http://ncicb.nci.nih.gov/xml/owl/EVS/Thesaurus.owl+ACM-C333,1
1043,http://snomed.info/id/300066007,http://ncicb.nci.nih.gov/xml/owl/EVS/Thesaurus.owl+ACM-C1916,1
1044,http://snomed.info/id/85343003,http://ncicb.nci.nih.gov/xml/owl/EVS/Thesaurus.owl+ACM-C255,1
1045,http://snomed.info/id/373543005,http://ncicb.nci.nih.gov/xml/owl/EVS/Thesaurus.owl+ACM-C255,1
1046,http://snomed.info/id/87097009,http://ncicb.nci.nih.gov/xml/owl/EVS/Thesaurus.owl+ACM-C29698,1
1047,http://snomed.info/id/332799007,http://ncicb.nci.nih.gov/xml/owl/EVS/Thesaurus.owl+ACM-C29698,1
1048,http://snomed.info/id/77673009,http://ncicb.nci.nih.gov/xml/owl/EVS/Thesaurus.owl+ACM-C87053,1
1049,http://snomed.info/id/77673009,http://ncicb.nci.nih.gov/xml/owl/EVS/Thesaurus.owl+ACM-C29747,1
1050,http://snomed.info/id/49485009,http://ncicb.nci.nih.gov/xml/owl/EVS/Thesaurus.owl+ACM-C795,1
1051,http://snomed.info/id/387271008,http://ncicb.nci.nih.gov/xml/owl/EVS/Thesaurus.owl+ACM-C795,1
1052,http://snomed.info/id/13432000,http://ncicb.nci.nih.gov/xml/owl/EVS/Thesaurus.owl+ACM-C94727,1
1053,http://snomed.info/id/372652004,http://ncicb.nci.nih.gov/xml/owl/EVS/Thesaurus.owl+ACM-C94727,1
1054,http://snomed.info/id/387437002,http://ncicb.nci.nih.gov/xml/owl/EVS/Thesaurus.owl+ACM-C25974,1
1055,http://snomed.info/id/76696004,http://ncicb.nci.nih.gov/xml/owl/EVS/Thesaurus.owl+ACM-C25974,1
1056,http://snomed.info/id/395812004,http://ncicb.nci.nih.gov/xml/owl/EVS/Thesaurus.owl+ACM-C28394,1
1057,http://snomed.info/id/324586003,http://ncicb.nci.nih.gov/xml/owl/EVS/Thesaurus.owl+ACM-C28394,1
1058,http://snomed.info/id/1156231009,http://ncicb.nci.nih.gov/xml/owl/EVS/Thesaurus.owl+ACM-C66880,1
1059,http://snomed.info/id/256018002,http://ncicb.nci.nih.gov/xml/owl/EVS/Thesaurus.owl+ACM-C79688,1
1060,http://snomed.info/id/411360006,http://ncicb.nci.nih.gov/xml/owl/EVS/Thesaurus.owl+ACM-C79688,1
1061,http://snomed.info/id/427281002,http://ncicb.nci.nih.gov/xml/owl/EVS/Thesaurus.owl+ACM-C68404,1
1062,http://snomed.info/id/259579007,http://ncicb.nci.nih.gov/xml/owl/EVS/Thesaurus.owl+ACM-C68404,1
1063,http://snomed.info/id/387137007,http://ncicb.nci.nih.gov/xml/owl/EVS/Thesaurus.owl+ACM-C29723,1
1064,http://snomed.info/id/25673006,http://ncicb.nci.nih.gov/xml/owl/EVS/Thesaurus.owl+ACM-C29723,1
1065,http://snomed.info/id/1156223004,http://ncicb.nci.nih.gov/xml/owl/EVS/Thesaurus.owl+ACM-C28197,1
1066,http://snomed.info/id/6067003,http://ncicb.nci.nih.gov/xml/owl/EVS/Thesaurus.owl+ACM-C319,1
1067,http://snomed.info/id/372797004,http://ncicb.nci.nih.gov/xml/owl/EVS/Thesaurus.owl+ACM-C319,1
1068,http://snomed.info/id/442845007,http://ncicb.nci.nih.gov/xml/owl/EVS/Thesaurus.owl+ACM-C258,1
1069,http://snomed.info/id/442924004,http://ncicb.nci.nih.gov/xml/owl/EVS/Thesaurus.owl+ACM-C258,1
1070,http://snomed.info/id/703839000,http://ncicb.nci.nih.gov/xml/owl/EVS/Thesaurus.owl+ACM-C80212,1
1071,http://snomed.info/id/372714007,http://ncicb.nci.nih.gov/xml/owl/EVS/Thesaurus.owl+ACM-C29696,1
1072,http://snomed.info/id/35035001,http://ncicb.nci.nih.gov/xml/owl/EVS/Thesaurus.owl+ACM-C29696,1
1073,http://snomed.info/id/387167001,http://ncicb.nci.nih.gov/xml/owl/EVS/Thesaurus.owl+ACM-C29696,1
1074,http://snomed.info/id/747006,http://ncicb.nci.nih.gov/xml/owl/EVS/Thesaurus.owl+ACM-C250,1
1075,http://snomed.info/id/714023005,http://ncicb.nci.nih.gov/xml/owl/EVS/Thesaurus.owl+ACM-C250,1
1076,http://snomed.info/id/79225003,http://ncicb.nci.nih.gov/xml/owl/EVS/Thesaurus.owl+ACM-C1012,1
1077,http://snomed.info/id/387455006,http://ncicb.nci.nih.gov/xml/owl/EVS/Thesaurus.owl+ACM-C1012,1
1078,http://snomed.info/id/708825002,http://ncicb.nci.nih.gov/xml/owl/EVS/Thesaurus.owl+ACM-C471,1
1079,http://snomed.info/id/96299009,http://ncicb.nci.nih.gov/xml/owl/EVS/Thesaurus.owl+ACM-C29576,1
1080,http://snomed.info/id/387583006,http://ncicb.nci.nih.gov/xml/owl/EVS/Thesaurus.owl+ACM-C29576,1
1081,http://snomed.info/id/414984009,http://ncicb.nci.nih.gov/xml/owl/EVS/Thesaurus.owl+ACM-C67413,1
1082,http://snomed.info/id/55452001,http://ncicb.nci.nih.gov/xml/owl/EVS/Thesaurus.owl+ACM-C1506,1
1083,http://snomed.info/id/370266008,http://ncicb.nci.nih.gov/xml/owl/EVS/Thesaurus.owl+ACM-C1506,1
1084,http://snomed.info/id/24751001,http://ncicb.nci.nih.gov/xml/owl/EVS/Thesaurus.owl+ACM-C1506,1
1085,http://snomed.info/id/395818000,http://ncicb.nci.nih.gov/xml/owl/EVS/Thesaurus.owl+ACM-C66883,1
1086,http://snomed.info/id/349883008,http://ncicb.nci.nih.gov/xml/owl/EVS/Thesaurus.owl+ACM-C66883,1
1087,http://snomed.info/id/387269008,http://ncicb.nci.nih.gov/xml/owl/EVS/Thesaurus.owl+ACM-C257,1
1088,http://snomed.info/id/49267000,http://ncicb.nci.nih.gov/xml/owl/EVS/Thesaurus.owl+ACM-C257,1
1089,http://snomed.info/id/725695002,http://ncicb.nci.nih.gov/xml/owl/EVS/Thesaurus.owl+ACM-C1637,1
1090,http://snomed.info/id/52883001,http://ncicb.nci.nih.gov/xml/owl/EVS/Thesaurus.owl+ACM-C29747,1
1091,http://snomed.info/id/387290000,http://ncicb.nci.nih.gov/xml/owl/EVS/Thesaurus.owl+ACM-C29747,1
1092,http://snomed.info/id/350064000,http://ncicb.nci.nih.gov/xml/owl/EVS/Thesaurus.owl+ACM-C29696,1
1093,http://snomed.info/id/373738000,http://ncicb.nci.nih.gov/xml/owl/EVS/Thesaurus.owl+ACM-C29696,1
1094,http://snomed.info/id/373764006,http://ncicb.nci.nih.gov/xml/owl/EVS/Thesaurus.owl+ACM-C29696,1
1095,http://snomed.info/id/58467001,http://ncicb.nci.nih.gov/xml/owl/EVS/Thesaurus.owl+ACM-C29707,1
1096,http://snomed.info/id/372784001,http://ncicb.nci.nih.gov/xml/owl/EVS/Thesaurus.owl+ACM-C29707,1
1097,http://snomed.info/id/411142001,http://ncicb.nci.nih.gov/xml/owl/EVS/Thesaurus.owl+ACM-C45678,1
1098,http://snomed.info/id/255844007,http://ncicb.nci.nih.gov/xml/owl/EVS/Thesaurus.owl+ACM-C45678,1
1099,http://snomed.info/id/311731000,http://ncicb.nci.nih.gov/xml/owl/EVS/Thesaurus.owl+ACM-C616,1
1100,http://snomed.info/id/255667006,http://ncicb.nci.nih.gov/xml/owl/EVS/Thesaurus.owl+ACM-C616,1
1101,http://snomed.info/id/350102001,http://ncicb.nci.nih.gov/xml/owl/EVS/Thesaurus.owl+ACM-C616,1
1102,http://snomed.info/id/422100001,http://ncicb.nci.nih.gov/xml/owl/EVS/Thesaurus.owl+ACM-C616,1
1103,http://snomed.info/id/17554004,http://ncicb.nci.nih.gov/xml/owl/EVS/Thesaurus.owl+ACM-C521,1
1104,http://snomed.info/id/116604005,http://ncicb.nci.nih.gov/xml/owl/EVS/Thesaurus.owl+ACM-C521,1
1105,http://snomed.info/id/373749006,http://ncicb.nci.nih.gov/xml/owl/EVS/Thesaurus.owl+ACM-C270,1
1106,http://snomed.info/id/21159006,http://ncicb.nci.nih.gov/xml/owl/EVS/Thesaurus.owl+ACM-C667,1
1107,http://snomed.info/id/70776005,http://ncicb.nci.nih.gov/xml/owl/EVS/Thesaurus.owl+ACM-C47795,1
1108,http://snomed.info/id/387393000,http://ncicb.nci.nih.gov/xml/owl/EVS/Thesaurus.owl+ACM-C47795,1
1109,http://snomed.info/id/372505004,http://ncicb.nci.nih.gov/xml/owl/EVS/Thesaurus.owl+ACM-C29576,1
1110,http://snomed.info/id/108542009,http://ncicb.nci.nih.gov/xml/owl/EVS/Thesaurus.owl+ACM-C29576,1
1111,http://snomed.info/id/710292006,http://ncicb.nci.nih.gov/xml/owl/EVS/Thesaurus.owl+ACM-C66883,1
1112,http://snomed.info/id/387235007,http://ncicb.nci.nih.gov/xml/owl/EVS/Thesaurus.owl+ACM-C1971,1
1113,http://snomed.info/id/4219002,http://ncicb.nci.nih.gov/xml/owl/EVS/Thesaurus.owl+ACM-C1971,1
1114,http://snomed.info/id/386836006,http://ncicb.nci.nih.gov/xml/owl/EVS/Thesaurus.owl+ACM-C29707,1
1115,http://snomed.info/id/10422008,http://ncicb.nci.nih.gov/xml/owl/EVS/Thesaurus.owl+ACM-C29707,1
1116,http://snomed.info/id/31692006,http://ncicb.nci.nih.gov/xml/owl/EVS/Thesaurus.owl+ACM-C277,1
1117,http://snomed.info/id/372699006,http://ncicb.nci.nih.gov/xml/owl/EVS/Thesaurus.owl+ACM-C277,1
1118,http://snomed.info/id/16826009,http://ncicb.nci.nih.gov/xml/owl/EVS/Thesaurus.owl+ACM-C514,1
1119,http://snomed.info/id/39608003,http://ncicb.nci.nih.gov/xml/owl/EVS/Thesaurus.owl+ACM-C1506,1
1120,http://snomed.info/id/387213004,http://ncicb.nci.nih.gov/xml/owl/EVS/Thesaurus.owl+ACM-C1506,1
1121,http://snomed.info/id/372703009,http://ncicb.nci.nih.gov/xml/owl/EVS/Thesaurus.owl+ACM-C67084,1
1122,http://snomed.info/id/33231001,http://ncicb.nci.nih.gov/xml/owl/EVS/Thesaurus.owl+ACM-C67084,1
1123,http://snomed.info/id/35946000,http://ncicb.nci.nih.gov/xml/owl/EVS/Thesaurus.owl+ACM-C66886,1
1124,http://snomed.info/id/324951006,http://ncicb.nci.nih.gov/xml/owl/EVS/Thesaurus.owl+ACM-C471,1
1125,http://snomed.info/id/419379007,http://ncicb.nci.nih.gov/xml/owl/EVS/Thesaurus.owl+ACM-C276,1
1126,http://snomed.info/id/387522004,http://ncicb.nci.nih.gov/xml/owl/EVS/Thesaurus.owl+ACM-C1327,1
1127,http://snomed.info/id/91376007,http://ncicb.nci.nih.gov/xml/owl/EVS/Thesaurus.owl+ACM-C221,1
1128,http://snomed.info/id/19901000,http://ncicb.nci.nih.gov/xml/owl/EVS/Thesaurus.owl+ACM-C47795,1
1129,http://snomed.info/id/768599000,http://ncicb.nci.nih.gov/xml/owl/EVS/Thesaurus.owl+ACM-C232,1
1130,http://snomed.info/id/52642002,http://ncicb.nci.nih.gov/xml/owl/EVS/Thesaurus.owl+ACM-C232,1
1131,http://snomed.info/id/25002001,http://ncicb.nci.nih.gov/xml/owl/EVS/Thesaurus.owl+ACM-C66883,1
1132,http://snomed.info/id/372498008,http://ncicb.nci.nih.gov/xml/owl/EVS/Thesaurus.owl+ACM-C38149,1
1133,http://snomed.info/id/108468004,http://ncicb.nci.nih.gov/xml/owl/EVS/Thesaurus.owl+ACM-C66884,1
1134,http://snomed.info/id/108469007,http://ncicb.nci.nih.gov/xml/owl/EVS/Thesaurus.owl+ACM-C38149,1
1135,http://snomed.info/id/421776000,http://ncicb.nci.nih.gov/xml/owl/EVS/Thesaurus.owl+ACM-C333,1
1136,http://snomed.info/id/421817009,http://ncicb.nci.nih.gov/xml/owl/EVS/Thesaurus.owl+ACM-C333,1
1137,http://snomed.info/id/387229007,http://ncicb.nci.nih.gov/xml/owl/EVS/Thesaurus.owl+ACM-C29710,1
1138,http://snomed.info/id/41147003,http://ncicb.nci.nih.gov/xml/owl/EVS/Thesaurus.owl+ACM-C29710,1
1139,http://snomed.info/id/25307002,http://ncicb.nci.nih.gov/xml/owl/EVS/Thesaurus.owl+ACM-C45678,1
1140,http://snomed.info/id/5774007,http://ncicb.nci.nih.gov/xml/owl/EVS/Thesaurus.owl+ACM-C45678,1
1141,http://snomed.info/id/353601006,http://ncicb.nci.nih.gov/xml/owl/EVS/Thesaurus.owl+ACM-C45678,1
1142,http://snomed.info/id/387326002,http://ncicb.nci.nih.gov/xml/owl/EVS/Thesaurus.owl+ACM-C67413,1
1143,http://snomed.info/id/58360000,http://ncicb.nci.nih.gov/xml/owl/EVS/Thesaurus.owl+ACM-C67413,1
1144,http://snomed.info/id/370310006,http://ncicb.nci.nih.gov/xml/owl/EVS/Thesaurus.owl+ACM-C2198,1
1145,http://snomed.info/id/15785009,http://ncicb.nci.nih.gov/xml/owl/EVS/Thesaurus.owl+ACM-C2198,1
1146,http://snomed.info/id/9500005,http://ncicb.nci.nih.gov/xml/owl/EVS/Thesaurus.owl+ACM-C667,1
1147,http://snomed.info/id/387528000,http://ncicb.nci.nih.gov/xml/owl/EVS/Thesaurus.owl+ACM-C667,1
1148,http://snomed.info/id/21614004,http://ncicb.nci.nih.gov/xml/owl/EVS/Thesaurus.owl+ACM-C667,1
1149,http://snomed.info/id/123582007,http://ncicb.nci.nih.gov/xml/owl/EVS/Thesaurus.owl+ACM-C28394,1
1150,http://snomed.info/id/362949009,http://ncicb.nci.nih.gov/xml/owl/EVS/Thesaurus.owl+ACM-C98234,1
1151,http://snomed.info/id/47527007,http://ncicb.nci.nih.gov/xml/owl/EVS/Thesaurus.owl+ACM-C263,1
1152,http://snomed.info/id/387260007,http://ncicb.nci.nih.gov/xml/owl/EVS/Thesaurus.owl+ACM-C263,1
1153,http://snomed.info/id/373500002,http://ncicb.nci.nih.gov/xml/owl/EVS/Thesaurus.owl+ACM-C29578,1
1154,http://snomed.info/id/49953001,http://ncicb.nci.nih.gov/xml/owl/EVS/Thesaurus.owl+ACM-C29578,1
1155,http://snomed.info/id/387127002,http://ncicb.nci.nih.gov/xml/owl/EVS/Thesaurus.owl+ACM-C47795,1
1156,http://snomed.info/id/23532003,http://ncicb.nci.nih.gov/xml/owl/EVS/Thesaurus.owl+ACM-C47795,1
1157,http://snomed.info/id/51073002,http://ncicb.nci.nih.gov/xml/owl/EVS/Thesaurus.owl+ACM-C67084,1
1158,http://snomed.info/id/373505007,http://ncicb.nci.nih.gov/xml/owl/EVS/Thesaurus.owl+ACM-C67084,1
1159,http://snomed.info/id/346604000,http://ncicb.nci.nih.gov/xml/owl/EVS/Thesaurus.owl+ACM-C29697,1
1160,http://snomed.info/id/350306009,http://ncicb.nci.nih.gov/xml/owl/EVS/Thesaurus.owl+ACM-C1506,1
1161,http://snomed.info/id/420076001,http://ncicb.nci.nih.gov/xml/owl/EVS/Thesaurus.owl+ACM-C241,1
1162,http://snomed.info/id/372838003,http://ncicb.nci.nih.gov/xml/owl/EVS/Thesaurus.owl+ACM-C45178,1
1163,http://snomed.info/id/74771007,http://ncicb.nci.nih.gov/xml/owl/EVS/Thesaurus.owl+ACM-C45178,1
1164,http://snomed.info/id/59488002,http://ncicb.nci.nih.gov/xml/owl/EVS/Thesaurus.owl+ACM-C263,1
1165,http://snomed.info/id/48351000,http://ncicb.nci.nih.gov/xml/owl/EVS/Thesaurus.owl+ACM-C257,1
1166,http://snomed.info/id/273951003,http://ncicb.nci.nih.gov/xml/owl/EVS/Thesaurus.owl+ACM-C257,1
1167,http://snomed.info/id/387464001,http://ncicb.nci.nih.gov/xml/owl/EVS/Thesaurus.owl+ACM-C87053,1
1168,http://snomed.info/id/80127003,http://ncicb.nci.nih.gov/xml/owl/EVS/Thesaurus.owl+ACM-C87053,1
1169,http://snomed.info/id/387220006,http://ncicb.nci.nih.gov/xml/owl/EVS/Thesaurus.owl+ACM-C93038,1
1170,http://snomed.info/id/40556005,http://ncicb.nci.nih.gov/xml/owl/EVS/Thesaurus.owl+ACM-C93038,1
1171,http://snomed.info/id/84317008,http://ncicb.nci.nih.gov/xml/owl/EVS/Thesaurus.owl+ACM-C281,1
1172,http://snomed.info/id/372895002,http://ncicb.nci.nih.gov/xml/owl/EVS/Thesaurus.owl+ACM-C47796,1
1173,http://snomed.info/id/90356005,http://ncicb.nci.nih.gov/xml/owl/EVS/Thesaurus.owl+ACM-C47796,1
1174,http://snomed.info/id/386848009,http://ncicb.nci.nih.gov/xml/owl/EVS/Thesaurus.owl+ACM-C29710,1
1175,http://snomed.info/id/108438008,http://ncicb.nci.nih.gov/xml/owl/EVS/Thesaurus.owl+ACM-C29710,1
1176,http://snomed.info/id/18381001,http://ncicb.nci.nih.gov/xml/owl/EVS/Thesaurus.owl+ACM-C29576,1
1177,http://snomed.info/id/387102009,http://ncicb.nci.nih.gov/xml/owl/EVS/Thesaurus.owl+ACM-C29576,1
1178,http://snomed.info/id/96079005,http://ncicb.nci.nih.gov/xml/owl/EVS/Thesaurus.owl+ACM-C255,1
1179,http://snomed.info/id/702807004,http://ncicb.nci.nih.gov/xml/owl/EVS/Thesaurus.owl+ACM-C795,1
1180,http://snomed.info/id/70001008,http://ncicb.nci.nih.gov/xml/owl/EVS/Thesaurus.owl+ACM-C29710,1
1181,http://snomed.info/id/428714003,http://ncicb.nci.nih.gov/xml/owl/EVS/Thesaurus.owl+ACM-C250,1
1182,http://snomed.info/id/70343008,http://ncicb.nci.nih.gov/xml/owl/EVS/Thesaurus.owl+ACM-C250,1
1183,http://snomed.info/id/771347005,http://ncicb.nci.nih.gov/xml/owl/EVS/Thesaurus.owl+ACM-C250,1
1184,http://snomed.info/id/24823004,http://ncicb.nci.nih.gov/xml/owl/EVS/Thesaurus.owl+ACM-C1590,1
1185,http://snomed.info/id/395995004,http://ncicb.nci.nih.gov/xml/owl/EVS/Thesaurus.owl+ACM-C29710,1
1186,http://snomed.info/id/349879008,http://ncicb.nci.nih.gov/xml/owl/EVS/Thesaurus.owl+ACM-C29710,1
1187,http://snomed.info/id/59314005,http://ncicb.nci.nih.gov/xml/owl/EVS/Thesaurus.owl+ACM-C47795,1
1188,http://snomed.info/id/322998004,http://ncicb.nci.nih.gov/xml/owl/EVS/Thesaurus.owl+ACM-C1509,1
1189,http://snomed.info/id/395833008,http://ncicb.nci.nih.gov/xml/owl/EVS/Thesaurus.owl+ACM-C1509,1
1190,http://snomed.info/id/713435009,http://ncicb.nci.nih.gov/xml/owl/EVS/Thesaurus.owl+ACM-C66884,1
1191,http://snomed.info/id/707837002,http://ncicb.nci.nih.gov/xml/owl/EVS/Thesaurus.owl+ACM-C1506,1
1192,http://snomed.info/id/27754002,http://ncicb.nci.nih.gov/xml/owl/EVS/Thesaurus.owl+ACM-C1323,1
1193,http://snomed.info/id/387153005,http://ncicb.nci.nih.gov/xml/owl/EVS/Thesaurus.owl+ACM-C1323,1
1194,http://snomed.info/id/395834002,http://ncicb.nci.nih.gov/xml/owl/EVS/Thesaurus.owl+ACM-C66885,1
1195,http://snomed.info/id/349963006,http://ncicb.nci.nih.gov/xml/owl/EVS/Thesaurus.owl+ACM-C66885,1
1196,http://snomed.info/id/71462001,http://ncicb.nci.nih.gov/xml/owl/EVS/Thesaurus.owl+ACM-C1331,1
1197,http://snomed.info/id/387398009,http://ncicb.nci.nih.gov/xml/owl/EVS/Thesaurus.owl+ACM-C1331,1
1198,http://snomed.info/id/95988006,http://ncicb.nci.nih.gov/xml/owl/EVS/Thesaurus.owl+ACM-C83486,1
1199,http://snomed.info/id/712568008,http://ncicb.nci.nih.gov/xml/owl/EVS/Thesaurus.owl+ACM-C82130,1
1200,http://snomed.info/id/713360008,http://ncicb.nci.nih.gov/xml/owl/EVS/Thesaurus.owl+ACM-C82130,1
1201,http://snomed.info/id/421083001,http://ncicb.nci.nih.gov/xml/owl/EVS/Thesaurus.owl+ACM-C82130,1
1202,http://snomed.info/id/712567003,http://ncicb.nci.nih.gov/xml/owl/EVS/Thesaurus.owl+ACM-C82130,1
1203,http://snomed.info/id/8030004,http://ncicb.nci.nih.gov/xml/owl/EVS/Thesaurus.owl+ACM-C82130,1
1204,http://snomed.info/id/356076006,http://ncicb.nci.nih.gov/xml/owl/EVS/Thesaurus.owl+ACM-C82130,1
1205,http://snomed.info/id/395836000,http://ncicb.nci.nih.gov/xml/owl/EVS/Thesaurus.owl+ACM-C314,1
1206,http://snomed.info/id/420778005,http://ncicb.nci.nih.gov/xml/owl/EVS/Thesaurus.owl+ACM-C314,1
1207,http://snomed.info/id/71544008,http://ncicb.nci.nih.gov/xml/owl/EVS/Thesaurus.owl+ACM-C344,1
1208,http://snomed.info/id/255899003,http://ncicb.nci.nih.gov/xml/owl/EVS/Thesaurus.owl+ACM-C83486,1
1209,http://snomed.info/id/85468002,http://ncicb.nci.nih.gov/xml/owl/EVS/Thesaurus.owl+ACM-C49185,1
1210,http://snomed.info/id/387492006,http://ncicb.nci.nih.gov/xml/owl/EVS/Thesaurus.owl+ACM-C49185,1
1211,http://snomed.info/id/396449009,http://ncicb.nci.nih.gov/xml/owl/EVS/Thesaurus.owl+ACM-C77491,1
1212,http://snomed.info/id/56934003,http://ncicb.nci.nih.gov/xml/owl/EVS/Thesaurus.owl+ACM-C77491,1
1213,http://snomed.info/id/76390000,http://ncicb.nci.nih.gov/xml/owl/EVS/Thesaurus.owl+ACM-C29576,1
1214,http://snomed.info/id/387436006,http://ncicb.nci.nih.gov/xml/owl/EVS/Thesaurus.owl+ACM-C29576,1
1215,http://snomed.info/id/387417001,http://ncicb.nci.nih.gov/xml/owl/EVS/Thesaurus.owl+ACM-C1012,1
1216,http://snomed.info/id/74065006,http://ncicb.nci.nih.gov/xml/owl/EVS/Thesaurus.owl+ACM-C1012,1
1217,http://snomed.info/id/55889005,http://ncicb.nci.nih.gov/xml/owl/EVS/Thesaurus.owl+ACM-C250,1
1218,http://snomed.info/id/387310003,http://ncicb.nci.nih.gov/xml/owl/EVS/Thesaurus.owl+ACM-C250,1
1219,http://snomed.info/id/387433003,http://ncicb.nci.nih.gov/xml/owl/EVS/Thesaurus.owl+ACM-C270,1
1220,http://snomed.info/id/76058001,http://ncicb.nci.nih.gov/xml/owl/EVS/Thesaurus.owl+ACM-C270,1
1221,http://snomed.info/id/387283005,http://ncicb.nci.nih.gov/xml/owl/EVS/Thesaurus.owl+ACM-C270,1
1222,http://snomed.info/id/52388000,http://ncicb.nci.nih.gov/xml/owl/EVS/Thesaurus.owl+ACM-C521,1
1223,http://snomed.info/id/116601002,http://ncicb.nci.nih.gov/xml/owl/EVS/Thesaurus.owl+ACM-C521,1
1224,http://snomed.info/id/51908007,http://ncicb.nci.nih.gov/xml/owl/EVS/Thesaurus.owl+ACM-C29707,1
1225,http://snomed.info/id/387288001,http://ncicb.nci.nih.gov/xml/owl/EVS/Thesaurus.owl+ACM-C29707,1
1226,http://snomed.info/id/36391008,http://ncicb.nci.nih.gov/xml/owl/EVS/Thesaurus.owl+ACM-C271,1
1227,http://snomed.info/id/429663004,http://ncicb.nci.nih.gov/xml/owl/EVS/Thesaurus.owl+ACM-C271,1
1228,http://snomed.info/id/426320005,http://ncicb.nci.nih.gov/xml/owl/EVS/Thesaurus.owl+ACM-C271,1
1229,http://snomed.info/id/47120002,http://ncicb.nci.nih.gov/xml/owl/EVS/Thesaurus.owl+ACM-C67084,1
1230,http://snomed.info/id/387256009,http://ncicb.nci.nih.gov/xml/owl/EVS/Thesaurus.owl+ACM-C67084,1
1231,http://snomed.info/id/387365004,http://ncicb.nci.nih.gov/xml/owl/EVS/Thesaurus.owl+ACM-C921,1
1232,http://snomed.info/id/66094001,http://ncicb.nci.nih.gov/xml/owl/EVS/Thesaurus.owl+ACM-C921,1
1233,http://snomed.info/id/387178009,http://ncicb.nci.nih.gov/xml/owl/EVS/Thesaurus.owl+ACM-C29703,1
1234,http://snomed.info/id/32474005,http://ncicb.nci.nih.gov/xml/owl/EVS/Thesaurus.owl+ACM-C29703,1
1235,http://snomed.info/id/11959009,http://ncicb.nci.nih.gov/xml/owl/EVS/Thesaurus.owl+ACM-C93038,1
1236,http://snomed.info/id/372589008,http://ncicb.nci.nih.gov/xml/owl/EVS/Thesaurus.owl+ACM-C47793,1
1237,http://snomed.info/id/387474003,http://ncicb.nci.nih.gov/xml/owl/EVS/Thesaurus.owl+ACM-C902,1
1238,http://snomed.info/id/81583003,http://ncicb.nci.nih.gov/xml/owl/EVS/Thesaurus.owl+ACM-C902,1
1239,http://snomed.info/id/10174003,http://ncicb.nci.nih.gov/xml/owl/EVS/Thesaurus.owl+ACM-C902,1
1240,http://snomed.info/id/108603001,http://ncicb.nci.nih.gov/xml/owl/EVS/Thesaurus.owl+ACM-C98150,1
1241,http://snomed.info/id/386879008,http://ncicb.nci.nih.gov/xml/owl/EVS/Thesaurus.owl+ACM-C98150,1
1242,http://snomed.info/id/372853006,http://ncicb.nci.nih.gov/xml/owl/EVS/Thesaurus.owl+ACM-C740,1
1243,http://snomed.info/id/79129001,http://ncicb.nci.nih.gov/xml/owl/EVS/Thesaurus.owl+ACM-C740,1
1244,http://snomed.info/id/3823007,http://ncicb.nci.nih.gov/xml/owl/EVS/Thesaurus.owl+ACM-C740,1
1245,http://snomed.info/id/22827004,http://ncicb.nci.nih.gov/xml/owl/EVS/Thesaurus.owl+ACM-C740,1
1246,http://snomed.info/id/418275007,http://ncicb.nci.nih.gov/xml/owl/EVS/Thesaurus.owl+ACM-C28394,1
1247,http://snomed.info/id/395844000,http://ncicb.nci.nih.gov/xml/owl/EVS/Thesaurus.owl+ACM-C28394,1
1248,http://snomed.info/id/44658005,http://ncicb.nci.nih.gov/xml/owl/EVS/Thesaurus.owl+ACM-C740,1
1249,http://snomed.info/id/372741002,http://ncicb.nci.nih.gov/xml/owl/EVS/Thesaurus.owl+ACM-C740,1
1250,http://snomed.info/id/372871004,http://ncicb.nci.nih.gov/xml/owl/EVS/Thesaurus.owl+ACM-C740,1
1251,http://snomed.info/id/8372007,http://ncicb.nci.nih.gov/xml/owl/EVS/Thesaurus.owl+ACM-C740,1
1252,http://snomed.info/id/372910007,http://ncicb.nci.nih.gov/xml/owl/EVS/Thesaurus.owl+ACM-C47793,1
1253,http://snomed.info/id/96300001,http://ncicb.nci.nih.gov/xml/owl/EVS/Thesaurus.owl+ACM-C93038,1
1254,http://snomed.info/id/321467007,http://ncicb.nci.nih.gov/xml/owl/EVS/Thesaurus.owl+ACM-C29710,1
1255,http://snomed.info/id/395825007,http://ncicb.nci.nih.gov/xml/owl/EVS/Thesaurus.owl+ACM-C29710,1
1256,http://snomed.info/id/373493007,http://ncicb.nci.nih.gov/xml/owl/EVS/Thesaurus.owl+ACM-C29710,1
1257,http://snomed.info/id/41324009,http://ncicb.nci.nih.gov/xml/owl/EVS/Thesaurus.owl+ACM-C29710,1
1258,http://snomed.info/id/387423006,http://ncicb.nci.nih.gov/xml/owl/EVS/Thesaurus.owl+ACM-C29756,1
1259,http://snomed.info/id/74674007,http://ncicb.nci.nih.gov/xml/owl/EVS/Thesaurus.owl+ACM-C29756,1
1260,http://snomed.info/id/117005003,http://ncicb.nci.nih.gov/xml/owl/EVS/Thesaurus.owl+ACM-C241,1
1261,http://snomed.info/id/387042001,http://ncicb.nci.nih.gov/xml/owl/EVS/Thesaurus.owl+ACM-C67413,1
1262,http://snomed.info/id/6837005,http://ncicb.nci.nih.gov/xml/owl/EVS/Thesaurus.owl+ACM-C1506,1
1263,http://snomed.info/id/55745002,http://ncicb.nci.nih.gov/xml/owl/EVS/Thesaurus.owl+ACM-C29576,1
1264,http://snomed.info/id/372772003,http://ncicb.nci.nih.gov/xml/owl/EVS/Thesaurus.owl+ACM-C29576,1
1265,http://snomed.info/id/255900008,http://ncicb.nci.nih.gov/xml/owl/EVS/Thesaurus.owl+ACM-C45678,1
1266,http://snomed.info/id/411258007,http://ncicb.nci.nih.gov/xml/owl/EVS/Thesaurus.owl+ACM-C45678,1
1267,http://snomed.info/id/387203007,http://ncicb.nci.nih.gov/xml/owl/EVS/Thesaurus.owl+ACM-C885,1
1268,http://snomed.info/id/3814009,http://ncicb.nci.nih.gov/xml/owl/EVS/Thesaurus.owl+ACM-C885,1
1269,http://snomed.info/id/83407008,http://ncicb.nci.nih.gov/xml/owl/EVS/Thesaurus.owl+ACM-C221,1
1270,http://snomed.info/id/372760009,http://ncicb.nci.nih.gov/xml/owl/EVS/Thesaurus.owl+ACM-C94727,1
1271,http://snomed.info/id/49299006,http://ncicb.nci.nih.gov/xml/owl/EVS/Thesaurus.owl+ACM-C94727,1
1272,http://snomed.info/id/53513007,http://ncicb.nci.nih.gov/xml/owl/EVS/Thesaurus.owl+ACM-C47794,1
1273,http://snomed.info/id/418183005,http://ncicb.nci.nih.gov/xml/owl/EVS/Thesaurus.owl+ACM-C1708,1
1274,http://snomed.info/id/36068003,http://ncicb.nci.nih.gov/xml/owl/EVS/Thesaurus.owl+ACM-C250,1
1275,http://snomed.info/id/387193008,http://ncicb.nci.nih.gov/xml/owl/EVS/Thesaurus.owl+ACM-C250,1
1276,http://snomed.info/id/25013003,http://ncicb.nci.nih.gov/xml/owl/EVS/Thesaurus.owl+ACM-C250,1
1277,http://snomed.info/id/96117000,http://ncicb.nci.nih.gov/xml/owl/EVS/Thesaurus.owl+ACM-C250,1
1278,http://snomed.info/id/349962001,http://ncicb.nci.nih.gov/xml/owl/EVS/Thesaurus.owl+ACM-C29578,1
1279,http://snomed.info/id/387087002,http://ncicb.nci.nih.gov/xml/owl/EVS/Thesaurus.owl+ACM-C29578,1
1280,http://snomed.info/id/373769001,http://ncicb.nci.nih.gov/xml/owl/EVS/Thesaurus.owl+ACM-C2153,1
1281,http://snomed.info/id/59589008,http://ncicb.nci.nih.gov/xml/owl/EVS/Thesaurus.owl+ACM-C2153,1
1282,http://snomed.info/id/703591006,http://ncicb.nci.nih.gov/xml/owl/EVS/Thesaurus.owl+ACM-C47795,1
1283,http://snomed.info/id/350225009,http://ncicb.nci.nih.gov/xml/owl/EVS/Thesaurus.owl+ACM-C277,1
1284,http://snomed.info/id/387445007,http://ncicb.nci.nih.gov/xml/owl/EVS/Thesaurus.owl+ACM-C277,1
1285,http://snomed.info/id/372697008,http://ncicb.nci.nih.gov/xml/owl/EVS/Thesaurus.owl+ACM-C93038,1
1286,http://snomed.info/id/31306009,http://ncicb.nci.nih.gov/xml/owl/EVS/Thesaurus.owl+ACM-C271,1
1287,http://snomed.info/id/82230005,http://ncicb.nci.nih.gov/xml/owl/EVS/Thesaurus.owl+ACM-C271,1
1288,http://snomed.info/id/47065008,http://ncicb.nci.nih.gov/xml/owl/EVS/Thesaurus.owl+ACM-C271,1
1289,http://snomed.info/id/373497008,http://ncicb.nci.nih.gov/xml/owl/EVS/Thesaurus.owl+ACM-C271,1
1290,http://snomed.info/id/66508001,http://ncicb.nci.nih.gov/xml/owl/EVS/Thesaurus.owl+ACM-C271,1
1291,http://snomed.info/id/47857006,http://ncicb.nci.nih.gov/xml/owl/EVS/Thesaurus.owl+ACM-C271,1
1292,http://snomed.info/id/372755005,http://ncicb.nci.nih.gov/xml/owl/EVS/Thesaurus.owl+ACM-C29702,1
1293,http://snomed.info/id/48174005,http://ncicb.nci.nih.gov/xml/owl/EVS/Thesaurus.owl+ACM-C29702,1
1294,http://snomed.info/id/387518009,http://ncicb.nci.nih.gov/xml/owl/EVS/Thesaurus.owl+ACM-C360,1
1295,http://snomed.info/id/90346006,http://ncicb.nci.nih.gov/xml/owl/EVS/Thesaurus.owl+ACM-C360,1
1296,http://snomed.info/id/2927004,http://ncicb.nci.nih.gov/xml/owl/EVS/Thesaurus.owl+ACM-C270,1
1297,http://snomed.info/id/78379001,http://ncicb.nci.nih.gov/xml/owl/EVS/Thesaurus.owl+ACM-C29747,1
1298,http://snomed.info/id/387447004,http://ncicb.nci.nih.gov/xml/owl/EVS/Thesaurus.owl+ACM-C1744,1
1299,http://snomed.info/id/372579009,http://ncicb.nci.nih.gov/xml/owl/EVS/Thesaurus.owl+ACM-C54060,1
1300,http://snomed.info/id/116085009,http://ncicb.nci.nih.gov/xml/owl/EVS/Thesaurus.owl+ACM-C54060,1
1301,http://snomed.info/id/387188005,http://ncicb.nci.nih.gov/xml/owl/EVS/Thesaurus.owl+ACM-C281,1
1302,http://snomed.info/id/35063004,http://ncicb.nci.nih.gov/xml/owl/EVS/Thesaurus.owl+ACM-C281,1
1303,http://snomed.info/id/372532009,http://ncicb.nci.nih.gov/xml/owl/EVS/Thesaurus.owl+ACM-C281,1
1304,http://snomed.info/id/108712009,http://ncicb.nci.nih.gov/xml/owl/EVS/Thesaurus.owl+ACM-C281,1
1305,http://snomed.info/id/782178009,http://ncicb.nci.nih.gov/xml/owl/EVS/Thesaurus.owl+ACM-C277,1
1306,http://snomed.info/id/68077006,http://ncicb.nci.nih.gov/xml/owl/EVS/Thesaurus.owl+ACM-C792,1
1307,http://snomed.info/id/126145002,http://ncicb.nci.nih.gov/xml/owl/EVS/Thesaurus.owl+ACM-C792,1
1308,http://snomed.info/id/441816007,http://ncicb.nci.nih.gov/xml/owl/EVS/Thesaurus.owl+ACM-C275,1
1309,http://snomed.info/id/422323005,http://ncicb.nci.nih.gov/xml/owl/EVS/Thesaurus.owl+ACM-C283,1
1310,http://snomed.info/id/27138006,http://ncicb.nci.nih.gov/xml/owl/EVS/Thesaurus.owl+ACM-C283,1
1311,http://snomed.info/id/22192002,http://ncicb.nci.nih.gov/xml/owl/EVS/Thesaurus.owl+ACM-C257,1
1312,http://snomed.info/id/400325002,http://ncicb.nci.nih.gov/xml/owl/EVS/Thesaurus.owl+ACM-C257,1
1313,http://snomed.info/id/60905001,http://ncicb.nci.nih.gov/xml/owl/EVS/Thesaurus.owl+ACM-C28394,1
1314,http://snomed.info/id/387248006,http://ncicb.nci.nih.gov/xml/owl/EVS/Thesaurus.owl+ACM-C257,1
1315,http://snomed.info/id/45844004,http://ncicb.nci.nih.gov/xml/owl/EVS/Thesaurus.owl+ACM-C257,1
1316,http://snomed.info/id/387253001,http://ncicb.nci.nih.gov/xml/owl/EVS/Thesaurus.owl+ACM-C257,1
1317,http://snomed.info/id/46741005,http://ncicb.nci.nih.gov/xml/owl/EVS/Thesaurus.owl+ACM-C257,1
1318,http://snomed.info/id/346328005,http://ncicb.nci.nih.gov/xml/owl/EVS/Thesaurus.owl+ACM-C29639,1
1319,http://snomed.info/id/462993008,http://ncicb.nci.nih.gov/xml/owl/EVS/Thesaurus.owl+ACM-C29639,1
1320,http://snomed.info/id/8767001,http://ncicb.nci.nih.gov/xml/owl/EVS/Thesaurus.owl+ACM-C250,1
1321,http://snomed.info/id/72870001,http://ncicb.nci.nih.gov/xml/owl/EVS/Thesaurus.owl+ACM-C29706,1
1322,http://snomed.info/id/48899009,http://ncicb.nci.nih.gov/xml/owl/EVS/Thesaurus.owl+ACM-C29706,1
1323,http://snomed.info/id/387409009,http://ncicb.nci.nih.gov/xml/owl/EVS/Thesaurus.owl+ACM-C29706,1
1324,http://snomed.info/id/387477005,http://ncicb.nci.nih.gov/xml/owl/EVS/Thesaurus.owl+ACM-C29706,1
1325,http://snomed.info/id/42444000,http://ncicb.nci.nih.gov/xml/owl/EVS/Thesaurus.owl+ACM-C67084,1
1326,http://snomed.info/id/372737001,http://ncicb.nci.nih.gov/xml/owl/EVS/Thesaurus.owl+ACM-C67084,1
1327,http://snomed.info/id/372497003,http://ncicb.nci.nih.gov/xml/owl/EVS/Thesaurus.owl+ACM-C667,1
1328,http://snomed.info/id/108466000,http://ncicb.nci.nih.gov/xml/owl/EVS/Thesaurus.owl+ACM-C667,1
1329,http://snomed.info/id/710051007,http://ncicb.nci.nih.gov/xml/owl/EVS/Thesaurus.owl+ACM-C275,1
1330,http://snomed.info/id/53859000,http://ncicb.nci.nih.gov/xml/owl/EVS/Thesaurus.owl+ACM-C699,1
1331,http://snomed.info/id/19630009,http://ncicb.nci.nih.gov/xml/owl/EVS/Thesaurus.owl+ACM-C29739,1
1332,http://snomed.info/id/387112002,http://ncicb.nci.nih.gov/xml/owl/EVS/Thesaurus.owl+ACM-C29739,1
1333,http://snomed.info/id/387442005,http://ncicb.nci.nih.gov/xml/owl/EVS/Thesaurus.owl+ACM-C29738,1
1334,http://snomed.info/id/77898008,http://ncicb.nci.nih.gov/xml/owl/EVS/Thesaurus.owl+ACM-C29738,1
1335,http://snomed.info/id/387343004,http://ncicb.nci.nih.gov/xml/owl/EVS/Thesaurus.owl+ACM-C67084,1
1336,http://snomed.info/id/51224002,http://ncicb.nci.nih.gov/xml/owl/EVS/Thesaurus.owl+ACM-C82130,1
1337,http://snomed.info/id/412310002,http://ncicb.nci.nih.gov/xml/owl/EVS/Thesaurus.owl+ACM-C83486,1
1338,http://snomed.info/id/387581008,http://ncicb.nci.nih.gov/xml/owl/EVS/Thesaurus.owl+ACM-C67439,1
1339,http://snomed.info/id/96284009,http://ncicb.nci.nih.gov/xml/owl/EVS/Thesaurus.owl+ACM-C443,1
1340,http://snomed.info/id/75665004,http://ncicb.nci.nih.gov/xml/owl/EVS/Thesaurus.owl+ACM-C45678,1
1341,http://snomed.info/id/50045009,http://ncicb.nci.nih.gov/xml/owl/EVS/Thesaurus.owl+ACM-C263,1
1342,http://snomed.info/id/78859001,http://ncicb.nci.nih.gov/xml/owl/EVS/Thesaurus.owl+ACM-C83486,1
1343,http://snomed.info/id/424557000,http://ncicb.nci.nih.gov/xml/owl/EVS/Thesaurus.owl+ACM-C83486,1
1344,http://snomed.info/id/387139005,http://ncicb.nci.nih.gov/xml/owl/EVS/Thesaurus.owl+ACM-C1937,1
1345,http://snomed.info/id/386029006,http://ncicb.nci.nih.gov/xml/owl/EVS/Thesaurus.owl+ACM-C2199,1
1346,http://snomed.info/id/410917003,http://ncicb.nci.nih.gov/xml/owl/EVS/Thesaurus.owl+ACM-C2199,1
1347,http://snomed.info/id/387411000,http://ncicb.nci.nih.gov/xml/owl/EVS/Thesaurus.owl+ACM-C257,1
1348,http://snomed.info/id/72968006,http://ncicb.nci.nih.gov/xml/owl/EVS/Thesaurus.owl+ACM-C257,1
1349,http://snomed.info/id/387320008,http://ncicb.nci.nih.gov/xml/owl/EVS/Thesaurus.owl+ACM-C78275,1
1350,http://snomed.info/id/57616006,http://ncicb.nci.nih.gov/xml/owl/EVS/Thesaurus.owl+ACM-C78275,1
1351,http://snomed.info/id/19839007,http://ncicb.nci.nih.gov/xml/owl/EVS/Thesaurus.owl+ACM-C218,1
1352,http://snomed.info/id/412513004,http://ncicb.nci.nih.gov/xml/owl/EVS/Thesaurus.owl+ACM-C218,1
1353,http://snomed.info/id/96301002,http://ncicb.nci.nih.gov/xml/owl/EVS/Thesaurus.owl+ACM-C93038,1
1354,http://snomed.info/id/372911006,http://ncicb.nci.nih.gov/xml/owl/EVS/Thesaurus.owl+ACM-C93038,1
1355,http://snomed.info/id/377002,http://ncicb.nci.nih.gov/xml/owl/EVS/Thesaurus.owl+ACM-C47793,1
1356,http://snomed.info/id/77222007,http://ncicb.nci.nih.gov/xml/owl/EVS/Thesaurus.owl+ACM-C28197,1
1357,http://snomed.info/id/387078006,http://ncicb.nci.nih.gov/xml/owl/EVS/Thesaurus.owl+ACM-C49186,1
1358,http://snomed.info/id/13929005,http://ncicb.nci.nih.gov/xml/owl/EVS/Thesaurus.owl+ACM-C49186,1
1359,http://snomed.info/id/420674004,http://ncicb.nci.nih.gov/xml/owl/EVS/Thesaurus.owl+ACM-C68421,1
1360,http://snomed.info/id/259577009,http://ncicb.nci.nih.gov/xml/owl/EVS/Thesaurus.owl+ACM-C68388,1
1361,http://snomed.info/id/372724004,http://ncicb.nci.nih.gov/xml/owl/EVS/Thesaurus.owl+ACM-C29696,1
1362,http://snomed.info/id/3822002,http://ncicb.nci.nih.gov/xml/owl/EVS/Thesaurus.owl+ACM-C29696,1
1363,http://snomed.info/id/69967001,http://ncicb.nci.nih.gov/xml/owl/EVS/Thesaurus.owl+ACM-C2080,1
1364,http://snomed.info/id/387387008,http://ncicb.nci.nih.gov/xml/owl/EVS/Thesaurus.owl+ACM-C797,1
1365,http://snomed.info/id/372676007,http://ncicb.nci.nih.gov/xml/owl/EVS/Thesaurus.owl+ACM-C29739,1
1366,http://snomed.info/id/23827009,http://ncicb.nci.nih.gov/xml/owl/EVS/Thesaurus.owl+ACM-C29739,1
1367,http://snomed.info/id/371431002,http://ncicb.nci.nih.gov/xml/owl/EVS/Thesaurus.owl+ACM-C271,1
1368,http://snomed.info/id/70570002,http://ncicb.nci.nih.gov/xml/owl/EVS/Thesaurus.owl+ACM-C271,1
1369,http://snomed.info/id/324407006,http://ncicb.nci.nih.gov/xml/owl/EVS/Thesaurus.owl+ACM-C29739,1
1370,http://snomed.info/id/395890008,http://ncicb.nci.nih.gov/xml/owl/EVS/Thesaurus.owl+ACM-C29739,1
1371,http://snomed.info/id/5767002,http://ncicb.nci.nih.gov/xml/owl/EVS/Thesaurus.owl+ACM-C29739,1
1372,http://snomed.info/id/70254000,http://ncicb.nci.nih.gov/xml/owl/EVS/Thesaurus.owl+ACM-C29739,1
1373,http://snomed.info/id/387389006,http://ncicb.nci.nih.gov/xml/owl/EVS/Thesaurus.owl+ACM-C29739,1
1374,http://snomed.info/id/50848005,http://ncicb.nci.nih.gov/xml/owl/EVS/Thesaurus.owl+ACM-C29739,1
1375,http://snomed.info/id/387093005,http://ncicb.nci.nih.gov/xml/owl/EVS/Thesaurus.owl+ACM-C29739,1
1376,http://snomed.info/id/16867004,http://ncicb.nci.nih.gov/xml/owl/EVS/Thesaurus.owl+ACM-C29739,1
1377,http://snomed.info/id/387108008,http://ncicb.nci.nih.gov/xml/owl/EVS/Thesaurus.owl+ACM-C921,1
1378,http://snomed.info/id/19261005,http://ncicb.nci.nih.gov/xml/owl/EVS/Thesaurus.owl+ACM-C921,1
1379,http://snomed.info/id/4014000,http://ncicb.nci.nih.gov/xml/owl/EVS/Thesaurus.owl+ACM-C29739,1
1380,http://snomed.info/id/372858002,http://ncicb.nci.nih.gov/xml/owl/EVS/Thesaurus.owl+ACM-C29739,1
1381,http://snomed.info/id/80732005,http://ncicb.nci.nih.gov/xml/owl/EVS/Thesaurus.owl+ACM-C29739,1
1382,http://snomed.info/id/387513000,http://ncicb.nci.nih.gov/xml/owl/EVS/Thesaurus.owl+ACM-C1323,1
1383,http://snomed.info/id/89505005,http://ncicb.nci.nih.gov/xml/owl/EVS/Thesaurus.owl+ACM-C1323,1
1384,http://snomed.info/id/321506004,http://ncicb.nci.nih.gov/xml/owl/EVS/Thesaurus.owl+ACM-C66883,1
1385,http://snomed.info/id/395891007,http://ncicb.nci.nih.gov/xml/owl/EVS/Thesaurus.owl+ACM-C66883,1
1386,http://snomed.info/id/398627003,http://ncicb.nci.nih.gov/xml/owl/EVS/Thesaurus.owl+ACM-C257,1
1387,http://snomed.info/id/108849007,http://ncicb.nci.nih.gov/xml/owl/EVS/Thesaurus.owl+ACM-C257,1
1388,http://snomed.info/id/714082002,http://ncicb.nci.nih.gov/xml/owl/EVS/Thesaurus.owl+ACM-C1971,1
1389,http://snomed.info/id/714537005,http://ncicb.nci.nih.gov/xml/owl/EVS/Thesaurus.owl+ACM-C1971,1
1390,http://snomed.info/id/12208001,http://ncicb.nci.nih.gov/xml/owl/EVS/Thesaurus.owl+ACM-C270,1
1391,http://snomed.info/id/373345002,http://ncicb.nci.nih.gov/xml/owl/EVS/Thesaurus.owl+ACM-C1821,1
1392,http://snomed.info/id/75959001,http://ncicb.nci.nih.gov/xml/owl/EVS/Thesaurus.owl+ACM-C1821,1
1393,http://snomed.info/id/41412001,http://ncicb.nci.nih.gov/xml/owl/EVS/Thesaurus.owl+ACM-C45678,1
1394,http://snomed.info/id/387300007,http://ncicb.nci.nih.gov/xml/owl/EVS/Thesaurus.owl+ACM-C1012,1
1395,http://snomed.info/id/54705000,http://ncicb.nci.nih.gov/xml/owl/EVS/Thesaurus.owl+ACM-C1012,1
1396,http://snomed.info/id/387460005,http://ncicb.nci.nih.gov/xml/owl/EVS/Thesaurus.owl+ACM-C1331,1
1397,http://snomed.info/id/7959004,http://ncicb.nci.nih.gov/xml/owl/EVS/Thesaurus.owl+ACM-C1331,1
1398,http://snomed.info/id/372745006,http://ncicb.nci.nih.gov/xml/owl/EVS/Thesaurus.owl+ACM-C319,1
1399,http://snomed.info/id/45311002,http://ncicb.nci.nih.gov/xml/owl/EVS/Thesaurus.owl+ACM-C319,1
1400,http://snomed.info/id/24583009,http://ncicb.nci.nih.gov/xml/owl/EVS/Thesaurus.owl+ACM-C319,1
1401,http://snomed.info/id/323260004,http://ncicb.nci.nih.gov/xml/owl/EVS/Thesaurus.owl+ACM-C471,1
1402,http://snomed.info/id/363581004,http://ncicb.nci.nih.gov/xml/owl/EVS/Thesaurus.owl+ACM-C471,1
1403,http://snomed.info/id/89851001,http://ncicb.nci.nih.gov/xml/owl/EVS/Thesaurus.owl+ACM-C1657,1
1404,http://snomed.info/id/75371004,http://ncicb.nci.nih.gov/xml/owl/EVS/Thesaurus.owl+ACM-C319,1
1405,http://snomed.info/id/372810006,http://ncicb.nci.nih.gov/xml/owl/EVS/Thesaurus.owl+ACM-C221,1
1406,http://snomed.info/id/66493003,http://ncicb.nci.nih.gov/xml/owl/EVS/Thesaurus.owl+ACM-C319,1
1407,http://snomed.info/id/416624006,http://ncicb.nci.nih.gov/xml/owl/EVS/Thesaurus.owl+ACM-C250,1
1408,http://snomed.info/id/36594001,http://ncicb.nci.nih.gov/xml/owl/EVS/Thesaurus.owl+ACM-C250,1
1409,http://snomed.info/id/40342009,http://ncicb.nci.nih.gov/xml/owl/EVS/Thesaurus.owl+ACM-C67084,1
1410,http://snomed.info/id/764663005,http://ncicb.nci.nih.gov/xml/owl/EVS/Thesaurus.owl+ACM-C67084,1
1411,http://snomed.info/id/764664004,http://ncicb.nci.nih.gov/xml/owl/EVS/Thesaurus.owl+ACM-C67084,1
1412,http://snomed.info/id/411211004,http://ncicb.nci.nih.gov/xml/owl/EVS/Thesaurus.owl+ACM-C45678,1
1413,http://snomed.info/id/3379001,http://ncicb.nci.nih.gov/xml/owl/EVS/Thesaurus.owl+ACM-C28394,1
1414,http://snomed.info/id/17848009,http://ncicb.nci.nih.gov/xml/owl/EVS/Thesaurus.owl+ACM-C29710,1
1415,http://snomed.info/id/372706001,http://ncicb.nci.nih.gov/xml/owl/EVS/Thesaurus.owl+ACM-C29710,1
1416,http://snomed.info/id/33588000,http://ncicb.nci.nih.gov/xml/owl/EVS/Thesaurus.owl+ACM-C29710,1
1417,http://snomed.info/id/62529008,http://ncicb.nci.nih.gov/xml/owl/EVS/Thesaurus.owl+ACM-C29710,1
1418,http://snomed.info/id/372804006,http://ncicb.nci.nih.gov/xml/owl/EVS/Thesaurus.owl+ACM-C29710,1
1419,http://snomed.info/id/55358003,http://ncicb.nci.nih.gov/xml/owl/EVS/Thesaurus.owl+ACM-C29574,1
1420,http://snomed.info/id/54932001,http://ncicb.nci.nih.gov/xml/owl/EVS/Thesaurus.owl+ACM-C28394,1
1421,http://snomed.info/id/331322007,http://ncicb.nci.nih.gov/xml/owl/EVS/Thesaurus.owl+ACM-C28394,1
1422,http://snomed.info/id/699180000,http://ncicb.nci.nih.gov/xml/owl/EVS/Thesaurus.owl+ACM-C66883,1
1423,http://snomed.info/id/108971003,http://ncicb.nci.nih.gov/xml/owl/EVS/Thesaurus.owl+ACM-C80483,1
1424,http://snomed.info/id/386950000,http://ncicb.nci.nih.gov/xml/owl/EVS/Thesaurus.owl+ACM-C80483,1
1425,http://snomed.info/id/64029000,http://ncicb.nci.nih.gov/xml/owl/EVS/Thesaurus.owl+ACM-C921,1
1426,http://snomed.info/id/96185000,http://ncicb.nci.nih.gov/xml/owl/EVS/Thesaurus.owl+ACM-C241,1
1427,http://snomed.info/id/373562008,http://ncicb.nci.nih.gov/xml/owl/EVS/Thesaurus.owl+ACM-C67413,1
1428,http://snomed.info/id/30236005,http://ncicb.nci.nih.gov/xml/owl/EVS/Thesaurus.owl+ACM-C281,1
1429,http://snomed.info/id/85591001,http://ncicb.nci.nih.gov/xml/owl/EVS/Thesaurus.owl+ACM-C29576,1
1430,http://snomed.info/id/372880004,http://ncicb.nci.nih.gov/xml/owl/EVS/Thesaurus.owl+ACM-C29576,1
1431,http://snomed.info/id/395907001,http://ncicb.nci.nih.gov/xml/owl/EVS/Thesaurus.owl+ACM-C277,1
1432,http://snomed.info/id/324550004,http://ncicb.nci.nih.gov/xml/owl/EVS/Thesaurus.owl+ACM-C277,1
1433,http://snomed.info/id/387186009,http://ncicb.nci.nih.gov/xml/owl/EVS/Thesaurus.owl+ACM-C97936,1
1434,http://snomed.info/id/34393009,http://ncicb.nci.nih.gov/xml/owl/EVS/Thesaurus.owl+ACM-C97936,1
1435,http://snomed.info/id/33124007,http://ncicb.nci.nih.gov/xml/owl/EVS/Thesaurus.owl+ACM-C97936,1
1436,http://snomed.info/id/373481003,http://ncicb.nci.nih.gov/xml/owl/EVS/Thesaurus.owl+ACM-C97936,1
1437,http://snomed.info/id/45680002,http://ncicb.nci.nih.gov/xml/owl/EVS/Thesaurus.owl+ACM-C257,1
1438,http://snomed.info/id/372748008,http://ncicb.nci.nih.gov/xml/owl/EVS/Thesaurus.owl+ACM-C257,1
1439,http://snomed.info/id/387204001,http://ncicb.nci.nih.gov/xml/owl/EVS/Thesaurus.owl+ACM-C514,1
1440,http://snomed.info/id/38166006,http://ncicb.nci.nih.gov/xml/owl/EVS/Thesaurus.owl+ACM-C514,1
1441,http://snomed.info/id/703717006,http://ncicb.nci.nih.gov/xml/owl/EVS/Thesaurus.owl+ACM-C29696,1
1442,http://snomed.info/id/386858008,http://ncicb.nci.nih.gov/xml/owl/EVS/Thesaurus.owl+ACM-C241,1
1443,http://snomed.info/id/108507005,http://ncicb.nci.nih.gov/xml/owl/EVS/Thesaurus.owl+ACM-C241,1
1444,http://snomed.info/id/386960009,http://ncicb.nci.nih.gov/xml/owl/EVS/Thesaurus.owl+ACM-C78311,1
1445,http://snomed.info/id/109006003,http://ncicb.nci.nih.gov/xml/owl/EVS/Thesaurus.owl+ACM-C78311,1
1446,http://snomed.info/id/89092006,http://ncicb.nci.nih.gov/xml/owl/EVS/Thesaurus.owl+ACM-C667,1
1447,http://snomed.info/id/372891006,http://ncicb.nci.nih.gov/xml/owl/EVS/Thesaurus.owl+ACM-C667,1
1448,http://snomed.info/id/117059000,http://ncicb.nci.nih.gov/xml/owl/EVS/Thesaurus.owl+ACM-C2360,1
1449,http://snomed.info/id/708662002,http://ncicb.nci.nih.gov/xml/owl/EVS/Thesaurus.owl+ACM-C319,1
1450,http://snomed.info/id/16946000,http://ncicb.nci.nih.gov/xml/owl/EVS/Thesaurus.owl+ACM-C1697,1
1451,http://snomed.info/id/6028009,http://ncicb.nci.nih.gov/xml/owl/EVS/Thesaurus.owl+ACM-C521,1
1452,http://snomed.info/id/116594009,http://ncicb.nci.nih.gov/xml/owl/EVS/Thesaurus.owl+ACM-C521,1
1453,http://snomed.info/id/395913005,http://ncicb.nci.nih.gov/xml/owl/EVS/Thesaurus.owl+ACM-C521,1
1454,http://snomed.info/id/12512008,http://ncicb.nci.nih.gov/xml/owl/EVS/Thesaurus.owl+ACM-C49186,1
1455,http://snomed.info/id/387053007,http://ncicb.nci.nih.gov/xml/owl/EVS/Thesaurus.owl+ACM-C49186,1
1456,http://snomed.info/id/111128007,http://ncicb.nci.nih.gov/xml/owl/EVS/Thesaurus.owl+ACM-C1012,1
1457,http://snomed.info/id/386984001,http://ncicb.nci.nih.gov/xml/owl/EVS/Thesaurus.owl+ACM-C1012,1
1458,http://snomed.info/id/409112007,http://ncicb.nci.nih.gov/xml/owl/EVS/Thesaurus.owl+ACM-C49185,1
1459,http://snomed.info/id/11473005,http://ncicb.nci.nih.gov/xml/owl/EVS/Thesaurus.owl+ACM-C49185,1
1460,http://snomed.info/id/16808006,http://ncicb.nci.nih.gov/xml/owl/EVS/Thesaurus.owl+ACM-C45386,1
1461,http://snomed.info/id/333887003,http://ncicb.nci.nih.gov/xml/owl/EVS/Thesaurus.owl+ACM-C45386,1
1462,http://snomed.info/id/20887007,http://ncicb.nci.nih.gov/xml/owl/EVS/Thesaurus.owl+ACM-C292,1
1463,http://snomed.info/id/71699007,http://ncicb.nci.nih.gov/xml/owl/EVS/Thesaurus.owl+ACM-C29710,1
1464,http://snomed.info/id/373524005,http://ncicb.nci.nih.gov/xml/owl/EVS/Thesaurus.owl+ACM-C29710,1
1465,http://snomed.info/id/58892008,http://ncicb.nci.nih.gov/xml/owl/EVS/Thesaurus.owl+ACM-C1557,1
1466,http://snomed.info/id/373512003,http://ncicb.nci.nih.gov/xml/owl/EVS/Thesaurus.owl+ACM-C1557,1
1467,http://snomed.info/id/5478006,http://ncicb.nci.nih.gov/xml/owl/EVS/Thesaurus.owl+ACM-C29710,1
1468,http://snomed.info/id/387301006,http://ncicb.nci.nih.gov/xml/owl/EVS/Thesaurus.owl+ACM-C29710,1
1469,http://snomed.info/id/30329006,http://ncicb.nci.nih.gov/xml/owl/EVS/Thesaurus.owl+ACM-C29710,1
1470,http://snomed.info/id/398816002,http://ncicb.nci.nih.gov/xml/owl/EVS/Thesaurus.owl+ACM-C29710,1
1471,http://snomed.info/id/387120000,http://ncicb.nci.nih.gov/xml/owl/EVS/Thesaurus.owl+ACM-C38149,1
1472,http://snomed.info/id/2190009,http://ncicb.nci.nih.gov/xml/owl/EVS/Thesaurus.owl+ACM-C38149,1
1473,http://snomed.info/id/698184001,http://ncicb.nci.nih.gov/xml/owl/EVS/Thesaurus.owl+ACM-C67413,1
1474,http://snomed.info/id/96180005,http://ncicb.nci.nih.gov/xml/owl/EVS/Thesaurus.owl+ACM-C67413,1
1475,http://snomed.info/id/108831007,http://ncicb.nci.nih.gov/xml/owl/EVS/Thesaurus.owl+ACM-C29576,1
1476,http://snomed.info/id/373446000,http://ncicb.nci.nih.gov/xml/owl/EVS/Thesaurus.owl+ACM-C29576,1
1477,http://snomed.info/id/387471006,http://ncicb.nci.nih.gov/xml/owl/EVS/Thesaurus.owl+ACM-C29756,1
1478,http://snomed.info/id/8109005,http://ncicb.nci.nih.gov/xml/owl/EVS/Thesaurus.owl+ACM-C29578,1
1479,http://snomed.info/id/1156140000,http://ncicb.nci.nih.gov/xml/owl/EVS/Thesaurus.owl+ACM-C78322,1
1480,http://snomed.info/id/703365009,http://ncicb.nci.nih.gov/xml/owl/EVS/Thesaurus.owl+ACM-C78322,1
1481,http://snomed.info/id/350607006,http://ncicb.nci.nih.gov/xml/owl/EVS/Thesaurus.owl+ACM-C66886,1
1482,http://snomed.info/id/373771001,http://ncicb.nci.nih.gov/xml/owl/EVS/Thesaurus.owl+ACM-C66886,1
1483,http://snomed.info/id/398731002,http://ncicb.nci.nih.gov/xml/owl/EVS/Thesaurus.owl+ACM-C2166,1
1484,http://snomed.info/id/373550009,http://ncicb.nci.nih.gov/xml/owl/EVS/Thesaurus.owl+ACM-C94727,1
1485,http://snomed.info/id/90426002,http://ncicb.nci.nih.gov/xml/owl/EVS/Thesaurus.owl+ACM-C94727,1
1486,http://snomed.info/id/262222001,http://ncicb.nci.nih.gov/xml/owl/EVS/Thesaurus.owl+ACM-C45678,1
1487,http://snomed.info/id/35464001,http://ncicb.nci.nih.gov/xml/owl/EVS/Thesaurus.owl+ACM-C29708,1
1488,http://snomed.info/id/67686004,http://ncicb.nci.nih.gov/xml/owl/EVS/Thesaurus.owl+ACM-C45678,1
1489,http://snomed.info/id/373475006,http://ncicb.nci.nih.gov/xml/owl/EVS/Thesaurus.owl+ACM-C29578,1
1490,http://snomed.info/id/25014009,http://ncicb.nci.nih.gov/xml/owl/EVS/Thesaurus.owl+ACM-C29578,1
1491,http://snomed.info/id/372678008,http://ncicb.nci.nih.gov/xml/owl/EVS/Thesaurus.owl+ACM-C29578,1
1492,http://snomed.info/id/25995007,http://ncicb.nci.nih.gov/xml/owl/EVS/Thesaurus.owl+ACM-C29578,1
1493,http://snomed.info/id/404882002,http://ncicb.nci.nih.gov/xml/owl/EVS/Thesaurus.owl+ACM-C802,1
1494,http://snomed.info/id/59034000,http://ncicb.nci.nih.gov/xml/owl/EVS/Thesaurus.owl+ACM-C802,1
1495,http://snomed.info/id/387526001,http://ncicb.nci.nih.gov/xml/owl/EVS/Thesaurus.owl+ACM-C1937,1
1496,http://snomed.info/id/9190005,http://ncicb.nci.nih.gov/xml/owl/EVS/Thesaurus.owl+ACM-C1937,1
1497,http://snomed.info/id/23969007,http://ncicb.nci.nih.gov/xml/owl/EVS/Thesaurus.owl+ACM-C52588,1
1498,http://snomed.info/id/37803001,http://ncicb.nci.nih.gov/xml/owl/EVS/Thesaurus.owl+ACM-C29696,1
1499,http://snomed.info/id/373486008,http://ncicb.nci.nih.gov/xml/owl/EVS/Thesaurus.owl+ACM-C29696,1
1500,http://snomed.info/id/441996005,http://ncicb.nci.nih.gov/xml/owl/EVS/Thesaurus.owl+ACM-C360,1
1501,http://snomed.info/id/441993002,http://ncicb.nci.nih.gov/xml/owl/EVS/Thesaurus.owl+ACM-C360,1
1502,http://snomed.info/id/17243005,http://ncicb.nci.nih.gov/xml/owl/EVS/Thesaurus.owl+ACM-C697,1
1503,http://snomed.info/id/873008,http://ncicb.nci.nih.gov/xml/owl/EVS/Thesaurus.owl+ACM-C45176,1
1504,http://snomed.info/id/57763003,http://ncicb.nci.nih.gov/xml/owl/EVS/Thesaurus.owl+ACM-C2080,1
1505,http://snomed.info/id/715619008,http://ncicb.nci.nih.gov/xml/owl/EVS/Thesaurus.owl+ACM-C2080,1
1506,http://snomed.info/id/870406003,http://ncicb.nci.nih.gov/xml/owl/EVS/Thesaurus.owl+ACM-C78274,1
1507,http://snomed.info/id/870407007,http://ncicb.nci.nih.gov/xml/owl/EVS/Thesaurus.owl+ACM-C78274,1
1508,http://snomed.info/id/87472002,http://ncicb.nci.nih.gov/xml/owl/EVS/Thesaurus.owl+ACM-C29696,1
1509,http://snomed.info/id/47898004,http://ncicb.nci.nih.gov/xml/owl/EVS/Thesaurus.owl+ACM-C333,1
1510,http://snomed.info/id/372754009,http://ncicb.nci.nih.gov/xml/owl/EVS/Thesaurus.owl+ACM-C333,1
1511,http://snomed.info/id/373759007,http://ncicb.nci.nih.gov/xml/owl/EVS/Thesaurus.owl+ACM-C29575,1
1512,http://snomed.info/id/37306000,http://ncicb.nci.nih.gov/xml/owl/EVS/Thesaurus.owl+ACM-C29575,1
1513,http://snomed.info/id/387115000,http://ncicb.nci.nih.gov/xml/owl/EVS/Thesaurus.owl+ACM-C932,1
1514,http://snomed.info/id/698876002,http://ncicb.nci.nih.gov/xml/owl/EVS/Thesaurus.owl+ACM-C47795,1
1515,http://snomed.info/id/387427007,http://ncicb.nci.nih.gov/xml/owl/EVS/Thesaurus.owl+ACM-C932,1
1516,http://snomed.info/id/387126006,http://ncicb.nci.nih.gov/xml/owl/EVS/Thesaurus.owl+ACM-C932,1
1517,http://snomed.info/id/23079006,http://ncicb.nci.nih.gov/xml/owl/EVS/Thesaurus.owl+ACM-C932,1
1518,http://snomed.info/id/387427007,http://ncicb.nci.nih.gov/xml/owl/EVS/Thesaurus.owl+ACM-C67422,1
1519,http://snomed.info/id/409198005,http://ncicb.nci.nih.gov/xml/owl/EVS/Thesaurus.owl+ACM-C932,1
1520,http://snomed.info/id/349851002,http://ncicb.nci.nih.gov/xml/owl/EVS/Thesaurus.owl+ACM-C67422,1
1521,http://snomed.info/id/395921004,http://ncicb.nci.nih.gov/xml/owl/EVS/Thesaurus.owl+ACM-C67422,1
1522,http://snomed.info/id/55882001,http://ncicb.nci.nih.gov/xml/owl/EVS/Thesaurus.owl+ACM-C106128,1
1523,http://snomed.info/id/768496009,http://ncicb.nci.nih.gov/xml/owl/EVS/Thesaurus.owl+ACM-C67413,1
1524,http://snomed.info/id/708562005,http://ncicb.nci.nih.gov/xml/owl/EVS/Thesaurus.owl+ACM-C29707,1
1525,http://snomed.info/id/317968004,http://ncicb.nci.nih.gov/xml/owl/EVS/Thesaurus.owl+ACM-C448,1
1526,http://snomed.info/id/395923001,http://ncicb.nci.nih.gov/xml/owl/EVS/Thesaurus.owl+ACM-C448,1
1527,http://snomed.info/id/395951005,http://ncicb.nci.nih.gov/xml/owl/EVS/Thesaurus.owl+ACM-C283,1
1528,http://snomed.info/id/398986008,http://ncicb.nci.nih.gov/xml/owl/EVS/Thesaurus.owl+ACM-C283,1
1529,http://snomed.info/id/116098000,http://ncicb.nci.nih.gov/xml/owl/EVS/Thesaurus.owl+ACM-C29578,1
1530,http://snomed.info/id/27479000,http://ncicb.nci.nih.gov/xml/owl/EVS/Thesaurus.owl+ACM-C1557,1
1531,http://snomed.info/id/387151007,http://ncicb.nci.nih.gov/xml/owl/EVS/Thesaurus.owl+ACM-C1557,1
1532,http://snomed.info/id/96201004,http://ncicb.nci.nih.gov/xml/owl/EVS/Thesaurus.owl+ACM-C94725,1
1533,http://snomed.info/id/782179001,http://ncicb.nci.nih.gov/xml/owl/EVS/Thesaurus.owl+ACM-C1012,1
1534,http://snomed.info/id/96288007,http://ncicb.nci.nih.gov/xml/owl/EVS/Thesaurus.owl+ACM-C443,1
1535,http://snomed.info/id/395905009,http://ncicb.nci.nih.gov/xml/owl/EVS/Thesaurus.owl+ACM-C67439,1
1536,http://snomed.info/id/422263009,http://ncicb.nci.nih.gov/xml/owl/EVS/Thesaurus.owl+ACM-C67439,1
1537,http://snomed.info/id/396011004,http://ncicb.nci.nih.gov/xml/owl/EVS/Thesaurus.owl+ACM-C360,1
1538,http://snomed.info/id/329482000,http://ncicb.nci.nih.gov/xml/owl/EVS/Thesaurus.owl+ACM-C360,1
1539,http://snomed.info/id/129480005,http://ncicb.nci.nih.gov/xml/owl/EVS/Thesaurus.owl+ACM-C47796,1
1540,http://snomed.info/id/326128005,http://ncicb.nci.nih.gov/xml/owl/EVS/Thesaurus.owl+ACM-C78568,1
1541,http://snomed.info/id/395729005,http://ncicb.nci.nih.gov/xml/owl/EVS/Thesaurus.owl+ACM-C78568,1
1542,http://snomed.info/id/386920008,http://ncicb.nci.nih.gov/xml/owl/EVS/Thesaurus.owl+ACM-C2150,1
1543,http://snomed.info/id/386920008,http://ncicb.nci.nih.gov/xml/owl/EVS/Thesaurus.owl+ACM-C1557,1
1544,http://snomed.info/id/108811008,http://ncicb.nci.nih.gov/xml/owl/EVS/Thesaurus.owl+ACM-C1557,1
1545,http://snomed.info/id/108811008,http://ncicb.nci.nih.gov/xml/owl/EVS/Thesaurus.owl+ACM-C2150,1
1546,http://snomed.info/id/95979002,http://ncicb.nci.nih.gov/xml/owl/EVS/Thesaurus.owl+ACM-C29756,1
1547,http://snomed.info/id/73596004,http://ncicb.nci.nih.gov/xml/owl/EVS/Thesaurus.owl+ACM-C277,1
1548,http://snomed.info/id/6611005,http://ncicb.nci.nih.gov/xml/owl/EVS/Thesaurus.owl+ACM-C45678,1
1549,http://snomed.info/id/256173002,http://ncicb.nci.nih.gov/xml/owl/EVS/Thesaurus.owl+ACM-C851,1
1550,http://snomed.info/id/704669001,http://ncicb.nci.nih.gov/xml/owl/EVS/Thesaurus.owl+ACM-C514,1
1551,http://snomed.info/id/703415004,http://ncicb.nci.nih.gov/xml/owl/EVS/Thesaurus.owl+ACM-C514,1
1552,http://snomed.info/id/708720000,http://ncicb.nci.nih.gov/xml/owl/EVS/Thesaurus.owl+ACM-C2181,1
1553,http://snomed.info/id/788297005,http://ncicb.nci.nih.gov/xml/owl/EVS/Thesaurus.owl+ACM-C28394,1
1554,http://snomed.info/id/256182008,http://ncicb.nci.nih.gov/xml/owl/EVS/Thesaurus.owl+ACM-C851,1
1555,http://snomed.info/id/411265004,http://ncicb.nci.nih.gov/xml/owl/EVS/Thesaurus.owl+ACM-C45678,1
1556,http://snomed.info/id/255906002,http://ncicb.nci.nih.gov/xml/owl/EVS/Thesaurus.owl+ACM-C45678,1
1557,http://snomed.info/id/396214000,http://ncicb.nci.nih.gov/xml/owl/EVS/Thesaurus.owl+ACM-C511,1
1558,http://snomed.info/id/3066001,http://ncicb.nci.nih.gov/xml/owl/EVS/Thesaurus.owl+ACM-C1553,1
1559,http://snomed.info/id/703716002,http://ncicb.nci.nih.gov/xml/owl/EVS/Thesaurus.owl+ACM-C1553,1
1560,http://snomed.info/id/782983000,http://ncicb.nci.nih.gov/xml/owl/EVS/Thesaurus.owl+ACM-C93038,1
1561,http://snomed.info/id/422654000,http://ncicb.nci.nih.gov/xml/owl/EVS/Thesaurus.owl+ACM-C93038,1
1562,http://snomed.info/id/725616000,http://ncicb.nci.nih.gov/xml/owl/EVS/Thesaurus.owl+ACM-C737,1
1563,http://snomed.info/id/725553002,http://ncicb.nci.nih.gov/xml/owl/EVS/Thesaurus.owl+ACM-C275,1
1564,http://snomed.info/id/47853005,http://ncicb.nci.nih.gov/xml/owl/EVS/Thesaurus.owl+ACM-C28394,1
1565,http://snomed.info/id/422343004,http://ncicb.nci.nih.gov/xml/owl/EVS/Thesaurus.owl+ACM-C78284,1
1566,http://snomed.info/id/398927001,http://ncicb.nci.nih.gov/xml/owl/EVS/Thesaurus.owl+ACM-C78284,1
1567,http://snomed.info/id/386970006,http://ncicb.nci.nih.gov/xml/owl/EVS/Thesaurus.owl+ACM-C471,1
1568,http://snomed.info/id/109100006,http://ncicb.nci.nih.gov/xml/owl/EVS/Thesaurus.owl+ACM-C471,1
1569,http://snomed.info/id/16261000122100,http://ncicb.nci.nih.gov/xml/owl/EVS/Thesaurus.owl+ACM-C281,1
1570,http://snomed.info/id/703390006,http://ncicb.nci.nih.gov/xml/owl/EVS/Thesaurus.owl+ACM-C257,1
1571,http://snomed.info/id/412073001,http://ncicb.nci.nih.gov/xml/owl/EVS/Thesaurus.owl+ACM-C97452,1
1572,http://snomed.info/id/412072006,http://ncicb.nci.nih.gov/xml/owl/EVS/Thesaurus.owl+ACM-C97452,1
1573,http://snomed.info/id/96332001,http://ncicb.nci.nih.gov/xml/owl/EVS/Thesaurus.owl+ACM-C521,1
1574,http://snomed.info/id/386965004,http://ncicb.nci.nih.gov/xml/owl/EVS/Thesaurus.owl+ACM-C29711,1
1575,http://snomed.info/id/109077006,http://ncicb.nci.nih.gov/xml/owl/EVS/Thesaurus.owl+ACM-C29711,1
1576,http://snomed.info/id/398953009,http://ncicb.nci.nih.gov/xml/owl/EVS/Thesaurus.owl+ACM-C29756,1
1577,http://snomed.info/id/108389007,http://ncicb.nci.nih.gov/xml/owl/EVS/Thesaurus.owl+ACM-C29756,1
1578,http://snomed.info/id/329923004,http://ncicb.nci.nih.gov/xml/owl/EVS/Thesaurus.owl+ACM-C257,1
1579,http://snomed.info/id/391703003,http://ncicb.nci.nih.gov/xml/owl/EVS/Thesaurus.owl+ACM-C257,1
1580,http://snomed.info/id/125724005,http://ncicb.nci.nih.gov/xml/owl/EVS/Thesaurus.owl+ACM-C29639,1
1581,http://snomed.info/id/391704009,http://ncicb.nci.nih.gov/xml/owl/EVS/Thesaurus.owl+ACM-C257,1
1582,http://snomed.info/id/329906008,http://ncicb.nci.nih.gov/xml/owl/EVS/Thesaurus.owl+ACM-C257,1
1583,http://snomed.info/id/421639009,http://ncicb.nci.nih.gov/xml/owl/EVS/Thesaurus.owl+ACM-C250,1
1584,http://snomed.info/id/22236007,http://ncicb.nci.nih.gov/xml/owl/EVS/Thesaurus.owl+ACM-C250,1
1585,http://snomed.info/id/74819009,http://ncicb.nci.nih.gov/xml/owl/EVS/Thesaurus.owl+ACM-C360,1
1586,http://snomed.info/id/387426003,http://ncicb.nci.nih.gov/xml/owl/EVS/Thesaurus.owl+ACM-C360,1
1587,http://snomed.info/id/35281007,http://ncicb.nci.nih.gov/xml/owl/EVS/Thesaurus.owl+ACM-C29710,1
1588,http://snomed.info/id/714679008,http://ncicb.nci.nih.gov/xml/owl/EVS/Thesaurus.owl+ACM-C783,1
1589,http://snomed.info/id/699272003,http://ncicb.nci.nih.gov/xml/owl/EVS/Thesaurus.owl+ACM-C783,1
1590,http://snomed.info/id/391711008,http://ncicb.nci.nih.gov/xml/owl/EVS/Thesaurus.owl+ACM-C98151,1
1591,http://snomed.info/id/319982006,http://ncicb.nci.nih.gov/xml/owl/EVS/Thesaurus.owl+ACM-C98151,1
1592,http://snomed.info/id/108914001,http://ncicb.nci.nih.gov/xml/owl/EVS/Thesaurus.owl+ACM-C804,1
1593,http://snomed.info/id/386938006,http://ncicb.nci.nih.gov/xml/owl/EVS/Thesaurus.owl+ACM-C804,1
1594,http://snomed.info/id/108666007,http://ncicb.nci.nih.gov/xml/owl/EVS/Thesaurus.owl+ACM-C29723,1
1595,http://snomed.info/id/386888004,http://ncicb.nci.nih.gov/xml/owl/EVS/Thesaurus.owl+ACM-C29723,1
1596,http://snomed.info/id/414760009,http://ncicb.nci.nih.gov/xml/owl/EVS/Thesaurus.owl+ACM-C552,1
1597,http://snomed.info/id/256167003,http://ncicb.nci.nih.gov/xml/owl/EVS/Thesaurus.owl+ACM-C552,1
1598,http://snomed.info/id/96145006,http://ncicb.nci.nih.gov/xml/owl/EVS/Thesaurus.owl+ACM-C277,1
1599,http://snomed.info/id/38684009,http://ncicb.nci.nih.gov/xml/owl/EVS/Thesaurus.owl+ACM-C521,1
1600,http://snomed.info/id/96351007,http://ncicb.nci.nih.gov/xml/owl/EVS/Thesaurus.owl+ACM-C78568,1
1601,http://snomed.info/id/412571008,http://ncicb.nci.nih.gov/xml/owl/EVS/Thesaurus.owl+ACM-C45678,1
1602,http://snomed.info/id/391734004,http://ncicb.nci.nih.gov/xml/owl/EVS/Thesaurus.owl+ACM-C45678,1
1603,http://snomed.info/id/420581003,http://ncicb.nci.nih.gov/xml/owl/EVS/Thesaurus.owl+ACM-C29697,1
1604,http://snomed.info/id/391740006,http://ncicb.nci.nih.gov/xml/owl/EVS/Thesaurus.owl+ACM-C29697,1
1605,http://snomed.info/id/259123004,http://ncicb.nci.nih.gov/xml/owl/EVS/Thesaurus.owl+ACM-C45711,1
1606,http://snomed.info/id/80532007,http://ncicb.nci.nih.gov/xml/owl/EVS/Thesaurus.owl+ACM-C67084,1
1607,http://snomed.info/id/398724001,http://ncicb.nci.nih.gov/xml/owl/EVS/Thesaurus.owl+ACM-C67084,1
1608,http://snomed.info/id/713469005,http://ncicb.nci.nih.gov/xml/owl/EVS/Thesaurus.owl+ACM-C257,1
1609,http://snomed.info/id/421012002,http://ncicb.nci.nih.gov/xml/owl/EVS/Thesaurus.owl+ACM-C257,1
1610,http://snomed.info/id/387495008,http://ncicb.nci.nih.gov/xml/owl/EVS/Thesaurus.owl+ACM-C270,1
1611,http://snomed.info/id/387495008,http://ncicb.nci.nih.gov/xml/owl/EVS/Thesaurus.owl+ACM-C2155,1
1612,http://snomed.info/id/86131002,http://ncicb.nci.nih.gov/xml/owl/EVS/Thesaurus.owl+ACM-C270,1
1613,http://snomed.info/id/86131002,http://ncicb.nci.nih.gov/xml/owl/EVS/Thesaurus.owl+ACM-C2155,1
1614,http://snomed.info/id/734648004,http://ncicb.nci.nih.gov/xml/owl/EVS/Thesaurus.owl+ACM-C45678,1
1615,http://snomed.info/id/125707004,http://ncicb.nci.nih.gov/xml/owl/EVS/Thesaurus.owl+ACM-C241,1
1616,http://snomed.info/id/717101002,http://ncicb.nci.nih.gov/xml/owl/EVS/Thesaurus.owl+ACM-C49185,1
1617,http://snomed.info/id/22976006,http://ncicb.nci.nih.gov/xml/owl/EVS/Thesaurus.owl+ACM-C28394,1
1618,http://snomed.info/id/785757009,http://ncicb.nci.nih.gov/xml/owl/EVS/Thesaurus.owl+ACM-C28394,1
1619,http://snomed.info/id/349818006,http://ncicb.nci.nih.gov/xml/owl/EVS/Thesaurus.owl+ACM-C66880,1
1620,http://snomed.info/id/418483003,http://ncicb.nci.nih.gov/xml/owl/EVS/Thesaurus.owl+ACM-C66880,1
1621,http://snomed.info/id/420859004,http://ncicb.nci.nih.gov/xml/owl/EVS/Thesaurus.owl+ACM-C521,1
1622,http://snomed.info/id/67980007,http://ncicb.nci.nih.gov/xml/owl/EVS/Thesaurus.owl+ACM-C521,1
1623,http://snomed.info/id/7975001,http://ncicb.nci.nih.gov/xml/owl/EVS/Thesaurus.owl+ACM-C47795,1
1624,http://snomed.info/id/108537001,http://ncicb.nci.nih.gov/xml/owl/EVS/Thesaurus.owl+ACM-C333,1
1625,http://snomed.info/id/386864001,http://ncicb.nci.nih.gov/xml/owl/EVS/Thesaurus.owl+ACM-C333,1
1626,http://snomed.info/id/421580007,http://ncicb.nci.nih.gov/xml/owl/EVS/Thesaurus.owl+ACM-C45678,1
1627,http://snomed.info/id/412084008,http://ncicb.nci.nih.gov/xml/owl/EVS/Thesaurus.owl+ACM-C45678,1
1628,http://snomed.info/id/62545005,http://ncicb.nci.nih.gov/xml/owl/EVS/Thesaurus.owl+ACM-C45678,1
1629,http://snomed.info/id/391769002,http://ncicb.nci.nih.gov/xml/owl/EVS/Thesaurus.owl+ACM-C514,1
1630,http://snomed.info/id/332998007,http://ncicb.nci.nih.gov/xml/owl/EVS/Thesaurus.owl+ACM-C471,1
1631,http://snomed.info/id/43048003,http://ncicb.nci.nih.gov/xml/owl/EVS/Thesaurus.owl+ACM-C258,1
1632,http://snomed.info/id/108976008,http://ncicb.nci.nih.gov/xml/owl/EVS/Thesaurus.owl+ACM-C1327,1
1633,http://snomed.info/id/372561005,http://ncicb.nci.nih.gov/xml/owl/EVS/Thesaurus.owl+ACM-C1327,1
1634,http://snomed.info/id/255874004,http://ncicb.nci.nih.gov/xml/owl/EVS/Thesaurus.owl+ACM-C737,1
1635,http://snomed.info/id/411236005,http://ncicb.nci.nih.gov/xml/owl/EVS/Thesaurus.owl+ACM-C737,1
1636,http://snomed.info/id/55793008,http://ncicb.nci.nih.gov/xml/owl/EVS/Thesaurus.owl+ACM-C241,1
1637,http://snomed.info/id/397228002,http://ncicb.nci.nih.gov/xml/owl/EVS/Thesaurus.owl+ACM-C263,1
1638,http://snomed.info/id/38122009,http://ncicb.nci.nih.gov/xml/owl/EVS/Thesaurus.owl+ACM-C263,1
1639,http://snomed.info/id/420661005,http://ncicb.nci.nih.gov/xml/owl/EVS/Thesaurus.owl+ACM-C271,1
1640,http://snomed.info/id/420578008,http://ncicb.nci.nih.gov/xml/owl/EVS/Thesaurus.owl+ACM-C271,1
1641,http://snomed.info/id/96106001,http://ncicb.nci.nih.gov/xml/owl/EVS/Thesaurus.owl+ACM-C277,1
1642,http://snomed.info/id/895350006,http://ncicb.nci.nih.gov/xml/owl/EVS/Thesaurus.owl+ACM-C277,1
1643,http://snomed.info/id/432555000,http://ncicb.nci.nih.gov/xml/owl/EVS/Thesaurus.owl+ACM-C277,1
1644,http://snomed.info/id/432410005,http://ncicb.nci.nih.gov/xml/owl/EVS/Thesaurus.owl+ACM-C277,1
1645,http://snomed.info/id/417510006,http://ncicb.nci.nih.gov/xml/owl/EVS/Thesaurus.owl+ACM-C210,1
1646,http://snomed.info/id/61483006,http://ncicb.nci.nih.gov/xml/owl/EVS/Thesaurus.owl+ACM-C1557,1
1647,http://snomed.info/id/372662006,http://ncicb.nci.nih.gov/xml/owl/EVS/Thesaurus.owl+ACM-C29578,1
1648,http://snomed.info/id/1594006,http://ncicb.nci.nih.gov/xml/owl/EVS/Thesaurus.owl+ACM-C29578,1
1649,http://snomed.info/id/108908008,http://ncicb.nci.nih.gov/xml/owl/EVS/Thesaurus.owl+ACM-C28394,1
1650,http://snomed.info/id/386936005,http://ncicb.nci.nih.gov/xml/owl/EVS/Thesaurus.owl+ACM-C28394,1
1651,http://snomed.info/id/108644000,http://ncicb.nci.nih.gov/xml/owl/EVS/Thesaurus.owl+ACM-C29578,1
1652,http://snomed.info/id/372520005,http://ncicb.nci.nih.gov/xml/owl/EVS/Thesaurus.owl+ACM-C29578,1
1653,http://snomed.info/id/420306005,http://ncicb.nci.nih.gov/xml/owl/EVS/Thesaurus.owl+ACM-C257,1
1654,http://snomed.info/id/420557005,http://ncicb.nci.nih.gov/xml/owl/EVS/Thesaurus.owl+ACM-C257,1
1655,http://snomed.info/id/717098001,http://ncicb.nci.nih.gov/xml/owl/EVS/Thesaurus.owl+ACM-C319,1
1656,http://snomed.info/id/719681008,http://ncicb.nci.nih.gov/xml/owl/EVS/Thesaurus.owl+ACM-C29703,1
1657,http://snomed.info/id/396197001,http://ncicb.nci.nih.gov/xml/owl/EVS/Thesaurus.owl+ACM-C257,1
1658,http://snomed.info/id/698258003,http://ncicb.nci.nih.gov/xml/owl/EVS/Thesaurus.owl+ACM-C1012,1
1659,http://snomed.info/id/63318000,http://ncicb.nci.nih.gov/xml/owl/EVS/Thesaurus.owl+ACM-C45678,1
1660,http://snomed.info/id/387350000,http://ncicb.nci.nih.gov/xml/owl/EVS/Thesaurus.owl+ACM-C45678,1
1661,http://snomed.info/id/714091003,http://ncicb.nci.nih.gov/xml/owl/EVS/Thesaurus.owl+ACM-C277,1
1662,http://snomed.info/id/714092005,http://ncicb.nci.nih.gov/xml/owl/EVS/Thesaurus.owl+ACM-C277,1
1663,http://snomed.info/id/15322006,http://ncicb.nci.nih.gov/xml/owl/EVS/Thesaurus.owl+ACM-C66886,1
1664,http://snomed.info/id/66290002,http://ncicb.nci.nih.gov/xml/owl/EVS/Thesaurus.owl+ACM-C49185,1
1665,http://snomed.info/id/400874008,http://ncicb.nci.nih.gov/xml/owl/EVS/Thesaurus.owl+ACM-C49185,1
1666,http://snomed.info/id/26961000,http://ncicb.nci.nih.gov/xml/owl/EVS/Thesaurus.owl+ACM-C45678,1
1667,http://snomed.info/id/33447002,http://ncicb.nci.nih.gov/xml/owl/EVS/Thesaurus.owl+ACM-C250,1
1668,http://snomed.info/id/88736007,http://ncicb.nci.nih.gov/xml/owl/EVS/Thesaurus.owl+ACM-C521,1
1669,http://snomed.info/id/396036005,http://ncicb.nci.nih.gov/xml/owl/EVS/Thesaurus.owl+ACM-C514,1
1670,http://snomed.info/id/136216003,http://ncicb.nci.nih.gov/xml/owl/EVS/Thesaurus.owl+ACM-C514,1
1671,http://snomed.info/id/725573007,http://ncicb.nci.nih.gov/xml/owl/EVS/Thesaurus.owl+ACM-C599,1
1672,http://snomed.info/id/61742009,http://ncicb.nci.nih.gov/xml/owl/EVS/Thesaurus.owl+ACM-C38149,1
1673,http://snomed.info/id/768492006,http://ncicb.nci.nih.gov/xml/owl/EVS/Thesaurus.owl+ACM-C45678,1
1674,http://snomed.info/id/422213004,http://ncicb.nci.nih.gov/xml/owl/EVS/Thesaurus.owl+ACM-C29701,1
1675,http://snomed.info/id/17212003,http://ncicb.nci.nih.gov/xml/owl/EVS/Thesaurus.owl+ACM-C29701,1
1676,http://snomed.info/id/50661007,http://ncicb.nci.nih.gov/xml/owl/EVS/Thesaurus.owl+ACM-C28394,1
1677,http://snomed.info/id/421486003,http://ncicb.nci.nih.gov/xml/owl/EVS/Thesaurus.owl+ACM-C28394,1
1678,http://snomed.info/id/82075003,http://ncicb.nci.nih.gov/xml/owl/EVS/Thesaurus.owl+ACM-C2080,1
1679,http://snomed.info/id/409307004,http://ncicb.nci.nih.gov/xml/owl/EVS/Thesaurus.owl+ACM-C2080,1
1680,http://snomed.info/id/108547003,http://ncicb.nci.nih.gov/xml/owl/EVS/Thesaurus.owl+ACM-C29576,1
1681,http://snomed.info/id/386868003,http://ncicb.nci.nih.gov/xml/owl/EVS/Thesaurus.owl+ACM-C29576,1
1682,http://snomed.info/id/41985001,http://ncicb.nci.nih.gov/xml/owl/EVS/Thesaurus.owl+ACM-C319,1
1683,http://snomed.info/id/387233000,http://ncicb.nci.nih.gov/xml/owl/EVS/Thesaurus.owl+ACM-C319,1
1684,http://snomed.info/id/417669009,http://ncicb.nci.nih.gov/xml/owl/EVS/Thesaurus.owl+ACM-C29714,1
1685,http://snomed.info/id/417508009,http://ncicb.nci.nih.gov/xml/owl/EVS/Thesaurus.owl+ACM-C29714,1
1686,http://snomed.info/id/96341006,http://ncicb.nci.nih.gov/xml/owl/EVS/Thesaurus.owl+ACM-C2360,1
1687,http://snomed.info/id/734844004,http://ncicb.nci.nih.gov/xml/owl/EVS/Thesaurus.owl+ACM-C2166,1
1688,http://snomed.info/id/16311000122105,http://ncicb.nci.nih.gov/xml/owl/EVS/Thesaurus.owl+ACM-C29696,1
1689,http://snomed.info/id/108520008,http://ncicb.nci.nih.gov/xml/owl/EVS/Thesaurus.owl+ACM-C257,1
1690,http://snomed.info/id/417155005,http://ncicb.nci.nih.gov/xml/owl/EVS/Thesaurus.owl+ACM-C257,1
1691,http://snomed.info/id/88352008,http://ncicb.nci.nih.gov/xml/owl/EVS/Thesaurus.owl+ACM-C263,1
1692,http://snomed.info/id/75501004,http://ncicb.nci.nih.gov/xml/owl/EVS/Thesaurus.owl+ACM-C29578,1
1693,http://snomed.info/id/387430000,http://ncicb.nci.nih.gov/xml/owl/EVS/Thesaurus.owl+ACM-C29578,1
1694,http://snomed.info/id/725571009,http://ncicb.nci.nih.gov/xml/owl/EVS/Thesaurus.owl+ACM-C29710,1
1695,http://snomed.info/id/698050003,http://ncicb.nci.nih.gov/xml/owl/EVS/Thesaurus.owl+ACM-C1012,1
1696,http://snomed.info/id/108622005,http://ncicb.nci.nih.gov/xml/owl/EVS/Thesaurus.owl+ACM-C521,1
1697,http://snomed.info/id/395726003,http://ncicb.nci.nih.gov/xml/owl/EVS/Thesaurus.owl+ACM-C521,1
1698,http://snomed.info/id/703405005,http://ncicb.nci.nih.gov/xml/owl/EVS/Thesaurus.owl+ACM-C744,1
1699,http://snomed.info/id/96121007,http://ncicb.nci.nih.gov/xml/owl/EVS/Thesaurus.owl+ACM-C250,1
1700,http://snomed.info/id/387563005,http://ncicb.nci.nih.gov/xml/owl/EVS/Thesaurus.owl+ACM-C67084,1
1701,http://snomed.info/id/96196008,http://ncicb.nci.nih.gov/xml/owl/EVS/Thesaurus.owl+ACM-C67084,1
1702,http://snomed.info/id/96123005,http://ncicb.nci.nih.gov/xml/owl/EVS/Thesaurus.owl+ACM-C250,1
1703,http://snomed.info/id/395755006,http://ncicb.nci.nih.gov/xml/owl/EVS/Thesaurus.owl+ACM-C67084,1
1704,http://snomed.info/id/346359007,http://ncicb.nci.nih.gov/xml/owl/EVS/Thesaurus.owl+ACM-C67084,1
1705,http://snomed.info/id/20551000122108,http://ncicb.nci.nih.gov/xml/owl/EVS/Thesaurus.owl+ACM-C49185,1
1706,http://snomed.info/id/372878005,http://ncicb.nci.nih.gov/xml/owl/EVS/Thesaurus.owl+ACM-C514,1
1707,http://snomed.info/id/84844007,http://ncicb.nci.nih.gov/xml/owl/EVS/Thesaurus.owl+ACM-C514,1
1708,http://snomed.info/id/96125003,http://ncicb.nci.nih.gov/xml/owl/EVS/Thesaurus.owl+ACM-C250,1
1709,http://snomed.info/id/259151008,http://ncicb.nci.nih.gov/xml/owl/EVS/Thesaurus.owl+ACM-C250,1
1710,http://snomed.info/id/391716003,http://ncicb.nci.nih.gov/xml/owl/EVS/Thesaurus.owl+ACM-C29578,1
1711,http://snomed.info/id/320813002,http://ncicb.nci.nih.gov/xml/owl/EVS/Thesaurus.owl+ACM-C29578,1
1712,http://snomed.info/id/23068001,http://ncicb.nci.nih.gov/xml/owl/EVS/Thesaurus.owl+ACM-C47795,1
1713,http://snomed.info/id/29725000,http://ncicb.nci.nih.gov/xml/owl/EVS/Thesaurus.owl+ACM-C263,1
1714,http://snomed.info/id/111122008,http://ncicb.nci.nih.gov/xml/owl/EVS/Thesaurus.owl+ACM-C257,1
1715,http://snomed.info/id/111998003,http://ncicb.nci.nih.gov/xml/owl/EVS/Thesaurus.owl+ACM-C68391,1
1716,http://snomed.info/id/411136000,http://ncicb.nci.nih.gov/xml/owl/EVS/Thesaurus.owl+ACM-C45678,1
1717,http://snomed.info/id/96039001,http://ncicb.nci.nih.gov/xml/owl/EVS/Thesaurus.owl+ACM-C45678,1
1718,http://snomed.info/id/11370007,http://ncicb.nci.nih.gov/xml/owl/EVS/Thesaurus.owl+ACM-C277,1
1719,http://snomed.info/id/703412001,http://ncicb.nci.nih.gov/xml/owl/EVS/Thesaurus.owl+ACM-C78311,1
1720,http://snomed.info/id/423594000,http://ncicb.nci.nih.gov/xml/owl/EVS/Thesaurus.owl+ACM-C548,1
1721,http://snomed.info/id/425003007,http://ncicb.nci.nih.gov/xml/owl/EVS/Thesaurus.owl+ACM-C548,1
1722,http://snomed.info/id/372896001,http://ncicb.nci.nih.gov/xml/owl/EVS/Thesaurus.owl+ACM-C29578,1
1723,http://snomed.info/id/90882008,http://ncicb.nci.nih.gov/xml/owl/EVS/Thesaurus.owl+ACM-C29578,1
1724,http://snomed.info/id/109058009,http://ncicb.nci.nih.gov/xml/owl/EVS/Thesaurus.owl+ACM-C78568,1
1725,http://snomed.info/id/763002008,http://ncicb.nci.nih.gov/xml/owl/EVS/Thesaurus.owl+ACM-C67413,1
1726,http://snomed.info/id/96102004,http://ncicb.nci.nih.gov/xml/owl/EVS/Thesaurus.owl+ACM-C277,1
1727,http://snomed.info/id/125710006,http://ncicb.nci.nih.gov/xml/owl/EVS/Thesaurus.owl+ACM-C257,1
1728,http://snomed.info/id/424611009,http://ncicb.nci.nih.gov/xml/owl/EVS/Thesaurus.owl+ACM-C257,1
1729,http://snomed.info/id/386870007,http://ncicb.nci.nih.gov/xml/owl/EVS/Thesaurus.owl+ACM-C29576,1
1730,http://snomed.info/id/108551001,http://ncicb.nci.nih.gov/xml/owl/EVS/Thesaurus.owl+ACM-C29576,1
1731,http://snomed.info/id/14060003,http://ncicb.nci.nih.gov/xml/owl/EVS/Thesaurus.owl+ACM-C45494,1
1732,http://snomed.info/id/411416007,http://ncicb.nci.nih.gov/xml/owl/EVS/Thesaurus.owl+ACM-C45494,1
1733,http://snomed.info/id/42761001,http://ncicb.nci.nih.gov/xml/owl/EVS/Thesaurus.owl+ACM-C45494,1
1734,http://snomed.info/id/349901006,http://ncicb.nci.nih.gov/xml/owl/EVS/Thesaurus.owl+ACM-C29576,1
1735,http://snomed.info/id/395960002,http://ncicb.nci.nih.gov/xml/owl/EVS/Thesaurus.owl+ACM-C29576,1
1736,http://snomed.info/id/108655000,http://ncicb.nci.nih.gov/xml/owl/EVS/Thesaurus.owl+ACM-C29578,1
1737,http://snomed.info/id/372523007,http://ncicb.nci.nih.gov/xml/owl/EVS/Thesaurus.owl+ACM-C29578,1
1738,http://snomed.info/id/423090002,http://ncicb.nci.nih.gov/xml/owl/EVS/Thesaurus.owl+ACM-C28394,1
1739,http://snomed.info/id/422888008,http://ncicb.nci.nih.gov/xml/owl/EVS/Thesaurus.owl+ACM-C28394,1
1740,http://snomed.info/id/711134006,http://ncicb.nci.nih.gov/xml/owl/EVS/Thesaurus.owl+ACM-C28394,1
1741,http://snomed.info/id/111100001,http://ncicb.nci.nih.gov/xml/owl/EVS/Thesaurus.owl+ACM-C28394,1
1742,http://snomed.info/id/88802007,http://ncicb.nci.nih.gov/xml/owl/EVS/Thesaurus.owl+ACM-C448,1
1743,http://snomed.info/id/255862003,http://ncicb.nci.nih.gov/xml/owl/EVS/Thesaurus.owl+ACM-C28394,1
1744,http://snomed.info/id/767425002,http://ncicb.nci.nih.gov/xml/owl/EVS/Thesaurus.owl+ACM-C28394,1
1745,http://snomed.info/id/108895000,http://ncicb.nci.nih.gov/xml/owl/EVS/Thesaurus.owl+ACM-C28394,1
1746,http://snomed.info/id/411196002,http://ncicb.nci.nih.gov/xml/owl/EVS/Thesaurus.owl+ACM-C802,1
1747,http://snomed.info/id/43880002,http://ncicb.nci.nih.gov/xml/owl/EVS/Thesaurus.owl+ACM-C802,1
1748,http://snomed.info/id/255884003,http://ncicb.nci.nih.gov/xml/owl/EVS/Thesaurus.owl+ACM-C28394,1
1749,http://snomed.info/id/411182008,http://ncicb.nci.nih.gov/xml/owl/EVS/Thesaurus.owl+ACM-C28394,1
1750,http://snomed.info/id/65773003,http://ncicb.nci.nih.gov/xml/owl/EVS/Thesaurus.owl+ACM-C45678,1
1751,http://snomed.info/id/53136009,http://ncicb.nci.nih.gov/xml/owl/EVS/Thesaurus.owl+ACM-C271,1
1752,http://snomed.info/id/424004006,http://ncicb.nci.nih.gov/xml/owl/EVS/Thesaurus.owl+ACM-C29708,1
1753,http://snomed.info/id/126148000,http://ncicb.nci.nih.gov/xml/owl/EVS/Thesaurus.owl+ACM-C29708,1
1754,http://snomed.info/id/126151007,http://ncicb.nci.nih.gov/xml/owl/EVS/Thesaurus.owl+ACM-C28394,1
1755,http://snomed.info/id/398713003,http://ncicb.nci.nih.gov/xml/owl/EVS/Thesaurus.owl+ACM-C28394,1
1756,http://snomed.info/id/73213007,http://ncicb.nci.nih.gov/xml/owl/EVS/Thesaurus.owl+ACM-C29578,1
1757,http://snomed.info/id/109232002,http://ncicb.nci.nih.gov/xml/owl/EVS/Thesaurus.owl+ACM-C29578,1
1758,http://snomed.info/id/391655005,http://ncicb.nci.nih.gov/xml/owl/EVS/Thesaurus.owl+ACM-C257,1
1759,http://snomed.info/id/412013008,http://ncicb.nci.nih.gov/xml/owl/EVS/Thesaurus.owl+ACM-C257,1
1760,http://snomed.info/id/65302009,http://ncicb.nci.nih.gov/xml/owl/EVS/Thesaurus.owl+ACM-C257,1
1761,http://snomed.info/id/370179008,http://ncicb.nci.nih.gov/xml/owl/EVS/Thesaurus.owl+ACM-C257,1
1762,http://snomed.info/id/387489007,http://ncicb.nci.nih.gov/xml/owl/EVS/Thesaurus.owl+ACM-C319,1
1763,http://snomed.info/id/79736009,http://ncicb.nci.nih.gov/xml/owl/EVS/Thesaurus.owl+ACM-C514,1
1764,http://snomed.info/id/372854000,http://ncicb.nci.nih.gov/xml/owl/EVS/Thesaurus.owl+ACM-C514,1
1765,http://snomed.info/id/719682001,http://ncicb.nci.nih.gov/xml/owl/EVS/Thesaurus.owl+ACM-C47793,1
1766,http://snomed.info/id/116087001,http://ncicb.nci.nih.gov/xml/owl/EVS/Thesaurus.owl+ACM-C744,1
1767,http://snomed.info/id/395239000,http://ncicb.nci.nih.gov/xml/owl/EVS/Thesaurus.owl+ACM-C744,1
1768,http://snomed.info/id/14743003,http://ncicb.nci.nih.gov/xml/owl/EVS/Thesaurus.owl+ACM-C271,1
1769,http://snomed.info/id/259119007,http://ncicb.nci.nih.gov/xml/owl/EVS/Thesaurus.owl+ACM-C74536,1
1770,http://snomed.info/id/717099009,http://ncicb.nci.nih.gov/xml/owl/EVS/Thesaurus.owl+ACM-C47794,1
1771,http://snomed.info/id/412094003,http://ncicb.nci.nih.gov/xml/owl/EVS/Thesaurus.owl+ACM-C87053,1
1772,http://snomed.info/id/412093009,http://ncicb.nci.nih.gov/xml/owl/EVS/Thesaurus.owl+ACM-C87053,1
1773,http://snomed.info/id/411358009,http://ncicb.nci.nih.gov/xml/owl/EVS/Thesaurus.owl+ACM-C45678,1
1774,http://snomed.info/id/255647002,http://ncicb.nci.nih.gov/xml/owl/EVS/Thesaurus.owl+ACM-C45678,1
1775,http://snomed.info/id/320016006,http://ncicb.nci.nih.gov/xml/owl/EVS/Thesaurus.owl+ACM-C98150,1
1776,http://snomed.info/id/395957009,http://ncicb.nci.nih.gov/xml/owl/EVS/Thesaurus.owl+ACM-C98150,1
1777,http://snomed.info/id/698877006,http://ncicb.nci.nih.gov/xml/owl/EVS/Thesaurus.owl+ACM-C66883,1
1778,http://snomed.info/id/96236000,http://ncicb.nci.nih.gov/xml/owl/EVS/Thesaurus.owl+ACM-C28197,1
1779,http://snomed.info/id/387572002,http://ncicb.nci.nih.gov/xml/owl/EVS/Thesaurus.owl+ACM-C28197,1
1780,http://snomed.info/id/10333007,http://ncicb.nci.nih.gov/xml/owl/EVS/Thesaurus.owl+ACM-C257,1
1781,http://snomed.info/id/32197004,http://ncicb.nci.nih.gov/xml/owl/EVS/Thesaurus.owl+ACM-C521,1
1782,http://snomed.info/id/25571003,http://ncicb.nci.nih.gov/xml/owl/EVS/Thesaurus.owl+ACM-C514,1
1783,http://snomed.info/id/61398007,http://ncicb.nci.nih.gov/xml/owl/EVS/Thesaurus.owl+ACM-C66880,1
1784,http://snomed.info/id/698092008,http://ncicb.nci.nih.gov/xml/owl/EVS/Thesaurus.owl+ACM-C29578,1
1785,http://snomed.info/id/3232003,http://ncicb.nci.nih.gov/xml/owl/EVS/Thesaurus.owl+ACM-C45494,1
1786,http://snomed.info/id/16211000122103,http://ncicb.nci.nih.gov/xml/owl/EVS/Thesaurus.owl+ACM-C28197,1
1787,http://snomed.info/id/80237000,http://ncicb.nci.nih.gov/xml/owl/EVS/Thesaurus.owl+ACM-C45678,1
1788,http://snomed.info/id/428690000,http://ncicb.nci.nih.gov/xml/owl/EVS/Thesaurus.owl+ACM-C1556,1
1789,http://snomed.info/id/428013003,http://ncicb.nci.nih.gov/xml/owl/EVS/Thesaurus.owl+ACM-C1556,1
1790,http://snomed.info/id/715389007,http://ncicb.nci.nih.gov/xml/owl/EVS/Thesaurus.owl+ACM-C521,1
1791,http://snomed.info/id/96250005,http://ncicb.nci.nih.gov/xml/owl/EVS/Thesaurus.owl+ACM-C345,1
1792,http://snomed.info/id/89692007,http://ncicb.nci.nih.gov/xml/owl/EVS/Thesaurus.owl+ACM-C28394,1
1793,http://snomed.info/id/387515007,http://ncicb.nci.nih.gov/xml/owl/EVS/Thesaurus.owl+ACM-C28394,1
1794,http://snomed.info/id/96251009,http://ncicb.nci.nih.gov/xml/owl/EVS/Thesaurus.owl+ACM-C241,1
1795,http://snomed.info/id/96275009,http://ncicb.nci.nih.gov/xml/owl/EVS/Thesaurus.owl+ACM-C802,1
1796,http://snomed.info/id/717094004,http://ncicb.nci.nih.gov/xml/owl/EVS/Thesaurus.owl+ACM-C29578,1
1797,http://snomed.info/id/735156005,http://ncicb.nci.nih.gov/xml/owl/EVS/Thesaurus.owl+ACM-C448,1
1798,http://snomed.info/id/19261000122107,http://ncicb.nci.nih.gov/xml/owl/EVS/Thesaurus.owl+ACM-C29698,1
1799,http://snomed.info/id/373779004,http://ncicb.nci.nih.gov/xml/owl/EVS/Thesaurus.owl+ACM-C29696,1
1800,http://snomed.info/id/80802008,http://ncicb.nci.nih.gov/xml/owl/EVS/Thesaurus.owl+ACM-C29696,1
1801,http://snomed.info/id/28223003,http://ncicb.nci.nih.gov/xml/owl/EVS/Thesaurus.owl+ACM-C2153,1
1802,http://snomed.info/id/11622005,http://ncicb.nci.nih.gov/xml/owl/EVS/Thesaurus.owl+ACM-C843,1
1803,http://snomed.info/id/11622005,http://ncicb.nci.nih.gov/xml/owl/EVS/Thesaurus.owl+ACM-C1745,1
1804,http://snomed.info/id/37006008,http://ncicb.nci.nih.gov/xml/owl/EVS/Thesaurus.owl+ACM-C49185,1
1805,http://snomed.info/id/71108007,http://ncicb.nci.nih.gov/xml/owl/EVS/Thesaurus.owl+ACM-C38149,1
1806,http://snomed.info/id/126120000,http://ncicb.nci.nih.gov/xml/owl/EVS/Thesaurus.owl+ACM-C146993,1
1807,http://snomed.info/id/95992004,http://ncicb.nci.nih.gov/xml/owl/EVS/Thesaurus.owl+ACM-C276,1
1808,http://snomed.info/id/76283008,http://ncicb.nci.nih.gov/xml/owl/EVS/Thesaurus.owl+ACM-C73579,1
1809,http://snomed.info/id/65884003,http://ncicb.nci.nih.gov/xml/owl/EVS/Thesaurus.owl+ACM-C45177,1
1810,http://snomed.info/id/387364000,http://ncicb.nci.nih.gov/xml/owl/EVS/Thesaurus.owl+ACM-C45177,1
1811,http://snomed.info/id/39514001,http://ncicb.nci.nih.gov/xml/owl/EVS/Thesaurus.owl+ACM-C29696,1
1812,http://snomed.info/id/43342005,http://ncicb.nci.nih.gov/xml/owl/EVS/Thesaurus.owl+ACM-C68421,1
1813,http://snomed.info/id/116578002,http://ncicb.nci.nih.gov/xml/owl/EVS/Thesaurus.owl+ACM-C521,1
1814,http://snomed.info/id/396012006,http://ncicb.nci.nih.gov/xml/owl/EVS/Thesaurus.owl+ACM-C521,1
1815,http://snomed.info/id/49145008,http://ncicb.nci.nih.gov/xml/owl/EVS/Thesaurus.owl+ACM-C29705,1
1816,http://snomed.info/id/109070008,http://ncicb.nci.nih.gov/xml/owl/EVS/Thesaurus.owl+ACM-C521,1
1817,http://snomed.info/id/387429005,http://ncicb.nci.nih.gov/xml/owl/EVS/Thesaurus.owl+ACM-C29578,1
1818,http://snomed.info/id/75429004,http://ncicb.nci.nih.gov/xml/owl/EVS/Thesaurus.owl+ACM-C29578,1
1819,http://snomed.info/id/16031005,http://ncicb.nci.nih.gov/xml/owl/EVS/Thesaurus.owl+ACM-C29578,1
1820,http://snomed.info/id/372663001,http://ncicb.nci.nih.gov/xml/owl/EVS/Thesaurus.owl+ACM-C29578,1
1821,http://snomed.info/id/400226004,http://ncicb.nci.nih.gov/xml/owl/EVS/Thesaurus.owl+ACM-C82130,1
1822,http://snomed.info/id/45524001,http://ncicb.nci.nih.gov/xml/owl/EVS/Thesaurus.owl+ACM-C82130,1
1823,http://snomed.info/id/108377005,http://ncicb.nci.nih.gov/xml/owl/EVS/Thesaurus.owl+ACM-C67413,1
1824,http://snomed.info/id/370233009,http://ncicb.nci.nih.gov/xml/owl/EVS/Thesaurus.owl+ACM-C67413,1
1825,http://snomed.info/id/49471004,http://ncicb.nci.nih.gov/xml/owl/EVS/Thesaurus.owl+ACM-C674,1
1826,http://snomed.info/id/702835000,http://ncicb.nci.nih.gov/xml/owl/EVS/Thesaurus.owl+ACM-C78281,1
1827,http://snomed.info/id/714674003,http://ncicb.nci.nih.gov/xml/owl/EVS/Thesaurus.owl+ACM-C78281,1
1828,http://snomed.info/id/48199006,http://ncicb.nci.nih.gov/xml/owl/EVS/Thesaurus.owl+ACM-C514,1
1829,http://snomed.info/id/422170002,http://ncicb.nci.nih.gov/xml/owl/EVS/Thesaurus.owl+ACM-C28394,1
1830,http://snomed.info/id/398837005,http://ncicb.nci.nih.gov/xml/owl/EVS/Thesaurus.owl+ACM-C28394,1
1831,http://snomed.info/id/387026008,http://ncicb.nci.nih.gov/xml/owl/EVS/Thesaurus.owl+ACM-C29756,1
1832,http://snomed.info/id/116515006,http://ncicb.nci.nih.gov/xml/owl/EVS/Thesaurus.owl+ACM-C29756,1
1833,http://snomed.info/id/698274008,http://ncicb.nci.nih.gov/xml/owl/EVS/Thesaurus.owl+ACM-C28394,1
1834,http://snomed.info/id/29363006,http://ncicb.nci.nih.gov/xml/owl/EVS/Thesaurus.owl+ACM-C45678,1
1835,http://snomed.info/id/38446009,http://ncicb.nci.nih.gov/xml/owl/EVS/Thesaurus.owl+ACM-C521,1
1836,http://snomed.info/id/440063000,http://ncicb.nci.nih.gov/xml/owl/EVS/Thesaurus.owl+ACM-C521,1
1837,http://snomed.info/id/438200007,http://ncicb.nci.nih.gov/xml/owl/EVS/Thesaurus.owl+ACM-C521,1
1838,http://snomed.info/id/108816003,http://ncicb.nci.nih.gov/xml/owl/EVS/Thesaurus.owl+ACM-C1420,1
1839,http://snomed.info/id/372545008,http://ncicb.nci.nih.gov/xml/owl/EVS/Thesaurus.owl+ACM-C1420,1
1840,http://snomed.info/id/387322000,http://ncicb.nci.nih.gov/xml/owl/EVS/Thesaurus.owl+ACM-C1506,1
1841,http://snomed.info/id/57811004,http://ncicb.nci.nih.gov/xml/owl/EVS/Thesaurus.owl+ACM-C67413,1
1842,http://snomed.info/id/422554008,http://ncicb.nci.nih.gov/xml/owl/EVS/Thesaurus.owl+ACM-C29700,1
1843,http://snomed.info/id/391728006,http://ncicb.nci.nih.gov/xml/owl/EVS/Thesaurus.owl+ACM-C29700,1
1844,http://snomed.info/id/3031003,http://ncicb.nci.nih.gov/xml/owl/EVS/Thesaurus.owl+ACM-C29701,1
1845,http://snomed.info/id/412190005,http://ncicb.nci.nih.gov/xml/owl/EVS/Thesaurus.owl+ACM-C257,1
1846,http://snomed.info/id/412192002,http://ncicb.nci.nih.gov/xml/owl/EVS/Thesaurus.owl+ACM-C257,1
1847,http://snomed.info/id/735078001,http://ncicb.nci.nih.gov/xml/owl/EVS/Thesaurus.owl+ACM-C28394,1
1848,http://snomed.info/id/76004005,http://ncicb.nci.nih.gov/xml/owl/EVS/Thesaurus.owl+ACM-C851,1
1849,http://snomed.info/id/387476001,http://ncicb.nci.nih.gov/xml/owl/EVS/Thesaurus.owl+ACM-C29578,1
1850,http://snomed.info/id/81646007,http://ncicb.nci.nih.gov/xml/owl/EVS/Thesaurus.owl+ACM-C29578,1
1851,http://snomed.info/id/40974005,http://ncicb.nci.nih.gov/xml/owl/EVS/Thesaurus.owl+ACM-C241,1
1852,http://snomed.info/id/387226000,http://ncicb.nci.nih.gov/xml/owl/EVS/Thesaurus.owl+ACM-C1506,1
1853,http://snomed.info/id/372830005,http://ncicb.nci.nih.gov/xml/owl/EVS/Thesaurus.owl+ACM-C29705,1
1854,http://snomed.info/id/73647000,http://ncicb.nci.nih.gov/xml/owl/EVS/Thesaurus.owl+ACM-C29705,1
1855,http://snomed.info/id/37013008,http://ncicb.nci.nih.gov/xml/owl/EVS/Thesaurus.owl+ACM-C29705,1
1856,http://snomed.info/id/18751000122108,http://ncicb.nci.nih.gov/xml/owl/EVS/Thesaurus.owl+ACM-C29698,1
1857,http://snomed.info/id/797930003,http://ncicb.nci.nih.gov/xml/owl/EVS/Thesaurus.owl+ACM-C250,1
1858,http://snomed.info/id/54142000,http://ncicb.nci.nih.gov/xml/owl/EVS/Thesaurus.owl+ACM-C83486,1
1859,http://snomed.info/id/387295005,http://ncicb.nci.nih.gov/xml/owl/EVS/Thesaurus.owl+ACM-C83486,1
1860,http://snomed.info/id/349922000,http://ncicb.nci.nih.gov/xml/owl/EVS/Thesaurus.owl+ACM-C66884,1
1861,http://snomed.info/id/419490003,http://ncicb.nci.nih.gov/xml/owl/EVS/Thesaurus.owl+ACM-C66884,1
1862,http://snomed.info/id/372496007,http://ncicb.nci.nih.gov/xml/owl/EVS/Thesaurus.owl+ACM-C66886,1
1863,http://snomed.info/id/108458009,http://ncicb.nci.nih.gov/xml/owl/EVS/Thesaurus.owl+ACM-C66886,1
1864,http://snomed.info/id/6054001,http://ncicb.nci.nih.gov/xml/owl/EVS/Thesaurus.owl+ACM-C29578,1
1865,http://snomed.info/id/420633004,http://ncicb.nci.nih.gov/xml/owl/EVS/Thesaurus.owl+ACM-C243,1
1866,http://snomed.info/id/420908004,http://ncicb.nci.nih.gov/xml/owl/EVS/Thesaurus.owl+ACM-C2360,1
1867,http://snomed.info/id/417263004,http://ncicb.nci.nih.gov/xml/owl/EVS/Thesaurus.owl+ACM-C243,1
1868,http://snomed.info/id/719933003,http://ncicb.nci.nih.gov/xml/owl/EVS/Thesaurus.owl+ACM-C29698,1
1869,http://snomed.info/id/697997002,http://ncicb.nci.nih.gov/xml/owl/EVS/Thesaurus.owl+ACM-C29578,1
1870,http://snomed.info/id/398897007,http://ncicb.nci.nih.gov/xml/owl/EVS/Thesaurus.owl+ACM-C87053,1
1871,http://snomed.info/id/126133006,http://ncicb.nci.nih.gov/xml/owl/EVS/Thesaurus.owl+ACM-C87053,1
1872,http://snomed.info/id/708830003,http://ncicb.nci.nih.gov/xml/owl/EVS/Thesaurus.owl+ACM-C29767,1
1873,http://snomed.info/id/96132007,http://ncicb.nci.nih.gov/xml/owl/EVS/Thesaurus.owl+ACM-C250,1
1874,http://snomed.info/id/426292005,http://ncicb.nci.nih.gov/xml/owl/EVS/Thesaurus.owl+ACM-C74536,1
1875,http://snomed.info/id/426922009,http://ncicb.nci.nih.gov/xml/owl/EVS/Thesaurus.owl+ACM-C74536,1
1876,http://snomed.info/id/126072007,http://ncicb.nci.nih.gov/xml/owl/EVS/Thesaurus.owl+ACM-C66884,1
1877,http://snomed.info/id/713472003,http://ncicb.nci.nih.gov/xml/owl/EVS/Thesaurus.owl+ACM-C28197,1
1878,http://snomed.info/id/387452009,http://ncicb.nci.nih.gov/xml/owl/EVS/Thesaurus.owl+ACM-C47795,1
1879,http://snomed.info/id/78983008,http://ncicb.nci.nih.gov/xml/owl/EVS/Thesaurus.owl+ACM-C47795,1
1880,http://snomed.info/id/386974002,http://ncicb.nci.nih.gov/xml/owl/EVS/Thesaurus.owl+ACM-C78275,1
1881,http://snomed.info/id/49451008,http://ncicb.nci.nih.gov/xml/owl/EVS/Thesaurus.owl+ACM-C29698,1
1882,http://snomed.info/id/712687008,http://ncicb.nci.nih.gov/xml/owl/EVS/Thesaurus.owl+ACM-C257,1
1883,http://snomed.info/id/54717003,http://ncicb.nci.nih.gov/xml/owl/EVS/Thesaurus.owl+ACM-C29756,1
1884,http://snomed.info/id/64940005,http://ncicb.nci.nih.gov/xml/owl/EVS/Thesaurus.owl+ACM-C67413,1
1885,http://snomed.info/id/83298009,http://ncicb.nci.nih.gov/xml/owl/EVS/Thesaurus.owl+ACM-C45678,1
1886,http://snomed.info/id/716059001,http://ncicb.nci.nih.gov/xml/owl/EVS/Thesaurus.owl+ACM-C29707,1
1887,http://snomed.info/id/786882006,http://ncicb.nci.nih.gov/xml/owl/EVS/Thesaurus.owl+ACM-C47795,1
1888,http://snomed.info/id/420879007,http://ncicb.nci.nih.gov/xml/owl/EVS/Thesaurus.owl+ACM-C776,1
1889,http://snomed.info/id/423440008,http://ncicb.nci.nih.gov/xml/owl/EVS/Thesaurus.owl+ACM-C776,1
1890,http://snomed.info/id/108510003,http://ncicb.nci.nih.gov/xml/owl/EVS/Thesaurus.owl+ACM-C257,1
1891,http://snomed.info/id/386860005,http://ncicb.nci.nih.gov/xml/owl/EVS/Thesaurus.owl+ACM-C257,1
1892,http://snomed.info/id/714621008,http://ncicb.nci.nih.gov/xml/owl/EVS/Thesaurus.owl+ACM-C257,1
1893,http://snomed.info/id/712688003,http://ncicb.nci.nih.gov/xml/owl/EVS/Thesaurus.owl+ACM-C257,1
1894,http://snomed.info/id/703900008,http://ncicb.nci.nih.gov/xml/owl/EVS/Thesaurus.owl+ACM-C98150,1
1895,http://snomed.info/id/703414000,http://ncicb.nci.nih.gov/xml/owl/EVS/Thesaurus.owl+ACM-C98150,1
1896,http://snomed.info/id/712689006,http://ncicb.nci.nih.gov/xml/owl/EVS/Thesaurus.owl+ACM-C744,1
1897,http://snomed.info/id/426891005,http://ncicb.nci.nih.gov/xml/owl/EVS/Thesaurus.owl+ACM-C1331,1
1898,http://snomed.info/id/386907005,http://ncicb.nci.nih.gov/xml/owl/EVS/Thesaurus.owl+ACM-C1556,1
1899,http://snomed.info/id/108763009,http://ncicb.nci.nih.gov/xml/owl/EVS/Thesaurus.owl+ACM-C2150,1
1900,http://snomed.info/id/96133002,http://ncicb.nci.nih.gov/xml/owl/EVS/Thesaurus.owl+ACM-C250,1
1901,http://snomed.info/id/396052008,http://ncicb.nci.nih.gov/xml/owl/EVS/Thesaurus.owl+ACM-C257,1
1902,http://snomed.info/id/329623001,http://ncicb.nci.nih.gov/xml/owl/EVS/Thesaurus.owl+ACM-C257,1
1903,http://snomed.info/id/96249005,http://ncicb.nci.nih.gov/xml/owl/EVS/Thesaurus.owl+ACM-C66884,1
1904,http://snomed.info/id/96241008,http://ncicb.nci.nih.gov/xml/owl/EVS/Thesaurus.owl+ACM-C47795,1
1905,http://snomed.info/id/442749005,http://ncicb.nci.nih.gov/xml/owl/EVS/Thesaurus.owl+ACM-C98150,1
1906,http://snomed.info/id/442750005,http://ncicb.nci.nih.gov/xml/owl/EVS/Thesaurus.owl+ACM-C98150,1
1907,http://snomed.info/id/108590002,http://ncicb.nci.nih.gov/xml/owl/EVS/Thesaurus.owl+ACM-C66884,1
1908,http://snomed.info/id/409138007,http://ncicb.nci.nih.gov/xml/owl/EVS/Thesaurus.owl+ACM-C66884,1
1909,http://snomed.info/id/256223005,http://ncicb.nci.nih.gov/xml/owl/EVS/Thesaurus.owl+ACM-C28394,1
1910,http://snomed.info/id/411392007,http://ncicb.nci.nih.gov/xml/owl/EVS/Thesaurus.owl+ACM-C28394,1
1911,http://snomed.info/id/326274003,http://ncicb.nci.nih.gov/xml/owl/EVS/Thesaurus.owl+ACM-C514,1
1912,http://snomed.info/id/419234006,http://ncicb.nci.nih.gov/xml/owl/EVS/Thesaurus.owl+ACM-C514,1
1913,http://snomed.info/id/387206004,http://ncicb.nci.nih.gov/xml/owl/EVS/Thesaurus.owl+ACM-C1505,1
1914,http://snomed.info/id/38231004,http://ncicb.nci.nih.gov/xml/owl/EVS/Thesaurus.owl+ACM-C1505,1
1915,http://snomed.info/id/129497004,http://ncicb.nci.nih.gov/xml/owl/EVS/Thesaurus.owl+ACM-C1505,1
1916,http://snomed.info/id/421953007,http://ncicb.nci.nih.gov/xml/owl/EVS/Thesaurus.owl+ACM-C1505,1
1917,http://snomed.info/id/52108005,http://ncicb.nci.nih.gov/xml/owl/EVS/Thesaurus.owl+ACM-C1505,1
1918,http://snomed.info/id/387289009,http://ncicb.nci.nih.gov/xml/owl/EVS/Thesaurus.owl+ACM-C1505,1
1919,http://snomed.info/id/387147005,http://ncicb.nci.nih.gov/xml/owl/EVS/Thesaurus.owl+ACM-C1505,1
1920,http://snomed.info/id/26736008,http://ncicb.nci.nih.gov/xml/owl/EVS/Thesaurus.owl+ACM-C1505,1
1921,http://snomed.info/id/890462007,http://ncicb.nci.nih.gov/xml/owl/EVS/Thesaurus.owl+ACM-C277,1
1922,http://snomed.info/id/766795001,http://ncicb.nci.nih.gov/xml/owl/EVS/Thesaurus.owl+ACM-C1745,1
1923,http://snomed.info/id/59526004,http://ncicb.nci.nih.gov/xml/owl/EVS/Thesaurus.owl+ACM-C66913,1
1924,http://snomed.info/id/319293004,http://ncicb.nci.nih.gov/xml/owl/EVS/Thesaurus.owl+ACM-C29707,1
1925,http://snomed.info/id/412391002,http://ncicb.nci.nih.gov/xml/owl/EVS/Thesaurus.owl+ACM-C29707,1
1926,http://snomed.info/id/703901007,http://ncicb.nci.nih.gov/xml/owl/EVS/Thesaurus.owl+ACM-C250,1
1927,http://snomed.info/id/703367001,http://ncicb.nci.nih.gov/xml/owl/EVS/Thesaurus.owl+ACM-C250,1
1928,http://snomed.info/id/765389005,http://ncicb.nci.nih.gov/xml/owl/EVS/Thesaurus.owl+ACM-C795,1
1929,http://snomed.info/id/395944001,http://ncicb.nci.nih.gov/xml/owl/EVS/Thesaurus.owl+ACM-C521,1
1930,http://snomed.info/id/116588001,http://ncicb.nci.nih.gov/xml/owl/EVS/Thesaurus.owl+ACM-C521,1
1931,http://snomed.info/id/43879000,http://ncicb.nci.nih.gov/xml/owl/EVS/Thesaurus.owl+ACM-C521,1
1932,http://snomed.info/id/96173008,http://ncicb.nci.nih.gov/xml/owl/EVS/Thesaurus.owl+ACM-C257,1
1933,http://snomed.info/id/96174002,http://ncicb.nci.nih.gov/xml/owl/EVS/Thesaurus.owl+ACM-C257,1
1934,http://snomed.info/id/28426008,http://ncicb.nci.nih.gov/xml/owl/EVS/Thesaurus.owl+ACM-C521,1
1935,http://snomed.info/id/395977002,http://ncicb.nci.nih.gov/xml/owl/EVS/Thesaurus.owl+ACM-C521,1
1936,http://snomed.info/id/396062001,http://ncicb.nci.nih.gov/xml/owl/EVS/Thesaurus.owl+ACM-C66883,1
1937,http://snomed.info/id/396063006,http://ncicb.nci.nih.gov/xml/owl/EVS/Thesaurus.owl+ACM-C29710,1
1938,http://snomed.info/id/697996006,http://ncicb.nci.nih.gov/xml/owl/EVS/Thesaurus.owl+ACM-C699,1
1939,http://snomed.info/id/102646006,http://ncicb.nci.nih.gov/xml/owl/EVS/Thesaurus.owl+ACM-C345,1
1940,http://snomed.info/id/108402001,http://ncicb.nci.nih.gov/xml/owl/EVS/Thesaurus.owl+ACM-C29756,1
1941,http://snomed.info/id/386845007,http://ncicb.nci.nih.gov/xml/owl/EVS/Thesaurus.owl+ACM-C29756,1
1942,http://snomed.info/id/427465009,http://ncicb.nci.nih.gov/xml/owl/EVS/Thesaurus.owl+ACM-C2563,1
1943,http://snomed.info/id/13121007,http://ncicb.nci.nih.gov/xml/owl/EVS/Thesaurus.owl+ACM-C68403,1
1944,http://snomed.info/id/411362003,http://ncicb.nci.nih.gov/xml/owl/EVS/Thesaurus.owl+ACM-C275,1
1945,http://snomed.info/id/55527000,http://ncicb.nci.nih.gov/xml/owl/EVS/Thesaurus.owl+ACM-C68542,1
1946,http://snomed.info/id/437760006,http://ncicb.nci.nih.gov/xml/owl/EVS/Thesaurus.owl+ACM-C776,1
1947,http://snomed.info/id/395945000,http://ncicb.nci.nih.gov/xml/owl/EVS/Thesaurus.owl+ACM-C776,1
1948,http://snomed.info/id/109079009,http://ncicb.nci.nih.gov/xml/owl/EVS/Thesaurus.owl+ACM-C97936,1
1949,http://snomed.info/id/386966003,http://ncicb.nci.nih.gov/xml/owl/EVS/Thesaurus.owl+ACM-C97936,1
1950,http://snomed.info/id/395732008,http://ncicb.nci.nih.gov/xml/owl/EVS/Thesaurus.owl+ACM-C97936,1
1951,http://snomed.info/id/325249006,http://ncicb.nci.nih.gov/xml/owl/EVS/Thesaurus.owl+ACM-C97936,1
1952,http://snomed.info/id/32445001,http://ncicb.nci.nih.gov/xml/owl/EVS/Thesaurus.owl+ACM-C29730,1
1953,http://snomed.info/id/427638006,http://ncicb.nci.nih.gov/xml/owl/EVS/Thesaurus.owl+ACM-C275,1
1954,http://snomed.info/id/18600008,http://ncicb.nci.nih.gov/xml/owl/EVS/Thesaurus.owl+ACM-C344,1
1955,http://snomed.info/id/698844007,http://ncicb.nci.nih.gov/xml/owl/EVS/Thesaurus.owl+ACM-C263,1
1956,http://snomed.info/id/6817006,http://ncicb.nci.nih.gov/xml/owl/EVS/Thesaurus.owl+ACM-C26170,1
1957,http://snomed.info/id/709131007,http://ncicb.nci.nih.gov/xml/owl/EVS/Thesaurus.owl+ACM-C1505,1
1958,http://snomed.info/id/715362002,http://ncicb.nci.nih.gov/xml/owl/EVS/Thesaurus.owl+ACM-C1905,1
1959,http://snomed.info/id/372487007,http://ncicb.nci.nih.gov/xml/owl/EVS/Thesaurus.owl+ACM-C94726,1
1960,http://snomed.info/id/108418007,http://ncicb.nci.nih.gov/xml/owl/EVS/Thesaurus.owl+ACM-C94726,1
1961,http://snomed.info/id/372489005,http://ncicb.nci.nih.gov/xml/owl/EVS/Thesaurus.owl+ACM-C94726,1
1962,http://snomed.info/id/108424001,http://ncicb.nci.nih.gov/xml/owl/EVS/Thesaurus.owl+ACM-C94726,1
1963,http://snomed.info/id/69204002,http://ncicb.nci.nih.gov/xml/owl/EVS/Thesaurus.owl+ACM-C270,1
1964,http://snomed.info/id/372820001,http://ncicb.nci.nih.gov/xml/owl/EVS/Thesaurus.owl+ACM-C270,1
1965,http://snomed.info/id/395734009,http://ncicb.nci.nih.gov/xml/owl/EVS/Thesaurus.owl+ACM-C1505,1
1966,http://snomed.info/id/772944009,http://ncicb.nci.nih.gov/xml/owl/EVS/Thesaurus.owl+ACM-C1505,1
1967,http://snomed.info/id/63545000,http://ncicb.nci.nih.gov/xml/owl/EVS/Thesaurus.owl+ACM-C1012,1
1968,http://snomed.info/id/371367008,http://ncicb.nci.nih.gov/xml/owl/EVS/Thesaurus.owl+ACM-C1012,1
1969,http://snomed.info/id/715413003,http://ncicb.nci.nih.gov/xml/owl/EVS/Thesaurus.owl+ACM-C29505,1
1970,http://snomed.info/id/704673003,http://ncicb.nci.nih.gov/xml/owl/EVS/Thesaurus.owl+ACM-C29505,1
1971,http://snomed.info/id/412196004,http://ncicb.nci.nih.gov/xml/owl/EVS/Thesaurus.owl+ACM-C66883,1
1972,http://snomed.info/id/387251004,http://ncicb.nci.nih.gov/xml/owl/EVS/Thesaurus.owl+ACM-C514,1
1973,http://snomed.info/id/46436003,http://ncicb.nci.nih.gov/xml/owl/EVS/Thesaurus.owl+ACM-C28394,1
1974,http://snomed.info/id/96136005,http://ncicb.nci.nih.gov/xml/owl/EVS/Thesaurus.owl+ACM-C250,1
1975,http://snomed.info/id/255968003,http://ncicb.nci.nih.gov/xml/owl/EVS/Thesaurus.owl+ACM-C28394,1
1976,http://snomed.info/id/411311001,http://ncicb.nci.nih.gov/xml/owl/EVS/Thesaurus.owl+ACM-C28394,1
1977,http://snomed.info/id/49839002,http://ncicb.nci.nih.gov/xml/owl/EVS/Thesaurus.owl+ACM-C66886,1
1978,http://snomed.info/id/703831002,http://ncicb.nci.nih.gov/xml/owl/EVS/Thesaurus.owl+ACM-C258,1
1979,http://snomed.info/id/109143003,http://ncicb.nci.nih.gov/xml/owl/EVS/Thesaurus.owl+ACM-C1971,1
1980,http://snomed.info/id/386981009,http://ncicb.nci.nih.gov/xml/owl/EVS/Thesaurus.owl+ACM-C1557,1
1981,http://snomed.info/id/419172005,http://ncicb.nci.nih.gov/xml/owl/EVS/Thesaurus.owl+ACM-C514,1
1982,http://snomed.info/id/326300005,http://ncicb.nci.nih.gov/xml/owl/EVS/Thesaurus.owl+ACM-C514,1
1983,http://snomed.info/id/71916002,http://ncicb.nci.nih.gov/xml/owl/EVS/Thesaurus.owl+ACM-C221,1
1984,http://snomed.info/id/126150008,http://ncicb.nci.nih.gov/xml/owl/EVS/Thesaurus.owl+ACM-C521,1
1985,http://snomed.info/id/79380007,http://ncicb.nci.nih.gov/xml/owl/EVS/Thesaurus.owl+ACM-C521,1
1986,http://snomed.info/id/51612003,http://ncicb.nci.nih.gov/xml/owl/EVS/Thesaurus.owl+ACM-C521,1
1987,http://snomed.info/id/725564004,http://ncicb.nci.nih.gov/xml/owl/EVS/Thesaurus.owl+ACM-C45564,1
1988,http://snomed.info/id/123681008,http://ncicb.nci.nih.gov/xml/owl/EVS/Thesaurus.owl+ACM-C1931,1
1989,http://snomed.info/id/412410003,http://ncicb.nci.nih.gov/xml/owl/EVS/Thesaurus.owl+ACM-C82130,1
1990,http://snomed.info/id/330769006,http://ncicb.nci.nih.gov/xml/owl/EVS/Thesaurus.owl+ACM-C82130,1
1991,http://snomed.info/id/395917006,http://ncicb.nci.nih.gov/xml/owl/EVS/Thesaurus.owl+ACM-C94726,1
1992,http://snomed.info/id/322201005,http://ncicb.nci.nih.gov/xml/owl/EVS/Thesaurus.owl+ACM-C94726,1
1993,http://snomed.info/id/96110003,http://ncicb.nci.nih.gov/xml/owl/EVS/Thesaurus.owl+ACM-C277,1
1994,http://snomed.info/id/715271009,http://ncicb.nci.nih.gov/xml/owl/EVS/Thesaurus.owl+ACM-C29702,1
1995,http://snomed.info/id/255687007,http://ncicb.nci.nih.gov/xml/owl/EVS/Thesaurus.owl+ACM-C29702,1
1996,http://snomed.info/id/412207007,http://ncicb.nci.nih.gov/xml/owl/EVS/Thesaurus.owl+ACM-C47793,1
1997,http://snomed.info/id/717166005,http://ncicb.nci.nih.gov/xml/owl/EVS/Thesaurus.owl+ACM-C257,1
1998,http://snomed.info/id/414506003,http://ncicb.nci.nih.gov/xml/owl/EVS/Thesaurus.owl+ACM-C98151,1
1999,http://snomed.info/id/44603007,http://ncicb.nci.nih.gov/xml/owl/EVS/Thesaurus.owl+ACM-C74536,1
2000,http://snomed.info/id/400799002,http://ncicb.nci.nih.gov/xml/owl/EVS/Thesaurus.owl+ACM-C74536,1
2001,http://snomed.info/id/46257009,http://ncicb.nci.nih.gov/xml/owl/EVS/Thesaurus.owl+ACM-C28394,1
2002,http://snomed.info/id/422494007,http://ncicb.nci.nih.gov/xml/owl/EVS/Thesaurus.owl+ACM-C28394,1
2003,http://snomed.info/id/4704002,http://ncicb.nci.nih.gov/xml/owl/EVS/Thesaurus.owl+ACM-C885,1
2004,http://snomed.info/id/387255008,http://ncicb.nci.nih.gov/xml/owl/EVS/Thesaurus.owl+ACM-C885,1
2005,http://snomed.info/id/782382002,http://ncicb.nci.nih.gov/xml/owl/EVS/Thesaurus.owl+ACM-C28500,1
2006,http://snomed.info/id/785380003,http://ncicb.nci.nih.gov/xml/owl/EVS/Thesaurus.owl+ACM-C28500,1
2007,http://snomed.info/id/350201001,http://ncicb.nci.nih.gov/xml/owl/EVS/Thesaurus.owl+ACM-C514,1
2008,http://snomed.info/id/418371001,http://ncicb.nci.nih.gov/xml/owl/EVS/Thesaurus.owl+ACM-C514,1
2009,http://snomed.info/id/387302004,http://ncicb.nci.nih.gov/xml/owl/EVS/Thesaurus.owl+ACM-C29747,1
2010,http://snomed.info/id/54824008,http://ncicb.nci.nih.gov/xml/owl/EVS/Thesaurus.owl+ACM-C29747,1
2011,http://snomed.info/id/411253003,http://ncicb.nci.nih.gov/xml/owl/EVS/Thesaurus.owl+ACM-C45678,1
2012,http://snomed.info/id/255895009,http://ncicb.nci.nih.gov/xml/owl/EVS/Thesaurus.owl+ACM-C45678,1
2013,http://snomed.info/id/442355002,http://ncicb.nci.nih.gov/xml/owl/EVS/Thesaurus.owl+ACM-C45678,1
2014,http://snomed.info/id/386854005,http://ncicb.nci.nih.gov/xml/owl/EVS/Thesaurus.owl+ACM-C29707,1
2015,http://snomed.info/id/766802003,http://ncicb.nci.nih.gov/xml/owl/EVS/Thesaurus.owl+ACM-C29578,1
2016,http://snomed.info/id/387532006,http://ncicb.nci.nih.gov/xml/owl/EVS/Thesaurus.owl+ACM-C514,1
2017,http://snomed.info/id/96038009,http://ncicb.nci.nih.gov/xml/owl/EVS/Thesaurus.owl+ACM-C514,1
2018,http://snomed.info/id/372551003,http://ncicb.nci.nih.gov/xml/owl/EVS/Thesaurus.owl+ACM-C29578,1
2019,http://snomed.info/id/108846000,http://ncicb.nci.nih.gov/xml/owl/EVS/Thesaurus.owl+ACM-C29578,1
2020,http://snomed.info/id/321288000,http://ncicb.nci.nih.gov/xml/owl/EVS/Thesaurus.owl+ACM-C1012,1
2021,http://snomed.info/id/419657007,http://ncicb.nci.nih.gov/xml/owl/EVS/Thesaurus.owl+ACM-C1012,1
2022,http://snomed.info/id/96190002,http://ncicb.nci.nih.gov/xml/owl/EVS/Thesaurus.owl+ACM-C67413,1
2023,http://snomed.info/id/108513001,http://ncicb.nci.nih.gov/xml/owl/EVS/Thesaurus.owl+ACM-C1323,1
2024,http://snomed.info/id/96127006,http://ncicb.nci.nih.gov/xml/owl/EVS/Thesaurus.owl+ACM-C250,1
2025,http://snomed.info/id/395764001,http://ncicb.nci.nih.gov/xml/owl/EVS/Thesaurus.owl+ACM-C333,1
2026,http://snomed.info/id/319299000,http://ncicb.nci.nih.gov/xml/owl/EVS/Thesaurus.owl+ACM-C333,1
2027,http://snomed.info/id/77370004,http://ncicb.nci.nih.gov/xml/owl/EVS/Thesaurus.owl+ACM-C45678,1
2028,http://snomed.info/id/317599009,http://ncicb.nci.nih.gov/xml/owl/EVS/Thesaurus.owl+ACM-C283,1
2029,http://snomed.info/id/418929008,http://ncicb.nci.nih.gov/xml/owl/EVS/Thesaurus.owl+ACM-C283,1
2030,http://snomed.info/id/23832005,http://ncicb.nci.nih.gov/xml/owl/EVS/Thesaurus.owl+ACM-C79688,1
2031,http://snomed.info/id/423028001,http://ncicb.nci.nih.gov/xml/owl/EVS/Thesaurus.owl+ACM-C79688,1
2032,http://snomed.info/id/96217005,http://ncicb.nci.nih.gov/xml/owl/EVS/Thesaurus.owl+ACM-C29710,1
2033,http://snomed.info/id/44347009,http://ncicb.nci.nih.gov/xml/owl/EVS/Thesaurus.owl+ACM-C66884,1
2034,http://snomed.info/id/372554006,http://ncicb.nci.nih.gov/xml/owl/EVS/Thesaurus.owl+ACM-C29578,1
2035,http://snomed.info/id/108863001,http://ncicb.nci.nih.gov/xml/owl/EVS/Thesaurus.owl+ACM-C29578,1
2036,http://snomed.info/id/126196000,http://ncicb.nci.nih.gov/xml/owl/EVS/Thesaurus.owl+ACM-C1910,1
2037,http://snomed.info/id/109046009,http://ncicb.nci.nih.gov/xml/owl/EVS/Thesaurus.owl+ACM-C1910,1
2038,http://snomed.info/id/108861004,http://ncicb.nci.nih.gov/xml/owl/EVS/Thesaurus.owl+ACM-C29714,1
2039,http://snomed.info/id/96088001,http://ncicb.nci.nih.gov/xml/owl/EVS/Thesaurus.owl+ACM-C795,1
2040,http://snomed.info/id/387553002,http://ncicb.nci.nih.gov/xml/owl/EVS/Thesaurus.owl+ACM-C795,1
2041,http://snomed.info/id/386884002,http://ncicb.nci.nih.gov/xml/owl/EVS/Thesaurus.owl+ACM-C29578,1
2042,http://snomed.info/id/108652002,http://ncicb.nci.nih.gov/xml/owl/EVS/Thesaurus.owl+ACM-C29578,1
2043,http://snomed.info/id/96233008,http://ncicb.nci.nih.gov/xml/owl/EVS/Thesaurus.owl+ACM-C1012,1
2044,http://snomed.info/id/387570005,http://ncicb.nci.nih.gov/xml/owl/EVS/Thesaurus.owl+ACM-C1012,1
2045,http://snomed.info/id/18991000122102,http://ncicb.nci.nih.gov/xml/owl/EVS/Thesaurus.owl+ACM-C1323,1
2046,http://snomed.info/id/96356002,http://ncicb.nci.nih.gov/xml/owl/EVS/Thesaurus.owl+ACM-C78568,1
2047,http://snomed.info/id/96159004,http://ncicb.nci.nih.gov/xml/owl/EVS/Thesaurus.owl+ACM-C277,1
2048,http://snomed.info/id/26104006,http://ncicb.nci.nih.gov/xml/owl/EVS/Thesaurus.owl+ACM-C718,1
2049,http://snomed.info/id/116269007,http://ncicb.nci.nih.gov/xml/owl/EVS/Thesaurus.owl+ACM-C283,1
2050,http://snomed.info/id/786805006,http://ncicb.nci.nih.gov/xml/owl/EVS/Thesaurus.owl+ACM-C255,1
2051,http://snomed.info/id/350156008,http://ncicb.nci.nih.gov/xml/owl/EVS/Thesaurus.owl+ACM-C255,1
2052,http://snomed.info/id/395778000,http://ncicb.nci.nih.gov/xml/owl/EVS/Thesaurus.owl+ACM-C255,1
2053,http://snomed.info/id/765322004,http://ncicb.nci.nih.gov/xml/owl/EVS/Thesaurus.owl+ACM-C333,1
2054,http://snomed.info/id/707618008,http://ncicb.nci.nih.gov/xml/owl/EVS/Thesaurus.owl+ACM-C308,1
2055,http://snomed.info/id/126232005,http://ncicb.nci.nih.gov/xml/owl/EVS/Thesaurus.owl+ACM-C29708,1
2056,http://snomed.info/id/395766004,http://ncicb.nci.nih.gov/xml/owl/EVS/Thesaurus.owl+ACM-C29708,1
2057,http://snomed.info/id/108422002,http://ncicb.nci.nih.gov/xml/owl/EVS/Thesaurus.owl+ACM-C94726,1
2058,http://snomed.info/id/349819003,http://ncicb.nci.nih.gov/xml/owl/EVS/Thesaurus.owl+ACM-C66880,1
2059,http://snomed.info/id/419830007,http://ncicb.nci.nih.gov/xml/owl/EVS/Thesaurus.owl+ACM-C66880,1
2060,http://snomed.info/id/419632002,http://ncicb.nci.nih.gov/xml/owl/EVS/Thesaurus.owl+ACM-C29578,1
2061,http://snomed.info/id/320747007,http://ncicb.nci.nih.gov/xml/owl/EVS/Thesaurus.owl+ACM-C29578,1
2062,http://snomed.info/id/349993000,http://ncicb.nci.nih.gov/xml/owl/EVS/Thesaurus.owl+ACM-C74536,1
2063,http://snomed.info/id/782163002,http://ncicb.nci.nih.gov/xml/owl/EVS/Thesaurus.owl+ACM-C74536,1
2064,http://snomed.info/id/396489003,http://ncicb.nci.nih.gov/xml/owl/EVS/Thesaurus.owl+ACM-C74536,1
2065,http://snomed.info/id/387403005,http://ncicb.nci.nih.gov/xml/owl/EVS/Thesaurus.owl+ACM-C521,1
2066,http://snomed.info/id/47140009,http://ncicb.nci.nih.gov/xml/owl/EVS/Thesaurus.owl+ACM-C521,1
2067,http://snomed.info/id/372566000,http://ncicb.nci.nih.gov/xml/owl/EVS/Thesaurus.owl+ACM-C98079,1
2068,http://snomed.info/id/109075003,http://ncicb.nci.nih.gov/xml/owl/EVS/Thesaurus.owl+ACM-C98079,1
2069,http://snomed.info/id/9663002,http://ncicb.nci.nih.gov/xml/owl/EVS/Thesaurus.owl+ACM-C66883,1
2070,http://snomed.info/id/1190007,http://ncicb.nci.nih.gov/xml/owl/EVS/Thesaurus.owl+ACM-C29696,1
2071,http://snomed.info/id/414674005,http://ncicb.nci.nih.gov/xml/owl/EVS/Thesaurus.owl+ACM-C29578,1
2072,http://snomed.info/id/320756004,http://ncicb.nci.nih.gov/xml/owl/EVS/Thesaurus.owl+ACM-C29578,1
2073,http://snomed.info/id/362947006,http://ncicb.nci.nih.gov/xml/owl/EVS/Thesaurus.owl+ACM-C448,1
2074,http://snomed.info/id/82216000,http://ncicb.nci.nih.gov/xml/owl/EVS/Thesaurus.owl+ACM-C241,1
2075,http://snomed.info/id/400745007,http://ncicb.nci.nih.gov/xml/owl/EVS/Thesaurus.owl+ACM-C29707,1
2076,http://snomed.info/id/18462008,http://ncicb.nci.nih.gov/xml/owl/EVS/Thesaurus.owl+ACM-C29707,1
2077,http://snomed.info/id/55741006,http://ncicb.nci.nih.gov/xml/owl/EVS/Thesaurus.owl+ACM-C255,1
2078,http://snomed.info/id/72857005,http://ncicb.nci.nih.gov/xml/owl/EVS/Thesaurus.owl+ACM-C67084,1
2079,http://snomed.info/id/64558005,http://ncicb.nci.nih.gov/xml/owl/EVS/Thesaurus.owl+ACM-C38149,1
2080,http://snomed.info/id/387354009,http://ncicb.nci.nih.gov/xml/owl/EVS/Thesaurus.owl+ACM-C38149,1
2081,http://snomed.info/id/48940005,http://ncicb.nci.nih.gov/xml/owl/EVS/Thesaurus.owl+ACM-C29710,1
2082,http://snomed.info/id/386988003,http://ncicb.nci.nih.gov/xml/owl/EVS/Thesaurus.owl+ACM-C257,1
2083,http://snomed.info/id/111141006,http://ncicb.nci.nih.gov/xml/owl/EVS/Thesaurus.owl+ACM-C257,1
2084,http://snomed.info/id/117186002,http://ncicb.nci.nih.gov/xml/owl/EVS/Thesaurus.owl+ACM-C1934,1
2085,http://snomed.info/id/429838001,http://ncicb.nci.nih.gov/xml/owl/EVS/Thesaurus.owl+ACM-C681,1
2086,http://snomed.info/id/431072004,http://ncicb.nci.nih.gov/xml/owl/EVS/Thesaurus.owl+ACM-C681,1
2087,http://snomed.info/id/425096006,http://ncicb.nci.nih.gov/xml/owl/EVS/Thesaurus.owl+ACM-C26017,1
2088,http://snomed.info/id/424803001,http://ncicb.nci.nih.gov/xml/owl/EVS/Thesaurus.owl+ACM-C26017,1
2089,http://snomed.info/id/1450002,http://ncicb.nci.nih.gov/xml/owl/EVS/Thesaurus.owl+ACM-C29756,1
2090,http://snomed.info/id/89664002,http://ncicb.nci.nih.gov/xml/owl/EVS/Thesaurus.owl+ACM-C29696,1
2091,http://snomed.info/id/373781002,http://ncicb.nci.nih.gov/xml/owl/EVS/Thesaurus.owl+ACM-C29696,1
2092,http://snomed.info/id/782142004,http://ncicb.nci.nih.gov/xml/owl/EVS/Thesaurus.owl+ACM-C29756,1
2093,http://snomed.info/id/441821005,http://ncicb.nci.nih.gov/xml/owl/EVS/Thesaurus.owl+ACM-C29710,1
2094,http://snomed.info/id/442519006,http://ncicb.nci.nih.gov/xml/owl/EVS/Thesaurus.owl+ACM-C29710,1
2095,http://snomed.info/id/256176005,http://ncicb.nci.nih.gov/xml/owl/EVS/Thesaurus.owl+ACM-C851,1
2096,http://snomed.info/id/96342004,http://ncicb.nci.nih.gov/xml/owl/EVS/Thesaurus.owl+ACM-C243,1
2097,http://snomed.info/id/442642007,http://ncicb.nci.nih.gov/xml/owl/EVS/Thesaurus.owl+ACM-C29747,1
2098,http://snomed.info/id/386046009,http://ncicb.nci.nih.gov/xml/owl/EVS/Thesaurus.owl+ACM-C2846,1
2099,http://snomed.info/id/109071007,http://ncicb.nci.nih.gov/xml/owl/EVS/Thesaurus.owl+ACM-C2846,1
2100,http://snomed.info/id/108446009,http://ncicb.nci.nih.gov/xml/owl/EVS/Thesaurus.owl+ACM-C66886,1
2101,http://snomed.info/id/372493004,http://ncicb.nci.nih.gov/xml/owl/EVS/Thesaurus.owl+ACM-C66886,1
2102,http://snomed.info/id/395800003,http://ncicb.nci.nih.gov/xml/owl/EVS/Thesaurus.owl+ACM-C667,1
2103,http://snomed.info/id/321911007,http://ncicb.nci.nih.gov/xml/owl/EVS/Thesaurus.owl+ACM-C667,1
2104,http://snomed.info/id/387004007,http://ncicb.nci.nih.gov/xml/owl/EVS/Thesaurus.owl+ACM-C47795,1
2105,http://snomed.info/id/116082007,http://ncicb.nci.nih.gov/xml/owl/EVS/Thesaurus.owl+ACM-C47795,1
2106,http://snomed.info/id/111125005,http://ncicb.nci.nih.gov/xml/owl/EVS/Thesaurus.owl+ACM-C29710,1
2107,http://snomed.info/id/395802006,http://ncicb.nci.nih.gov/xml/owl/EVS/Thesaurus.owl+ACM-C29505,1
2108,http://snomed.info/id/108671000,http://ncicb.nci.nih.gov/xml/owl/EVS/Thesaurus.owl+ACM-C78276,1
2109,http://snomed.info/id/412545009,http://ncicb.nci.nih.gov/xml/owl/EVS/Thesaurus.owl+ACM-C78276,1
2110,http://snomed.info/id/417533007,http://ncicb.nci.nih.gov/xml/owl/EVS/Thesaurus.owl+ACM-C1697,1
2111,http://snomed.info/id/333092000,http://ncicb.nci.nih.gov/xml/owl/EVS/Thesaurus.owl+ACM-C1697,1
2112,http://snomed.info/id/96177009,http://ncicb.nci.nih.gov/xml/owl/EVS/Thesaurus.owl+ACM-C257,1
2113,http://snomed.info/id/773471007,http://ncicb.nci.nih.gov/xml/owl/EVS/Thesaurus.owl+ACM-C28394,1
2114,http://snomed.info/id/703382006,http://ncicb.nci.nih.gov/xml/owl/EVS/Thesaurus.owl+ACM-C281,1
2115,http://snomed.info/id/703380003,http://ncicb.nci.nih.gov/xml/owl/EVS/Thesaurus.owl+ACM-C281,1
2116,http://snomed.info/id/60886004,http://ncicb.nci.nih.gov/xml/owl/EVS/Thesaurus.owl+ACM-C67413,1
2117,http://snomed.info/id/395805008,http://ncicb.nci.nih.gov/xml/owl/EVS/Thesaurus.owl+ACM-C270,1
2118,http://snomed.info/id/318706009,http://ncicb.nci.nih.gov/xml/owl/EVS/Thesaurus.owl+ACM-C270,1
2119,http://snomed.info/id/713642004,http://ncicb.nci.nih.gov/xml/owl/EVS/Thesaurus.owl+ACM-C2188,1
2120,http://snomed.info/id/713676008,http://ncicb.nci.nih.gov/xml/owl/EVS/Thesaurus.owl+ACM-C2188,1
2121,http://snomed.info/id/108508000,http://ncicb.nci.nih.gov/xml/owl/EVS/Thesaurus.owl+ACM-C257,1
2122,http://snomed.info/id/386859000,http://ncicb.nci.nih.gov/xml/owl/EVS/Thesaurus.owl+ACM-C54679,1
2123,http://snomed.info/id/713428001,http://ncicb.nci.nih.gov/xml/owl/EVS/Thesaurus.owl+ACM-C78311,1
2124,http://snomed.info/id/372655002,http://ncicb.nci.nih.gov/xml/owl/EVS/Thesaurus.owl+ACM-C514,1
2125,http://snomed.info/id/13800009,http://ncicb.nci.nih.gov/xml/owl/EVS/Thesaurus.owl+ACM-C514,1
2126,http://snomed.info/id/764607009,http://ncicb.nci.nih.gov/xml/owl/EVS/Thesaurus.owl+ACM-C681,1
2127,http://snomed.info/id/109098006,http://ncicb.nci.nih.gov/xml/owl/EVS/Thesaurus.owl+ACM-C681,1
2128,http://snomed.info/id/96162001,http://ncicb.nci.nih.gov/xml/owl/EVS/Thesaurus.owl+ACM-C258,1
2129,http://snomed.info/id/318638009,http://ncicb.nci.nih.gov/xml/owl/EVS/Thesaurus.owl+ACM-C29576,1
2130,http://snomed.info/id/395808005,http://ncicb.nci.nih.gov/xml/owl/EVS/Thesaurus.owl+ACM-C29576,1
2131,http://snomed.info/id/372519004,http://ncicb.nci.nih.gov/xml/owl/EVS/Thesaurus.owl+ACM-C29578,1
2132,http://snomed.info/id/108627004,http://ncicb.nci.nih.gov/xml/owl/EVS/Thesaurus.owl+ACM-C29578,1
2133,http://snomed.info/id/96164000,http://ncicb.nci.nih.gov/xml/owl/EVS/Thesaurus.owl+ACM-C277,1
2134,http://snomed.info/id/713432007,http://ncicb.nci.nih.gov/xml/owl/EVS/Thesaurus.owl+ACM-C29756,1
2135,http://snomed.info/id/21888005,http://ncicb.nci.nih.gov/xml/owl/EVS/Thesaurus.owl+ACM-C44407,1
2136,http://snomed.info/id/395809002,http://ncicb.nci.nih.gov/xml/owl/EVS/Thesaurus.owl+ACM-C29707,1
2137,http://snomed.info/id/319304004,http://ncicb.nci.nih.gov/xml/owl/EVS/Thesaurus.owl+ACM-C29707,1
2138,http://snomed.info/id/77544001,http://ncicb.nci.nih.gov/xml/owl/EVS/Thesaurus.owl+ACM-C168699,1
2139,http://snomed.info/id/391834006,http://ncicb.nci.nih.gov/xml/owl/EVS/Thesaurus.owl+ACM-C29707,1
2140,http://snomed.info/id/703472009,http://ncicb.nci.nih.gov/xml/owl/EVS/Thesaurus.owl+ACM-C28394,1
2141,http://snomed.info/id/703471002,http://ncicb.nci.nih.gov/xml/owl/EVS/Thesaurus.owl+ACM-C28394,1
2142,http://snomed.info/id/96166003,http://ncicb.nci.nih.gov/xml/owl/EVS/Thesaurus.owl+ACM-C28394,1
2143,http://snomed.info/id/404866003,http://ncicb.nci.nih.gov/xml/owl/EVS/Thesaurus.owl+ACM-C146993,1
2144,http://snomed.info/id/96372005,http://ncicb.nci.nih.gov/xml/owl/EVS/Thesaurus.owl+ACM-C146993,1
2145,http://snomed.info/id/96105002,http://ncicb.nci.nih.gov/xml/owl/EVS/Thesaurus.owl+ACM-C277,1
2146,http://snomed.info/id/407149009,http://ncicb.nci.nih.gov/xml/owl/EVS/Thesaurus.owl+ACM-C277,1
2147,http://snomed.info/id/407148001,http://ncicb.nci.nih.gov/xml/owl/EVS/Thesaurus.owl+ACM-C277,1
2148,http://snomed.info/id/96167007,http://ncicb.nci.nih.gov/xml/owl/EVS/Thesaurus.owl+ACM-C277,1
2149,http://snomed.info/id/703482005,http://ncicb.nci.nih.gov/xml/owl/EVS/Thesaurus.owl+ACM-C795,1
2150,http://snomed.info/id/703481003,http://ncicb.nci.nih.gov/xml/owl/EVS/Thesaurus.owl+ACM-C795,1
2151,http://snomed.info/id/699947006,http://ncicb.nci.nih.gov/xml/owl/EVS/Thesaurus.owl+ACM-C776,1
2152,http://snomed.info/id/703838008,http://ncicb.nci.nih.gov/xml/owl/EVS/Thesaurus.owl+ACM-C54060,1
2153,http://snomed.info/id/96257008,http://ncicb.nci.nih.gov/xml/owl/EVS/Thesaurus.owl+ACM-C221,1
2154,http://snomed.info/id/35871001,http://ncicb.nci.nih.gov/xml/owl/EVS/Thesaurus.owl+ACM-C2189,1
2155,http://snomed.info/id/412258009,http://ncicb.nci.nih.gov/xml/owl/EVS/Thesaurus.owl+ACM-C45678,1
2156,http://snomed.info/id/108673002,http://ncicb.nci.nih.gov/xml/owl/EVS/Thesaurus.owl+ACM-C257,1
2157,http://snomed.info/id/386890003,http://ncicb.nci.nih.gov/xml/owl/EVS/Thesaurus.owl+ACM-C257,1
2158,http://snomed.info/id/763190008,http://ncicb.nci.nih.gov/xml/owl/EVS/Thesaurus.owl+ACM-C514,1
2159,http://snomed.info/id/108450002,http://ncicb.nci.nih.gov/xml/owl/EVS/Thesaurus.owl+ACM-C29696,1
2160,http://snomed.info/id/96175001,http://ncicb.nci.nih.gov/xml/owl/EVS/Thesaurus.owl+ACM-C275,1
2161,http://snomed.info/id/327032007,http://ncicb.nci.nih.gov/xml/owl/EVS/Thesaurus.owl+ACM-C1450,1
2162,http://snomed.info/id/395814003,http://ncicb.nci.nih.gov/xml/owl/EVS/Thesaurus.owl+ACM-C1450,1
2163,http://snomed.info/id/386031002,http://ncicb.nci.nih.gov/xml/owl/EVS/Thesaurus.owl+ACM-C1323,1
2164,http://snomed.info/id/108518005,http://ncicb.nci.nih.gov/xml/owl/EVS/Thesaurus.owl+ACM-C1323,1
2165,http://snomed.info/id/766797009,http://ncicb.nci.nih.gov/xml/owl/EVS/Thesaurus.owl+ACM-C66885,1
2166,http://snomed.info/id/96112006,http://ncicb.nci.nih.gov/xml/owl/EVS/Thesaurus.owl+ACM-C250,1
2167,http://snomed.info/id/96111004,http://ncicb.nci.nih.gov/xml/owl/EVS/Thesaurus.owl+ACM-C250,1
2168,http://snomed.info/id/57263002,http://ncicb.nci.nih.gov/xml/owl/EVS/Thesaurus.owl+ACM-C514,1
2169,http://snomed.info/id/372778004,http://ncicb.nci.nih.gov/xml/owl/EVS/Thesaurus.owl+ACM-C514,1
2170,http://snomed.info/id/703553006,http://ncicb.nci.nih.gov/xml/owl/EVS/Thesaurus.owl+ACM-C257,1
2171,http://snomed.info/id/772063007,http://ncicb.nci.nih.gov/xml/owl/EVS/Thesaurus.owl+ACM-C52588,1
2172,http://snomed.info/id/72179002,http://ncicb.nci.nih.gov/xml/owl/EVS/Thesaurus.owl+ACM-C851,1
2173,http://snomed.info/id/27499006,http://ncicb.nci.nih.gov/xml/owl/EVS/Thesaurus.owl+ACM-C29698,1
2174,http://snomed.info/id/64535007,http://ncicb.nci.nih.gov/xml/owl/EVS/Thesaurus.owl+ACM-C851,1
2175,http://snomed.info/id/44007007,http://ncicb.nci.nih.gov/xml/owl/EVS/Thesaurus.owl+ACM-C851,1
2176,http://snomed.info/id/372595009,http://ncicb.nci.nih.gov/xml/owl/EVS/Thesaurus.owl+ACM-C94725,1
2177,http://snomed.info/id/96214003,http://ncicb.nci.nih.gov/xml/owl/EVS/Thesaurus.owl+ACM-C94725,1
2178,http://snomed.info/id/321963000,http://ncicb.nci.nih.gov/xml/owl/EVS/Thesaurus.owl+ACM-C94725,1
2179,http://snomed.info/id/386952008,http://ncicb.nci.nih.gov/xml/owl/EVS/Thesaurus.owl+ACM-C80483,1
2180,http://snomed.info/id/108979001,http://ncicb.nci.nih.gov/xml/owl/EVS/Thesaurus.owl+ACM-C80483,1
2181,http://snomed.info/id/55946005,http://ncicb.nci.nih.gov/xml/owl/EVS/Thesaurus.owl+ACM-C70550,1
2182,http://snomed.info/id/398735006,http://ncicb.nci.nih.gov/xml/owl/EVS/Thesaurus.owl+ACM-C70550,1
2183,http://snomed.info/id/51079003,http://ncicb.nci.nih.gov/xml/owl/EVS/Thesaurus.owl+ACM-C541,1
2184,http://snomed.info/id/836284001,http://ncicb.nci.nih.gov/xml/owl/EVS/Thesaurus.owl+ACM-C66886,1
2185,http://snomed.info/id/420012007,http://ncicb.nci.nih.gov/xml/owl/EVS/Thesaurus.owl+ACM-C314,1
2186,http://snomed.info/id/419140007,http://ncicb.nci.nih.gov/xml/owl/EVS/Thesaurus.owl+ACM-C314,1
2187,http://snomed.info/id/373340007,http://ncicb.nci.nih.gov/xml/owl/EVS/Thesaurus.owl+ACM-C47795,1
2188,http://snomed.info/id/39142008,http://ncicb.nci.nih.gov/xml/owl/EVS/Thesaurus.owl+ACM-C47795,1
2189,http://snomed.info/id/36909007,http://ncicb.nci.nih.gov/xml/owl/EVS/Thesaurus.owl+ACM-C29578,1
2190,http://snomed.info/id/387201009,http://ncicb.nci.nih.gov/xml/owl/EVS/Thesaurus.owl+ACM-C29578,1
2191,http://snomed.info/id/354036003,http://ncicb.nci.nih.gov/xml/owl/EVS/Thesaurus.owl+ACM-C45494,1
2192,http://snomed.info/id/116613007,http://ncicb.nci.nih.gov/xml/owl/EVS/Thesaurus.owl+ACM-C45494,1
2193,http://snomed.info/id/3684000,http://ncicb.nci.nih.gov/xml/owl/EVS/Thesaurus.owl+ACM-C45678,1
2194,http://snomed.info/id/736496005,http://ncicb.nci.nih.gov/xml/owl/EVS/Thesaurus.owl+ACM-C1509,1
2195,http://snomed.info/id/763587009,http://ncicb.nci.nih.gov/xml/owl/EVS/Thesaurus.owl+ACM-C1509,1
2196,http://snomed.info/id/39939003,http://ncicb.nci.nih.gov/xml/owl/EVS/Thesaurus.owl+ACM-C29578,1
2197,http://snomed.info/id/387215006,http://ncicb.nci.nih.gov/xml/owl/EVS/Thesaurus.owl+ACM-C29578,1
2198,http://snomed.info/id/320972003,http://ncicb.nci.nih.gov/xml/owl/EVS/Thesaurus.owl+ACM-C67413,1
2199,http://snomed.info/id/396486005,http://ncicb.nci.nih.gov/xml/owl/EVS/Thesaurus.owl+ACM-C67413,1
2200,http://snomed.info/id/96263004,http://ncicb.nci.nih.gov/xml/owl/EVS/Thesaurus.owl+ACM-C29747,1
2201,http://snomed.info/id/96099004,http://ncicb.nci.nih.gov/xml/owl/EVS/Thesaurus.owl+ACM-C97453,1
2202,http://snomed.info/id/372902006,http://ncicb.nci.nih.gov/xml/owl/EVS/Thesaurus.owl+ACM-C97453,1
2203,http://snomed.info/id/16359004,http://ncicb.nci.nih.gov/xml/owl/EVS/Thesaurus.owl+ACM-C29739,1
2204,http://snomed.info/id/717152000,http://ncicb.nci.nih.gov/xml/owl/EVS/Thesaurus.owl+ACM-C28394,1
2205,http://snomed.info/id/317558003,http://ncicb.nci.nih.gov/xml/owl/EVS/Thesaurus.owl+ACM-C29697,1
2206,http://snomed.info/id/395881001,http://ncicb.nci.nih.gov/xml/owl/EVS/Thesaurus.owl+ACM-C29697,1
2207,http://snomed.info/id/24215009,http://ncicb.nci.nih.gov/xml/owl/EVS/Thesaurus.owl+ACM-C28394,1
2208,http://snomed.info/id/772777000,http://ncicb.nci.nih.gov/xml/owl/EVS/Thesaurus.owl+ACM-C29578,1
2209,http://snomed.info/id/698259006,http://ncicb.nci.nih.gov/xml/owl/EVS/Thesaurus.owl+ACM-C1012,1
2210,http://snomed.info/id/714497005,http://ncicb.nci.nih.gov/xml/owl/EVS/Thesaurus.owl+ACM-C1012,1
2211,http://snomed.info/id/395828009,http://ncicb.nci.nih.gov/xml/owl/EVS/Thesaurus.owl+ACM-C98241,1
2212,http://snomed.info/id/326058001,http://ncicb.nci.nih.gov/xml/owl/EVS/Thesaurus.owl+ACM-C98241,1
2213,http://snomed.info/id/703364008,http://ncicb.nci.nih.gov/xml/owl/EVS/Thesaurus.owl+ACM-C28197,1
2214,http://snomed.info/id/703362007,http://ncicb.nci.nih.gov/xml/owl/EVS/Thesaurus.owl+ACM-C28197,1
2215,http://snomed.info/id/373725008,http://ncicb.nci.nih.gov/xml/owl/EVS/Thesaurus.owl+ACM-C66886,1
2216,http://snomed.info/id/108455007,http://ncicb.nci.nih.gov/xml/owl/EVS/Thesaurus.owl+ACM-C66886,1
2217,http://snomed.info/id/895343007,http://ncicb.nci.nih.gov/xml/owl/EVS/Thesaurus.owl+ACM-C271,1
2218,http://snomed.info/id/96113001,http://ncicb.nci.nih.gov/xml/owl/EVS/Thesaurus.owl+ACM-C250,1
2219,http://snomed.info/id/83704002,http://ncicb.nci.nih.gov/xml/owl/EVS/Thesaurus.owl+ACM-C66880,1
2220,http://snomed.info/id/372516006,http://ncicb.nci.nih.gov/xml/owl/EVS/Thesaurus.owl+ACM-C319,1
2221,http://snomed.info/id/108611006,http://ncicb.nci.nih.gov/xml/owl/EVS/Thesaurus.owl+ACM-C319,1
2222,http://snomed.info/id/419451002,http://ncicb.nci.nih.gov/xml/owl/EVS/Thesaurus.owl+ACM-C49184,1
2223,http://snomed.info/id/318031002,http://ncicb.nci.nih.gov/xml/owl/EVS/Thesaurus.owl+ACM-C49184,1
2224,http://snomed.info/id/117182000,http://ncicb.nci.nih.gov/xml/owl/EVS/Thesaurus.owl+ACM-C47793,1
2225,http://snomed.info/id/386862002,http://ncicb.nci.nih.gov/xml/owl/EVS/Thesaurus.owl+ACM-C333,1
2226,http://snomed.info/id/108533002,http://ncicb.nci.nih.gov/xml/owl/EVS/Thesaurus.owl+ACM-C333,1
2227,http://snomed.info/id/427905004,http://ncicb.nci.nih.gov/xml/owl/EVS/Thesaurus.owl+ACM-C2196,1
2228,http://snomed.info/id/427906003,http://ncicb.nci.nih.gov/xml/owl/EVS/Thesaurus.owl+ACM-C2196,1
2229,http://snomed.info/id/429592005,http://ncicb.nci.nih.gov/xml/owl/EVS/Thesaurus.owl+ACM-C283,1
2230,http://snomed.info/id/395837009,http://ncicb.nci.nih.gov/xml/owl/EVS/Thesaurus.owl+ACM-C514,1
2231,http://snomed.info/id/331221002,http://ncicb.nci.nih.gov/xml/owl/EVS/Thesaurus.owl+ACM-C52588,1
2232,http://snomed.info/id/419980002,http://ncicb.nci.nih.gov/xml/owl/EVS/Thesaurus.owl+ACM-C45678,1
2233,http://snomed.info/id/77849004,http://ncicb.nci.nih.gov/xml/owl/EVS/Thesaurus.owl+ACM-C45678,1
2234,http://snomed.info/id/922004,http://ncicb.nci.nih.gov/xml/owl/EVS/Thesaurus.owl+ACM-C47796,1
2235,http://snomed.info/id/387527005,http://ncicb.nci.nih.gov/xml/owl/EVS/Thesaurus.owl+ACM-C47796,1
2236,http://snomed.info/id/126086006,http://ncicb.nci.nih.gov/xml/owl/EVS/Thesaurus.owl+ACM-C521,1
2237,http://snomed.info/id/415158006,http://ncicb.nci.nih.gov/xml/owl/EVS/Thesaurus.owl+ACM-C521,1
2238,http://snomed.info/id/96334000,http://ncicb.nci.nih.gov/xml/owl/EVS/Thesaurus.owl+ACM-C521,1
2239,http://snomed.info/id/417118005,http://ncicb.nci.nih.gov/xml/owl/EVS/Thesaurus.owl+ACM-C68538,1
2240,http://snomed.info/id/703566006,http://ncicb.nci.nih.gov/xml/owl/EVS/Thesaurus.owl+ACM-C319,1
2241,http://snomed.info/id/96252002,http://ncicb.nci.nih.gov/xml/owl/EVS/Thesaurus.owl+ACM-C47795,1
2242,http://snomed.info/id/387576004,http://ncicb.nci.nih.gov/xml/owl/EVS/Thesaurus.owl+ACM-C47795,1
2243,http://snomed.info/id/421796008,http://ncicb.nci.nih.gov/xml/owl/EVS/Thesaurus.owl+ACM-C277,1
2244,http://snomed.info/id/395996003,http://ncicb.nci.nih.gov/xml/owl/EVS/Thesaurus.owl+ACM-C277,1
2245,http://snomed.info/id/102711007,http://ncicb.nci.nih.gov/xml/owl/EVS/Thesaurus.owl+ACM-C492,1
2246,http://snomed.info/id/13668001,http://ncicb.nci.nih.gov/xml/owl/EVS/Thesaurus.owl+ACM-C82130,1
2247,http://snomed.info/id/411259004,http://ncicb.nci.nih.gov/xml/owl/EVS/Thesaurus.owl+ACM-C82130,1
2248,http://snomed.info/id/699188007,http://ncicb.nci.nih.gov/xml/owl/EVS/Thesaurus.owl+ACM-C257,1
2249,http://snomed.info/id/10202007,http://ncicb.nci.nih.gov/xml/owl/EVS/Thesaurus.owl+ACM-C157134,1
2250,http://snomed.info/id/703572006,http://ncicb.nci.nih.gov/xml/owl/EVS/Thesaurus.owl+ACM-C257,1
2251,http://snomed.info/id/80918003,http://ncicb.nci.nih.gov/xml/owl/EVS/Thesaurus.owl+ACM-C764,1
2252,http://snomed.info/id/415214002,http://ncicb.nci.nih.gov/xml/owl/EVS/Thesaurus.owl+ACM-C511,1
2253,http://snomed.info/id/713470006,http://ncicb.nci.nih.gov/xml/owl/EVS/Thesaurus.owl+ACM-C257,1
2254,http://snomed.info/id/35864006,http://ncicb.nci.nih.gov/xml/owl/EVS/Thesaurus.owl+ACM-C29578,1
2255,http://snomed.info/id/699186006,http://ncicb.nci.nih.gov/xml/owl/EVS/Thesaurus.owl+ACM-C47795,1
2256,http://snomed.info/id/96248002,http://ncicb.nci.nih.gov/xml/owl/EVS/Thesaurus.owl+ACM-C47795,1
2257,http://snomed.info/id/707543009,http://ncicb.nci.nih.gov/xml/owl/EVS/Thesaurus.owl+ACM-C276,1
2258,http://snomed.info/id/108391004,http://ncicb.nci.nih.gov/xml/owl/EVS/Thesaurus.owl+ACM-C1012,1
2259,http://snomed.info/id/371372004,http://ncicb.nci.nih.gov/xml/owl/EVS/Thesaurus.owl+ACM-C1012,1
2260,http://snomed.info/id/717096002,http://ncicb.nci.nih.gov/xml/owl/EVS/Thesaurus.owl+ACM-C277,1
2261,http://snomed.info/id/77632008,http://ncicb.nci.nih.gov/xml/owl/EVS/Thesaurus.owl+ACM-C271,1
2262,http://snomed.info/id/419361008,http://ncicb.nci.nih.gov/xml/owl/EVS/Thesaurus.owl+ACM-C66883,1
2263,http://snomed.info/id/349884002,http://ncicb.nci.nih.gov/xml/owl/EVS/Thesaurus.owl+ACM-C66883,1
2264,http://snomed.info/id/396465005,http://ncicb.nci.nih.gov/xml/owl/EVS/Thesaurus.owl+ACM-C319,1
2265,http://snomed.info/id/349925003,http://ncicb.nci.nih.gov/xml/owl/EVS/Thesaurus.owl+ACM-C319,1
2266,http://snomed.info/id/78032005,http://ncicb.nci.nih.gov/xml/owl/EVS/Thesaurus.owl+ACM-C28394,1
2267,http://snomed.info/id/411296008,http://ncicb.nci.nih.gov/xml/owl/EVS/Thesaurus.owl+ACM-C28394,1
2268,http://snomed.info/id/96383001,http://ncicb.nci.nih.gov/xml/owl/EVS/Thesaurus.owl+ACM-C275,1
2269,http://snomed.info/id/412553001,http://ncicb.nci.nih.gov/xml/owl/EVS/Thesaurus.owl+ACM-C258,1
2270,http://snomed.info/id/412554007,http://ncicb.nci.nih.gov/xml/owl/EVS/Thesaurus.owl+ACM-C258,1
2271,http://snomed.info/id/108386000,http://ncicb.nci.nih.gov/xml/owl/EVS/Thesaurus.owl+ACM-C29710,1
2272,http://snomed.info/id/386840002,http://ncicb.nci.nih.gov/xml/owl/EVS/Thesaurus.owl+ACM-C29710,1
2273,http://snomed.info/id/722195007,http://ncicb.nci.nih.gov/xml/owl/EVS/Thesaurus.owl+ACM-C106128,1
2274,http://snomed.info/id/395728002,http://ncicb.nci.nih.gov/xml/owl/EVS/Thesaurus.owl+ACM-C2092,1
2275,http://snomed.info/id/326088005,http://ncicb.nci.nih.gov/xml/owl/EVS/Thesaurus.owl+ACM-C2092,1
2276,http://snomed.info/id/108512006,http://ncicb.nci.nih.gov/xml/owl/EVS/Thesaurus.owl+ACM-C1323,1
2277,http://snomed.info/id/372501008,http://ncicb.nci.nih.gov/xml/owl/EVS/Thesaurus.owl+ACM-C1323,1
2278,http://snomed.info/id/420624001,http://ncicb.nci.nih.gov/xml/owl/EVS/Thesaurus.owl+ACM-C93038,1
2279,http://snomed.info/id/420365007,http://ncicb.nci.nih.gov/xml/owl/EVS/Thesaurus.owl+ACM-C93038,1
2280,http://snomed.info/id/13252002,http://ncicb.nci.nih.gov/xml/owl/EVS/Thesaurus.owl+ACM-C257,1
2281,http://snomed.info/id/387072007,http://ncicb.nci.nih.gov/xml/owl/EVS/Thesaurus.owl+ACM-C257,1
2282,http://snomed.info/id/108605008,http://ncicb.nci.nih.gov/xml/owl/EVS/Thesaurus.owl+ACM-C319,1
2283,http://snomed.info/id/372515005,http://ncicb.nci.nih.gov/xml/owl/EVS/Thesaurus.owl+ACM-C319,1
2284,http://snomed.info/id/255898006,http://ncicb.nci.nih.gov/xml/owl/EVS/Thesaurus.owl+ACM-C2356,1
2285,http://snomed.info/id/411256006,http://ncicb.nci.nih.gov/xml/owl/EVS/Thesaurus.owl+ACM-C2356,1
2286,http://snomed.info/id/763524000,http://ncicb.nci.nih.gov/xml/owl/EVS/Thesaurus.owl+ACM-C277,1
2287,http://snomed.info/id/713462001,http://ncicb.nci.nih.gov/xml/owl/EVS/Thesaurus.owl+ACM-C277,1
2288,http://snomed.info/id/409280001,http://ncicb.nci.nih.gov/xml/owl/EVS/Thesaurus.owl+ACM-C514,1
2289,http://snomed.info/id/409281002,http://ncicb.nci.nih.gov/xml/owl/EVS/Thesaurus.owl+ACM-C514,1
2290,http://snomed.info/id/372594008,http://ncicb.nci.nih.gov/xml/owl/EVS/Thesaurus.owl+ACM-C94725,1
2291,http://snomed.info/id/96211006,http://ncicb.nci.nih.gov/xml/owl/EVS/Thesaurus.owl+ACM-C94725,1
2292,http://snomed.info/id/321958004,http://ncicb.nci.nih.gov/xml/owl/EVS/Thesaurus.owl+ACM-C94725,1
2293,http://snomed.info/id/387584000,http://ncicb.nci.nih.gov/xml/owl/EVS/Thesaurus.owl+ACM-C1655,1
2294,http://snomed.info/id/96304005,http://ncicb.nci.nih.gov/xml/owl/EVS/Thesaurus.owl+ACM-C1655,1
2295,http://snomed.info/id/57376006,http://ncicb.nci.nih.gov/xml/owl/EVS/Thesaurus.owl+ACM-C29730,1
2296,http://snomed.info/id/387319002,http://ncicb.nci.nih.gov/xml/owl/EVS/Thesaurus.owl+ACM-C29730,1
2297,http://snomed.info/id/420616006,http://ncicb.nci.nih.gov/xml/owl/EVS/Thesaurus.owl+ACM-C29730,1
2298,http://snomed.info/id/425516000,http://ncicb.nci.nih.gov/xml/owl/EVS/Thesaurus.owl+ACM-C257,1
2299,http://snomed.info/id/411264000,http://ncicb.nci.nih.gov/xml/owl/EVS/Thesaurus.owl+ACM-C83486,1
2300,http://snomed.info/id/255905003,http://ncicb.nci.nih.gov/xml/owl/EVS/Thesaurus.owl+ACM-C83486,1
2301,http://snomed.info/id/725191005,http://ncicb.nci.nih.gov/xml/owl/EVS/Thesaurus.owl+ACM-C68422,1
2302,http://snomed.info/id/60376006,http://ncicb.nci.nih.gov/xml/owl/EVS/Thesaurus.owl+ACM-C345,1
2303,http://snomed.info/id/64669003,http://ncicb.nci.nih.gov/xml/owl/EVS/Thesaurus.owl+ACM-C29739,1
2304,http://snomed.info/id/108920000,http://ncicb.nci.nih.gov/xml/owl/EVS/Thesaurus.owl+ACM-C514,1
2305,http://snomed.info/id/373448004,http://ncicb.nci.nih.gov/xml/owl/EVS/Thesaurus.owl+ACM-C514,1
2306,http://snomed.info/id/4480008,http://ncicb.nci.nih.gov/xml/owl/EVS/Thesaurus.owl+ACM-C29739,1
2307,http://snomed.info/id/324427007,http://ncicb.nci.nih.gov/xml/owl/EVS/Thesaurus.owl+ACM-C97936,1
2308,http://snomed.info/id/419204001,http://ncicb.nci.nih.gov/xml/owl/EVS/Thesaurus.owl+ACM-C97936,1
2309,http://snomed.info/id/725620001,http://ncicb.nci.nih.gov/xml/owl/EVS/Thesaurus.owl+ACM-C29710,1
2310,http://snomed.info/id/91266006,http://ncicb.nci.nih.gov/xml/owl/EVS/Thesaurus.owl+ACM-C29739,1
2311,http://snomed.info/id/725621002,http://ncicb.nci.nih.gov/xml/owl/EVS/Thesaurus.owl+ACM-C1323,1
2312,http://snomed.info/id/46335000,http://ncicb.nci.nih.gov/xml/owl/EVS/Thesaurus.owl+ACM-C851,1
2313,http://snomed.info/id/713461008,http://ncicb.nci.nih.gov/xml/owl/EVS/Thesaurus.owl+ACM-C78568,1
2314,http://snomed.info/id/717107003,http://ncicb.nci.nih.gov/xml/owl/EVS/Thesaurus.owl+ACM-C29710,1
2315,http://snomed.info/id/322822007,http://ncicb.nci.nih.gov/xml/owl/EVS/Thesaurus.owl+ACM-C47794,1
2316,http://snomed.info/id/395892000,http://ncicb.nci.nih.gov/xml/owl/EVS/Thesaurus.owl+ACM-C47794,1
2317,http://snomed.info/id/713431000,http://ncicb.nci.nih.gov/xml/owl/EVS/Thesaurus.owl+ACM-C47793,1
2318,http://snomed.info/id/387009002,http://ncicb.nci.nih.gov/xml/owl/EVS/Thesaurus.owl+ACM-C902,1
2319,http://snomed.info/id/116099008,http://ncicb.nci.nih.gov/xml/owl/EVS/Thesaurus.owl+ACM-C902,1
2320,http://snomed.info/id/395898001,http://ncicb.nci.nih.gov/xml/owl/EVS/Thesaurus.owl+ACM-C257,1
2321,http://snomed.info/id/329913008,http://ncicb.nci.nih.gov/xml/owl/EVS/Thesaurus.owl+ACM-C257,1
2322,http://snomed.info/id/108925005,http://ncicb.nci.nih.gov/xml/owl/EVS/Thesaurus.owl+ACM-C514,1
2323,http://snomed.info/id/373450007,http://ncicb.nci.nih.gov/xml/owl/EVS/Thesaurus.owl+ACM-C514,1
2324,http://snomed.info/id/387140007,http://ncicb.nci.nih.gov/xml/owl/EVS/Thesaurus.owl+ACM-C514,1
2325,http://snomed.info/id/25860005,http://ncicb.nci.nih.gov/xml/owl/EVS/Thesaurus.owl+ACM-C514,1
2326,http://snomed.info/id/417479000,http://ncicb.nci.nih.gov/xml/owl/EVS/Thesaurus.owl+ACM-C29696,1
2327,http://snomed.info/id/716124003,http://ncicb.nci.nih.gov/xml/owl/EVS/Thesaurus.owl+ACM-C29576,1
2328,http://snomed.info/id/387007000,http://ncicb.nci.nih.gov/xml/owl/EVS/Thesaurus.owl+ACM-C29715,1
2329,http://snomed.info/id/116093009,http://ncicb.nci.nih.gov/xml/owl/EVS/Thesaurus.owl+ACM-C29715,1
2330,http://snomed.info/id/424164007,http://ncicb.nci.nih.gov/xml/owl/EVS/Thesaurus.owl+ACM-C45678,1
2331,http://snomed.info/id/698845008,http://ncicb.nci.nih.gov/xml/owl/EVS/Thesaurus.owl+ACM-C1012,1
2332,http://snomed.info/id/717105006,http://ncicb.nci.nih.gov/xml/owl/EVS/Thesaurus.owl+ACM-C2153,1
2333,http://snomed.info/id/35236008,http://ncicb.nci.nih.gov/xml/owl/EVS/Thesaurus.owl+ACM-C29578,1
2334,http://snomed.info/id/29157006,http://ncicb.nci.nih.gov/xml/owl/EVS/Thesaurus.owl+ACM-C849,1
2335,http://snomed.info/id/735241007,http://ncicb.nci.nih.gov/xml/owl/EVS/Thesaurus.owl+ACM-C29696,1
2336,http://snomed.info/id/876844009,http://ncicb.nci.nih.gov/xml/owl/EVS/Thesaurus.owl+ACM-C45678,1
2337,http://snomed.info/id/74713003,http://ncicb.nci.nih.gov/xml/owl/EVS/Thesaurus.owl+ACM-C29710,1
2338,http://snomed.info/id/421968008,http://ncicb.nci.nih.gov/xml/owl/EVS/Thesaurus.owl+ACM-C308,1
2339,http://snomed.info/id/422261006,http://ncicb.nci.nih.gov/xml/owl/EVS/Thesaurus.owl+ACM-C548,1
2340,http://snomed.info/id/713440001,http://ncicb.nci.nih.gov/xml/owl/EVS/Thesaurus.owl+ACM-C29703,1
2341,http://snomed.info/id/373552001,http://ncicb.nci.nih.gov/xml/owl/EVS/Thesaurus.owl+ACM-C258,1
2342,http://snomed.info/id/96018008,http://ncicb.nci.nih.gov/xml/owl/EVS/Thesaurus.owl+ACM-C258,1
2343,http://snomed.info/id/703713005,http://ncicb.nci.nih.gov/xml/owl/EVS/Thesaurus.owl+ACM-C28197,1
2344,http://snomed.info/id/329889002,http://ncicb.nci.nih.gov/xml/owl/EVS/Thesaurus.owl+ACM-C257,1
2345,http://snomed.info/id/395902007,http://ncicb.nci.nih.gov/xml/owl/EVS/Thesaurus.owl+ACM-C257,1
2346,http://snomed.info/id/395903002,http://ncicb.nci.nih.gov/xml/owl/EVS/Thesaurus.owl+ACM-C2360,1
2347,http://snomed.info/id/325567003,http://ncicb.nci.nih.gov/xml/owl/EVS/Thesaurus.owl+ACM-C2360,1
2348,http://snomed.info/id/332967005,http://ncicb.nci.nih.gov/xml/owl/EVS/Thesaurus.owl+ACM-C514,1
2349,http://snomed.info/id/395909003,http://ncicb.nci.nih.gov/xml/owl/EVS/Thesaurus.owl+ACM-C514,1
2350,http://snomed.info/id/96143004,http://ncicb.nci.nih.gov/xml/owl/EVS/Thesaurus.owl+ACM-C250,1
2351,http://snomed.info/id/20741000122103,http://ncicb.nci.nih.gov/xml/owl/EVS/Thesaurus.owl+ACM-C29698,1
2352,http://snomed.info/id/412322004,http://ncicb.nci.nih.gov/xml/owl/EVS/Thesaurus.owl+ACM-C211,1
2353,http://snomed.info/id/322817007,http://ncicb.nci.nih.gov/xml/owl/EVS/Thesaurus.owl+ACM-C257,1
2354,http://snomed.info/id/395910008,http://ncicb.nci.nih.gov/xml/owl/EVS/Thesaurus.owl+ACM-C257,1
2355,http://snomed.info/id/96378009,http://ncicb.nci.nih.gov/xml/owl/EVS/Thesaurus.owl+ACM-C1821,1
2356,http://snomed.info/id/387588002,http://ncicb.nci.nih.gov/xml/owl/EVS/Thesaurus.owl+ACM-C1821,1
2357,http://snomed.info/id/108476002,http://ncicb.nci.nih.gov/xml/owl/EVS/Thesaurus.owl+ACM-C49184,1
2358,http://snomed.info/id/318034005,http://ncicb.nci.nih.gov/xml/owl/EVS/Thesaurus.owl+ACM-C49184,1
2359,http://snomed.info/id/420558000,http://ncicb.nci.nih.gov/xml/owl/EVS/Thesaurus.owl+ACM-C29578,1
2360,http://snomed.info/id/421308003,http://ncicb.nci.nih.gov/xml/owl/EVS/Thesaurus.owl+ACM-C29578,1
2361,http://snomed.info/id/96344003,http://ncicb.nci.nih.gov/xml/owl/EVS/Thesaurus.owl+ACM-C2360,1
2362,http://snomed.info/id/326774002,http://ncicb.nci.nih.gov/xml/owl/EVS/Thesaurus.owl+ACM-C222,1
2363,http://snomed.info/id/395912000,http://ncicb.nci.nih.gov/xml/owl/EVS/Thesaurus.owl+ACM-C222,1
2364,http://snomed.info/id/412524002,http://ncicb.nci.nih.gov/xml/owl/EVS/Thesaurus.owl+ACM-C521,1
2365,http://snomed.info/id/321119005,http://ncicb.nci.nih.gov/xml/owl/EVS/Thesaurus.owl+ACM-C1012,1
2366,http://snomed.info/id/395774003,http://ncicb.nci.nih.gov/xml/owl/EVS/Thesaurus.owl+ACM-C1012,1
2367,http://snomed.info/id/708661009,http://ncicb.nci.nih.gov/xml/owl/EVS/Thesaurus.owl+ACM-C123418,1
2368,http://snomed.info/id/411400005,http://ncicb.nci.nih.gov/xml/owl/EVS/Thesaurus.owl+ACM-C28394,1
2369,http://snomed.info/id/11345007,http://ncicb.nci.nih.gov/xml/owl/EVS/Thesaurus.owl+ACM-C28394,1
2370,http://snomed.info/id/43723008,http://ncicb.nci.nih.gov/xml/owl/EVS/Thesaurus.owl+ACM-C1911,1
2371,http://snomed.info/id/262221008,http://ncicb.nci.nih.gov/xml/owl/EVS/Thesaurus.owl+ACM-C45678,1
2372,http://snomed.info/id/28748001,http://ncicb.nci.nih.gov/xml/owl/EVS/Thesaurus.owl+ACM-C29756,1
2373,http://snomed.info/id/781197007,http://ncicb.nci.nih.gov/xml/owl/EVS/Thesaurus.owl+ACM-C29756,1
2374,http://snomed.info/id/713429009,http://ncicb.nci.nih.gov/xml/owl/EVS/Thesaurus.owl+ACM-C250,1
2375,http://snomed.info/id/714020008,http://ncicb.nci.nih.gov/xml/owl/EVS/Thesaurus.owl+ACM-C250,1
2376,http://snomed.info/id/411346009,http://ncicb.nci.nih.gov/xml/owl/EVS/Thesaurus.owl+ACM-C28394,1
2377,http://snomed.info/id/23701001,http://ncicb.nci.nih.gov/xml/owl/EVS/Thesaurus.owl+ACM-C28394,1
2378,http://snomed.info/id/421583009,http://ncicb.nci.nih.gov/xml/owl/EVS/Thesaurus.owl+ACM-C29756,1
2379,http://snomed.info/id/420762008,http://ncicb.nci.nih.gov/xml/owl/EVS/Thesaurus.owl+ACM-C29756,1
2380,http://snomed.info/id/255909009,http://ncicb.nci.nih.gov/xml/owl/EVS/Thesaurus.owl+ACM-C45678,1
2381,http://snomed.info/id/411266003,http://ncicb.nci.nih.gov/xml/owl/EVS/Thesaurus.owl+ACM-C45678,1
2382,http://snomed.info/id/72808007,http://ncicb.nci.nih.gov/xml/owl/EVS/Thesaurus.owl+ACM-C45678,1
2383,http://snomed.info/id/698872000,http://ncicb.nci.nih.gov/xml/owl/EVS/Thesaurus.owl+ACM-C1327,1
2384,http://snomed.info/id/25142008,http://ncicb.nci.nih.gov/xml/owl/EVS/Thesaurus.owl+ACM-C2184,1
2385,http://snomed.info/id/387134000,http://ncicb.nci.nih.gov/xml/owl/EVS/Thesaurus.owl+ACM-C2184,1
2386,http://snomed.info/id/20217007,http://ncicb.nci.nih.gov/xml/owl/EVS/Thesaurus.owl+ACM-C66886,1
2387,http://snomed.info/id/116544008,http://ncicb.nci.nih.gov/xml/owl/EVS/Thesaurus.owl+ACM-C2153,1
2388,http://snomed.info/id/1156222009,http://ncicb.nci.nih.gov/xml/owl/EVS/Thesaurus.owl+ACM-C697,1
2389,http://snomed.info/id/72808007,http://ncicb.nci.nih.gov/xml/owl/EVS/Thesaurus.owl+ACM-C257,1
2390,http://snomed.info/id/398944002,http://ncicb.nci.nih.gov/xml/owl/EVS/Thesaurus.owl+ACM-C257,1
2391,http://snomed.info/id/703720003,http://ncicb.nci.nih.gov/xml/owl/EVS/Thesaurus.owl+ACM-C281,1
2392,http://snomed.info/id/734969000,http://ncicb.nci.nih.gov/xml/owl/EVS/Thesaurus.owl+ACM-C38149,1
2393,http://snomed.info/id/326557004,http://ncicb.nci.nih.gov/xml/owl/EVS/Thesaurus.owl+ACM-C29698,1
2394,http://snomed.info/id/349929009,http://ncicb.nci.nih.gov/xml/owl/EVS/Thesaurus.owl+ACM-C319,1
2395,http://snomed.info/id/397178007,http://ncicb.nci.nih.gov/xml/owl/EVS/Thesaurus.owl+ACM-C319,1
2396,http://snomed.info/id/108888009,http://ncicb.nci.nih.gov/xml/owl/EVS/Thesaurus.owl+ACM-C83486,1
2397,http://snomed.info/id/386931000,http://ncicb.nci.nih.gov/xml/owl/EVS/Thesaurus.owl+ACM-C83486,1
2398,http://snomed.info/id/698807007,http://ncicb.nci.nih.gov/xml/owl/EVS/Thesaurus.owl+ACM-C270,1
2399,http://snomed.info/id/411378001,http://ncicb.nci.nih.gov/xml/owl/EVS/Thesaurus.owl+ACM-C45678,1
2400,http://snomed.info/id/11170003,http://ncicb.nci.nih.gov/xml/owl/EVS/Thesaurus.owl+ACM-C45678,1
2401,http://snomed.info/id/412070003,http://ncicb.nci.nih.gov/xml/owl/EVS/Thesaurus.owl+ACM-C45678,1
2402,http://snomed.info/id/713481009,http://ncicb.nci.nih.gov/xml/owl/EVS/Thesaurus.owl+ACM-C66883,1
2403,http://snomed.info/id/108792008,http://ncicb.nci.nih.gov/xml/owl/EVS/Thesaurus.owl+ACM-C932,1
2404,http://snomed.info/id/372541004,http://ncicb.nci.nih.gov/xml/owl/EVS/Thesaurus.owl+ACM-C67422,1
2405,http://snomed.info/id/407069001,http://ncicb.nci.nih.gov/xml/owl/EVS/Thesaurus.owl+ACM-C29578,1
2406,http://snomed.info/id/407068009,http://ncicb.nci.nih.gov/xml/owl/EVS/Thesaurus.owl+ACM-C29578,1
2407,http://snomed.info/id/372841007,http://ncicb.nci.nih.gov/xml/owl/EVS/Thesaurus.owl+ACM-C29578,1
2408,http://snomed.info/id/76289007,http://ncicb.nci.nih.gov/xml/owl/EVS/Thesaurus.owl+ACM-C29578,1
2409,http://snomed.info/id/698052006,http://ncicb.nci.nih.gov/xml/owl/EVS/Thesaurus.owl+ACM-C333,1
2410,http://snomed.info/id/702790002,http://ncicb.nci.nih.gov/xml/owl/EVS/Thesaurus.owl+ACM-C68307,1
2411,http://snomed.info/id/255954005,http://ncicb.nci.nih.gov/xml/owl/EVS/Thesaurus.owl+ACM-C514,1
2412,http://snomed.info/id/411297004,http://ncicb.nci.nih.gov/xml/owl/EVS/Thesaurus.owl+ACM-C514,1
2413,http://snomed.info/id/96231005,http://ncicb.nci.nih.gov/xml/owl/EVS/Thesaurus.owl+ACM-C29756,1
2414,http://snomed.info/id/387569009,http://ncicb.nci.nih.gov/xml/owl/EVS/Thesaurus.owl+ACM-C29756,1
2415,http://snomed.info/id/96176000,http://ncicb.nci.nih.gov/xml/owl/EVS/Thesaurus.owl+ACM-C257,1
2416,http://snomed.info/id/395929002,http://ncicb.nci.nih.gov/xml/owl/EVS/Thesaurus.owl+ACM-C29756,1
2417,http://snomed.info/id/321174005,http://ncicb.nci.nih.gov/xml/owl/EVS/Thesaurus.owl+ACM-C29756,1
2418,http://snomed.info/id/395930007,http://ncicb.nci.nih.gov/xml/owl/EVS/Thesaurus.owl+ACM-C66883,1
2419,http://snomed.info/id/321641006,http://ncicb.nci.nih.gov/xml/owl/EVS/Thesaurus.owl+ACM-C66885,1
2420,http://snomed.info/id/126147005,http://ncicb.nci.nih.gov/xml/owl/EVS/Thesaurus.owl+ACM-C28394,1
2421,http://snomed.info/id/108759002,http://ncicb.nci.nih.gov/xml/owl/EVS/Thesaurus.owl+ACM-C1450,1
2422,http://snomed.info/id/386905002,http://ncicb.nci.nih.gov/xml/owl/EVS/Thesaurus.owl+ACM-C1450,1
2423,http://snomed.info/id/372507007,http://ncicb.nci.nih.gov/xml/owl/EVS/Thesaurus.owl+ACM-C270,1
2424,http://snomed.info/id/108553003,http://ncicb.nci.nih.gov/xml/owl/EVS/Thesaurus.owl+ACM-C270,1
2425,http://snomed.info/id/41395001,http://ncicb.nci.nih.gov/xml/owl/EVS/Thesaurus.owl+ACM-C2089,1
2426,http://snomed.info/id/395740002,http://ncicb.nci.nih.gov/xml/owl/EVS/Thesaurus.owl+ACM-C1892,1
2427,http://snomed.info/id/319452005,http://ncicb.nci.nih.gov/xml/owl/EVS/Thesaurus.owl+ACM-C1892,1
2428,http://snomed.info/id/109196007,http://ncicb.nci.nih.gov/xml/owl/EVS/Thesaurus.owl+ACM-C1937,1
2429,http://snomed.info/id/350598002,http://ncicb.nci.nih.gov/xml/owl/EVS/Thesaurus.owl+ACM-C93038,1
2430,http://snomed.info/id/373726009,http://ncicb.nci.nih.gov/xml/owl/EVS/Thesaurus.owl+ACM-C93038,1
2431,http://snomed.info/id/713433002,http://ncicb.nci.nih.gov/xml/owl/EVS/Thesaurus.owl+ACM-C2139,1
2432,http://snomed.info/id/108617005,http://ncicb.nci.nih.gov/xml/owl/EVS/Thesaurus.owl+ACM-C1322,1
2433,http://snomed.info/id/386180009,http://ncicb.nci.nih.gov/xml/owl/EVS/Thesaurus.owl+ACM-C1322,1
2434,http://snomed.info/id/88757004,http://ncicb.nci.nih.gov/xml/owl/EVS/Thesaurus.owl+ACM-C29739,1
2435,http://snomed.info/id/317317009,http://ncicb.nci.nih.gov/xml/owl/EVS/Thesaurus.owl+ACM-C29723,1
2436,http://snomed.info/id/395821003,http://ncicb.nci.nih.gov/xml/owl/EVS/Thesaurus.owl+ACM-C29723,1
2437,http://snomed.info/id/425650004,http://ncicb.nci.nih.gov/xml/owl/EVS/Thesaurus.owl+ACM-C257,1
2438,http://snomed.info/id/108632003,http://ncicb.nci.nih.gov/xml/owl/EVS/Thesaurus.owl+ACM-C521,1
2439,http://snomed.info/id/397192001,http://ncicb.nci.nih.gov/xml/owl/EVS/Thesaurus.owl+ACM-C521,1
2440,http://snomed.info/id/96307003,http://ncicb.nci.nih.gov/xml/owl/EVS/Thesaurus.owl+ACM-C1655,1
2441,http://snomed.info/id/387585004,http://ncicb.nci.nih.gov/xml/owl/EVS/Thesaurus.owl+ACM-C1655,1
2442,http://snomed.info/id/764617004,http://ncicb.nci.nih.gov/xml/owl/EVS/Thesaurus.owl+ACM-C521,1
2443,http://snomed.info/id/764616008,http://ncicb.nci.nih.gov/xml/owl/EVS/Thesaurus.owl+ACM-C521,1
2444,http://snomed.info/id/708195009,http://ncicb.nci.nih.gov/xml/owl/EVS/Thesaurus.owl+ACM-C521,1
2445,http://snomed.info/id/108491000,http://ncicb.nci.nih.gov/xml/owl/EVS/Thesaurus.owl+ACM-C47793,1
2446,http://snomed.info/id/372500009,http://ncicb.nci.nih.gov/xml/owl/EVS/Thesaurus.owl+ACM-C93038,1
2447,http://snomed.info/id/720017007,http://ncicb.nci.nih.gov/xml/owl/EVS/Thesaurus.owl+ACM-C1910,1
2448,http://snomed.info/id/387055000,http://ncicb.nci.nih.gov/xml/owl/EVS/Thesaurus.owl+ACM-C1323,1
2449,http://snomed.info/id/125694008,http://ncicb.nci.nih.gov/xml/owl/EVS/Thesaurus.owl+ACM-C1323,1
2450,http://snomed.info/id/702752008,http://ncicb.nci.nih.gov/xml/owl/EVS/Thesaurus.owl+ACM-C2083,1
2451,http://snomed.info/id/418732002,http://ncicb.nci.nih.gov/xml/owl/EVS/Thesaurus.owl+ACM-C66883,1
2452,http://snomed.info/id/321603004,http://ncicb.nci.nih.gov/xml/owl/EVS/Thesaurus.owl+ACM-C66883,1
2453,http://snomed.info/id/386975001,http://ncicb.nci.nih.gov/xml/owl/EVS/Thesaurus.owl+ACM-C146638,1
2454,http://snomed.info/id/109129008,http://ncicb.nci.nih.gov/xml/owl/EVS/Thesaurus.owl+ACM-C146638,1
2455,http://snomed.info/id/386887009,http://ncicb.nci.nih.gov/xml/owl/EVS/Thesaurus.owl+ACM-C29702,1
2456,http://snomed.info/id/108664005,http://ncicb.nci.nih.gov/xml/owl/EVS/Thesaurus.owl+ACM-C29702,1
2457,http://snomed.info/id/387333002,http://ncicb.nci.nih.gov/xml/owl/EVS/Thesaurus.owl+ACM-C29578,1
2458,http://snomed.info/id/59456005,http://ncicb.nci.nih.gov/xml/owl/EVS/Thesaurus.owl+ACM-C29578,1
2459,http://snomed.info/id/387089004,http://ncicb.nci.nih.gov/xml/owl/EVS/Thesaurus.owl+ACM-C29578,1
2460,http://snomed.info/id/16037009,http://ncicb.nci.nih.gov/xml/owl/EVS/Thesaurus.owl+ACM-C29578,1
2461,http://snomed.info/id/387242007,http://ncicb.nci.nih.gov/xml/owl/EVS/Thesaurus.owl+ACM-C29701,1
2462,http://snomed.info/id/43684009,http://ncicb.nci.nih.gov/xml/owl/EVS/Thesaurus.owl+ACM-C78568,1
2463,http://snomed.info/id/372899008,http://ncicb.nci.nih.gov/xml/owl/EVS/Thesaurus.owl+ACM-C511,1
2464,http://snomed.info/id/91339009,http://ncicb.nci.nih.gov/xml/owl/EVS/Thesaurus.owl+ACM-C2153,1
2465,http://snomed.info/id/372905008,http://ncicb.nci.nih.gov/xml/owl/EVS/Thesaurus.owl+ACM-C94725,1
2466,http://snomed.info/id/96213009,http://ncicb.nci.nih.gov/xml/owl/EVS/Thesaurus.owl+ACM-C94725,1
2467,http://snomed.info/id/372479006,http://ncicb.nci.nih.gov/xml/owl/EVS/Thesaurus.owl+ACM-C93038,1
2468,http://snomed.info/id/10555000,http://ncicb.nci.nih.gov/xml/owl/EVS/Thesaurus.owl+ACM-C93038,1
2469,http://snomed.info/id/46479001,http://ncicb.nci.nih.gov/xml/owl/EVS/Thesaurus.owl+ACM-C93038,1
2470,http://snomed.info/id/372749000,http://ncicb.nci.nih.gov/xml/owl/EVS/Thesaurus.owl+ACM-C93038,1
2471,http://snomed.info/id/373566006,http://ncicb.nci.nih.gov/xml/owl/EVS/Thesaurus.owl+ACM-C1655,1
2472,http://snomed.info/id/96305006,http://ncicb.nci.nih.gov/xml/owl/EVS/Thesaurus.owl+ACM-C1655,1
2473,http://snomed.info/id/372672009,http://ncicb.nci.nih.gov/xml/owl/EVS/Thesaurus.owl+ACM-C29714,1
2474,http://snomed.info/id/21701005,http://ncicb.nci.nih.gov/xml/owl/EVS/Thesaurus.owl+ACM-C29714,1
2475,http://snomed.info/id/426681002,http://ncicb.nci.nih.gov/xml/owl/EVS/Thesaurus.owl+ACM-C66884,1
2476,http://snomed.info/id/426474000,http://ncicb.nci.nih.gov/xml/owl/EVS/Thesaurus.owl+ACM-C66884,1
2477,http://snomed.info/id/396046007,http://ncicb.nci.nih.gov/xml/owl/EVS/Thesaurus.owl+ACM-C47794,1
2478,http://snomed.info/id/372908005,http://ncicb.nci.nih.gov/xml/owl/EVS/Thesaurus.owl+ACM-C67439,1
2479,http://snomed.info/id/8886003,http://ncicb.nci.nih.gov/xml/owl/EVS/Thesaurus.owl+ACM-C47793,1
2480,http://snomed.info/id/417741009,http://ncicb.nci.nih.gov/xml/owl/EVS/Thesaurus.owl+ACM-C360,1
2481,http://snomed.info/id/108825009,http://ncicb.nci.nih.gov/xml/owl/EVS/Thesaurus.owl+ACM-C360,1
2482,http://snomed.info/id/96192005,http://ncicb.nci.nih.gov/xml/owl/EVS/Thesaurus.owl+ACM-C67413,1
2483,http://snomed.info/id/31347007,http://ncicb.nci.nih.gov/xml/owl/EVS/Thesaurus.owl+ACM-C275,1
2484,http://snomed.info/id/317272008,http://ncicb.nci.nih.gov/xml/owl/EVS/Thesaurus.owl+ACM-C54678,1
2485,http://snomed.info/id/60727003,http://ncicb.nci.nih.gov/xml/owl/EVS/Thesaurus.owl+ACM-C514,1
2486,http://snomed.info/id/1156241007,http://ncicb.nci.nih.gov/xml/owl/EVS/Thesaurus.owl+ACM-C66880,1
2487,http://snomed.info/id/412098000,http://ncicb.nci.nih.gov/xml/owl/EVS/Thesaurus.owl+ACM-C28394,1
2488,http://snomed.info/id/75359005,http://ncicb.nci.nih.gov/xml/owl/EVS/Thesaurus.owl+ACM-C29576,1
2489,http://snomed.info/id/60988002,http://ncicb.nci.nih.gov/xml/owl/EVS/Thesaurus.owl+ACM-C257,1
2490,http://snomed.info/id/427912008,http://ncicb.nci.nih.gov/xml/owl/EVS/Thesaurus.owl+ACM-C87006,1
2491,http://snomed.info/id/428711006,http://ncicb.nci.nih.gov/xml/owl/EVS/Thesaurus.owl+ACM-C87006,1
2492,http://snomed.info/id/386926002,http://ncicb.nci.nih.gov/xml/owl/EVS/Thesaurus.owl+ACM-C78568,1
2493,http://snomed.info/id/108838001,http://ncicb.nci.nih.gov/xml/owl/EVS/Thesaurus.owl+ACM-C29705,1
2494,http://snomed.info/id/413873006,http://ncicb.nci.nih.gov/xml/owl/EVS/Thesaurus.owl+ACM-C2150,1
2495,http://snomed.info/id/417601005,http://ncicb.nci.nih.gov/xml/owl/EVS/Thesaurus.owl+ACM-C2150,1
2496,http://snomed.info/id/386916009,http://ncicb.nci.nih.gov/xml/owl/EVS/Thesaurus.owl+ACM-C1556,1
2497,http://snomed.info/id/108800000,http://ncicb.nci.nih.gov/xml/owl/EVS/Thesaurus.owl+ACM-C1556,1
2498,http://snomed.info/id/409284005,http://ncicb.nci.nih.gov/xml/owl/EVS/Thesaurus.owl+ACM-C47796,1
2499,http://snomed.info/id/409285006,http://ncicb.nci.nih.gov/xml/owl/EVS/Thesaurus.owl+ACM-C47796,1
2500,http://snomed.info/id/256180000,http://ncicb.nci.nih.gov/xml/owl/EVS/Thesaurus.owl+ACM-C851,1
2501,http://snomed.info/id/422621002,http://ncicb.nci.nih.gov/xml/owl/EVS/Thesaurus.owl+ACM-C851,1
2502,http://snomed.info/id/256171000,http://ncicb.nci.nih.gov/xml/owl/EVS/Thesaurus.owl+ACM-C851,1
2503,http://snomed.info/id/126085005,http://ncicb.nci.nih.gov/xml/owl/EVS/Thesaurus.owl+ACM-C521,1
2504,http://snomed.info/id/409225008,http://ncicb.nci.nih.gov/xml/owl/EVS/Thesaurus.owl+ACM-C283,1
2505,http://snomed.info/id/228111000,http://ncicb.nci.nih.gov/xml/owl/EVS/Thesaurus.owl+ACM-C283,1
2506,http://snomed.info/id/735135008,http://ncicb.nci.nih.gov/xml/owl/EVS/Thesaurus.owl+ACM-C263,1
2507,http://snomed.info/id/96290008,http://ncicb.nci.nih.gov/xml/owl/EVS/Thesaurus.owl+ACM-C443,1
2508,http://snomed.info/id/96359009,http://ncicb.nci.nih.gov/xml/owl/EVS/Thesaurus.owl+ACM-C2296,1
2509,http://snomed.info/id/419841009,http://ncicb.nci.nih.gov/xml/owl/EVS/Thesaurus.owl+ACM-C2296,1
2510,http://snomed.info/id/95976009,http://ncicb.nci.nih.gov/xml/owl/EVS/Thesaurus.owl+ACM-C45678,1
2511,http://snomed.info/id/95976009,http://ncicb.nci.nih.gov/xml/owl/EVS/Thesaurus.owl+ACM-C83486,1
2512,http://snomed.info/id/391761004,http://ncicb.nci.nih.gov/xml/owl/EVS/Thesaurus.owl+ACM-C66883,1
2513,http://snomed.info/id/321636003,http://ncicb.nci.nih.gov/xml/owl/EVS/Thesaurus.owl+ACM-C66883,1
2514,http://snomed.info/id/413507000,http://ncicb.nci.nih.gov/xml/owl/EVS/Thesaurus.owl+ACM-C29578,1
2515,http://snomed.info/id/108897008,http://ncicb.nci.nih.gov/xml/owl/EVS/Thesaurus.owl+ACM-C29578,1
2516,http://snomed.info/id/40905005,http://ncicb.nci.nih.gov/xml/owl/EVS/Thesaurus.owl+ACM-C78273,1
2517,http://snomed.info/id/387225001,http://ncicb.nci.nih.gov/xml/owl/EVS/Thesaurus.owl+ACM-C78273,1
2518,http://snomed.info/id/88631009,http://ncicb.nci.nih.gov/xml/owl/EVS/Thesaurus.owl+ACM-C68437,1
2519,http://snomed.info/id/737682001,http://ncicb.nci.nih.gov/xml/owl/EVS/Thesaurus.owl+ACM-C29701,1
2520,http://snomed.info/id/420020009,http://ncicb.nci.nih.gov/xml/owl/EVS/Thesaurus.owl+ACM-C29701,1
2521,http://snomed.info/id/396007005,http://ncicb.nci.nih.gov/xml/owl/EVS/Thesaurus.owl+ACM-C29701,1
2522,http://snomed.info/id/412217002,http://ncicb.nci.nih.gov/xml/owl/EVS/Thesaurus.owl+ACM-C319,1
2523,http://snomed.info/id/108521007,http://ncicb.nci.nih.gov/xml/owl/EVS/Thesaurus.owl+ACM-C257,1
2524,http://snomed.info/id/373449007,http://ncicb.nci.nih.gov/xml/owl/EVS/Thesaurus.owl+ACM-C514,1
2525,http://snomed.info/id/108923003,http://ncicb.nci.nih.gov/xml/owl/EVS/Thesaurus.owl+ACM-C514,1
2526,http://snomed.info/id/85433002,http://ncicb.nci.nih.gov/xml/owl/EVS/Thesaurus.owl+ACM-C514,1
2527,http://snomed.info/id/109139002,http://ncicb.nci.nih.gov/xml/owl/EVS/Thesaurus.owl+ACM-C66884,1
2528,http://snomed.info/id/386979007,http://ncicb.nci.nih.gov/xml/owl/EVS/Thesaurus.owl+ACM-C38149,1
2529,http://snomed.info/id/52209008,http://ncicb.nci.nih.gov/xml/owl/EVS/Thesaurus.owl+ACM-C1505,1
2530,http://snomed.info/id/71714008,http://ncicb.nci.nih.gov/xml/owl/EVS/Thesaurus.owl+ACM-C29730,1
2531,http://snomed.info/id/387217003,http://ncicb.nci.nih.gov/xml/owl/EVS/Thesaurus.owl+ACM-C1505,1
2532,http://snomed.info/id/40339003,http://ncicb.nci.nih.gov/xml/owl/EVS/Thesaurus.owl+ACM-C1505,1
2533,http://snomed.info/id/425567002,http://ncicb.nci.nih.gov/xml/owl/EVS/Thesaurus.owl+ACM-C1505,1
2534,http://snomed.info/id/90581007,http://ncicb.nci.nih.gov/xml/owl/EVS/Thesaurus.owl+ACM-C28394,1
2535,http://snomed.info/id/398879004,http://ncicb.nci.nih.gov/xml/owl/EVS/Thesaurus.owl+ACM-C28394,1
2536,http://snomed.info/id/96187008,http://ncicb.nci.nih.gov/xml/owl/EVS/Thesaurus.owl+ACM-C67413,1
2537,http://snomed.info/id/426184009,http://ncicb.nci.nih.gov/xml/owl/EVS/Thesaurus.owl+ACM-C357,1
2538,http://snomed.info/id/427098008,http://ncicb.nci.nih.gov/xml/owl/EVS/Thesaurus.owl+ACM-C357,1
2539,http://snomed.info/id/422394006,http://ncicb.nci.nih.gov/xml/owl/EVS/Thesaurus.owl+ACM-C28394,1
2540,http://snomed.info/id/6612003,http://ncicb.nci.nih.gov/xml/owl/EVS/Thesaurus.owl+ACM-C258,1
2541,http://snomed.info/id/87283008,http://ncicb.nci.nih.gov/xml/owl/EVS/Thesaurus.owl+ACM-C29698,1
2542,http://snomed.info/id/396017000,http://ncicb.nci.nih.gov/xml/owl/EVS/Thesaurus.owl+ACM-C521,1
2543,http://snomed.info/id/387090008,http://ncicb.nci.nih.gov/xml/owl/EVS/Thesaurus.owl+ACM-C29578,1
2544,http://snomed.info/id/116107002,http://ncicb.nci.nih.gov/xml/owl/EVS/Thesaurus.owl+ACM-C47793,1
2545,http://snomed.info/id/392658005,http://ncicb.nci.nih.gov/xml/owl/EVS/Thesaurus.owl+ACM-C93038,1
2546,http://snomed.info/id/396034008,http://ncicb.nci.nih.gov/xml/owl/EVS/Thesaurus.owl+ACM-C83486,1
2547,http://snomed.info/id/108459001,http://ncicb.nci.nih.gov/xml/owl/EVS/Thesaurus.owl+ACM-C29696,1
2548,http://snomed.info/id/372508002,http://ncicb.nci.nih.gov/xml/owl/EVS/Thesaurus.owl+ACM-C29707,1
2549,http://snomed.info/id/108556006,http://ncicb.nci.nih.gov/xml/owl/EVS/Thesaurus.owl+ACM-C29707,1
2550,http://snomed.info/id/702803000,http://ncicb.nci.nih.gov/xml/owl/EVS/Thesaurus.owl+ACM-C2199,1
2551,http://snomed.info/id/396042009,http://ncicb.nci.nih.gov/xml/owl/EVS/Thesaurus.owl+ACM-C744,1
2552,http://snomed.info/id/320067009,http://ncicb.nci.nih.gov/xml/owl/EVS/Thesaurus.owl+ACM-C744,1
2553,http://snomed.info/id/77856005,http://ncicb.nci.nih.gov/xml/owl/EVS/Thesaurus.owl+ACM-C29576,1
2554,http://snomed.info/id/372847006,http://ncicb.nci.nih.gov/xml/owl/EVS/Thesaurus.owl+ACM-C29576,1
2555,http://snomed.info/id/255847000,http://ncicb.nci.nih.gov/xml/owl/EVS/Thesaurus.owl+ACM-C45678,1
2556,http://snomed.info/id/387057008,http://ncicb.nci.nih.gov/xml/owl/EVS/Thesaurus.owl+ACM-C1821,1
2557,http://snomed.info/id/19351000122101,http://ncicb.nci.nih.gov/xml/owl/EVS/Thesaurus.owl+ACM-C263,1
2558,http://snomed.info/id/396064000,http://ncicb.nci.nih.gov/xml/owl/EVS/Thesaurus.owl+ACM-C521,1
2559,http://snomed.info/id/108771008,http://ncicb.nci.nih.gov/xml/owl/EVS/Thesaurus.owl+ACM-C1910,1
2560,http://snomed.info/id/126138002,http://ncicb.nci.nih.gov/xml/owl/EVS/Thesaurus.owl+ACM-C1910,1
2561,http://snomed.info/id/412195000,http://ncicb.nci.nih.gov/xml/owl/EVS/Thesaurus.owl+ACM-C45678,1
2562,http://snomed.info/id/409368007,http://ncicb.nci.nih.gov/xml/owl/EVS/Thesaurus.owl+ACM-C45678,1
2563,http://snomed.info/id/108681001,http://ncicb.nci.nih.gov/xml/owl/EVS/Thesaurus.owl+ACM-C271,1
2564,http://snomed.info/id/372527008,http://ncicb.nci.nih.gov/xml/owl/EVS/Thesaurus.owl+ACM-C271,1
2565,http://snomed.info/id/109049002,http://ncicb.nci.nih.gov/xml/owl/EVS/Thesaurus.owl+ACM-C1910,1
2566,http://snomed.info/id/126198004,http://ncicb.nci.nih.gov/xml/owl/EVS/Thesaurus.owl+ACM-C1910,1
2567,http://snomed.info/id/717169003,http://ncicb.nci.nih.gov/xml/owl/EVS/Thesaurus.owl+ACM-C66884,1
2568,http://snomed.info/id/108492007,http://ncicb.nci.nih.gov/xml/owl/EVS/Thesaurus.owl+ACM-C47793,1
2569,http://snomed.info/id/386850001,http://ncicb.nci.nih.gov/xml/owl/EVS/Thesaurus.owl+ACM-C29710,1
2570,http://snomed.info/id/108443001,http://ncicb.nci.nih.gov/xml/owl/EVS/Thesaurus.owl+ACM-C29710,1
2571,http://snomed.info/id/429666007,http://ncicb.nci.nih.gov/xml/owl/EVS/Thesaurus.owl+ACM-C275,1
2572,http://snomed.info/id/428158006,http://ncicb.nci.nih.gov/xml/owl/EVS/Thesaurus.owl+ACM-C275,1
2573,http://snomed.info/id/108783005,http://ncicb.nci.nih.gov/xml/owl/EVS/Thesaurus.owl+ACM-C2843,1
2574,http://snomed.info/id/372538008,http://ncicb.nci.nih.gov/xml/owl/EVS/Thesaurus.owl+ACM-C2843,1
2575,http://snomed.info/id/427906003,http://ncicb.nci.nih.gov/xml/owl/EVS/Thesaurus.owl+ACM-C45678,1
2576,http://snomed.info/id/63083007,http://ncicb.nci.nih.gov/xml/owl/EVS/Thesaurus.owl+ACM-C29696,1
2577,http://snomed.info/id/17805003,http://ncicb.nci.nih.gov/xml/owl/EVS/Thesaurus.owl+ACM-C29710,1
2578,http://snomed.info/id/387098001,http://ncicb.nci.nih.gov/xml/owl/EVS/Thesaurus.owl+ACM-C29710,1
2579,http://snomed.info/id/372552005,http://ncicb.nci.nih.gov/xml/owl/EVS/Thesaurus.owl+ACM-C29714,1
2580,http://snomed.info/id/108859008,http://ncicb.nci.nih.gov/xml/owl/EVS/Thesaurus.owl+ACM-C29714,1
2581,http://snomed.info/id/70169009,http://ncicb.nci.nih.gov/xml/owl/EVS/Thesaurus.owl+ACM-C514,1
2582,http://snomed.info/id/96309000,http://ncicb.nci.nih.gov/xml/owl/EVS/Thesaurus.owl+ACM-C66930,1
2583,http://snomed.info/id/373567002,http://ncicb.nci.nih.gov/xml/owl/EVS/Thesaurus.owl+ACM-C66930,1
2584,http://snomed.info/id/387047007,http://ncicb.nci.nih.gov/xml/owl/EVS/Thesaurus.owl+ACM-C521,1
2585,http://snomed.info/id/12495006,http://ncicb.nci.nih.gov/xml/owl/EVS/Thesaurus.owl+ACM-C1505,1
2586,http://snomed.info/id/387052002,http://ncicb.nci.nih.gov/xml/owl/EVS/Thesaurus.owl+ACM-C1505,1
2587,http://snomed.info/id/116126005,http://ncicb.nci.nih.gov/xml/owl/EVS/Thesaurus.owl+ACM-C1505,1
2588,http://snomed.info/id/370180006,http://ncicb.nci.nih.gov/xml/owl/EVS/Thesaurus.owl+ACM-C257,1
2589,http://snomed.info/id/49399009,http://ncicb.nci.nih.gov/xml/owl/EVS/Thesaurus.owl+ACM-C257,1
2590,http://snomed.info/id/40471006,http://ncicb.nci.nih.gov/xml/owl/EVS/Thesaurus.owl+ACM-C45678,1
2591,http://snomed.info/id/60289002,http://ncicb.nci.nih.gov/xml/owl/EVS/Thesaurus.owl+ACM-C29698,1
2592,http://snomed.info/id/387501005,http://ncicb.nci.nih.gov/xml/owl/EVS/Thesaurus.owl+ACM-C257,1
2593,http://snomed.info/id/86977007,http://ncicb.nci.nih.gov/xml/owl/EVS/Thesaurus.owl+ACM-C257,1
2594,http://snomed.info/id/108480007,http://ncicb.nci.nih.gov/xml/owl/EVS/Thesaurus.owl+ACM-C744,1
2595,http://snomed.info/id/373441005,http://ncicb.nci.nih.gov/xml/owl/EVS/Thesaurus.owl+ACM-C744,1
2596,http://snomed.info/id/108447000,http://ncicb.nci.nih.gov/xml/owl/EVS/Thesaurus.owl+ACM-C29696,1
2597,http://snomed.info/id/772627008,http://ncicb.nci.nih.gov/xml/owl/EVS/Thesaurus.owl+ACM-C574,1
2598,http://snomed.info/id/108704001,http://ncicb.nci.nih.gov/xml/owl/EVS/Thesaurus.owl+ACM-C97453,1
2599,http://snomed.info/id/386898005,http://ncicb.nci.nih.gov/xml/owl/EVS/Thesaurus.owl+ACM-C97453,1
2600,http://snomed.info/id/713436005,http://ncicb.nci.nih.gov/xml/owl/EVS/Thesaurus.owl+ACM-C333,1
2601,http://snomed.info/id/703479000,http://ncicb.nci.nih.gov/xml/owl/EVS/Thesaurus.owl+ACM-C1323,1
2602,http://snomed.info/id/703480002,http://ncicb.nci.nih.gov/xml/owl/EVS/Thesaurus.owl+ACM-C1323,1
2603,http://snomed.info/id/386933002,http://ncicb.nci.nih.gov/xml/owl/EVS/Thesaurus.owl+ACM-C82130,1
2604,http://snomed.info/id/75327003,http://ncicb.nci.nih.gov/xml/owl/EVS/Thesaurus.owl+ACM-C29578,1
2605,http://snomed.info/id/419369005,http://ncicb.nci.nih.gov/xml/owl/EVS/Thesaurus.owl+ACM-C29578,1
2606,http://snomed.info/id/320759006,http://ncicb.nci.nih.gov/xml/owl/EVS/Thesaurus.owl+ACM-C29578,1
2607,http://snomed.info/id/766798004,http://ncicb.nci.nih.gov/xml/owl/EVS/Thesaurus.owl+ACM-C66885,1
2608,http://snomed.info/id/395816001,http://ncicb.nci.nih.gov/xml/owl/EVS/Thesaurus.owl+ACM-C319,1
2609,http://snomed.info/id/398981003,http://ncicb.nci.nih.gov/xml/owl/EVS/Thesaurus.owl+ACM-C448,1
2610,http://snomed.info/id/116552006,http://ncicb.nci.nih.gov/xml/owl/EVS/Thesaurus.owl+ACM-C448,1
2611,http://snomed.info/id/698023008,http://ncicb.nci.nih.gov/xml/owl/EVS/Thesaurus.owl+ACM-C333,1
2612,http://snomed.info/id/96114007,http://ncicb.nci.nih.gov/xml/owl/EVS/Thesaurus.owl+ACM-C250,1
2613,http://snomed.info/id/68680008,http://ncicb.nci.nih.gov/xml/owl/EVS/Thesaurus.owl+ACM-C29578,1
2614,http://snomed.info/id/52394008,http://ncicb.nci.nih.gov/xml/owl/EVS/Thesaurus.owl+ACM-C29730,1
2615,http://snomed.info/id/228089005,http://ncicb.nci.nih.gov/xml/owl/EVS/Thesaurus.owl+ACM-C45678,1
2616,http://snomed.info/id/78542000,http://ncicb.nci.nih.gov/xml/owl/EVS/Thesaurus.owl+ACM-C29730,1
2617,http://snomed.info/id/387450001,http://ncicb.nci.nih.gov/xml/owl/EVS/Thesaurus.owl+ACM-C29730,1
2618,http://snomed.info/id/395841008,http://ncicb.nci.nih.gov/xml/owl/EVS/Thesaurus.owl+ACM-C47796,1
2619,http://snomed.info/id/96335004,http://ncicb.nci.nih.gov/xml/owl/EVS/Thesaurus.owl+ACM-C521,1
2620,http://snomed.info/id/395997007,http://ncicb.nci.nih.gov/xml/owl/EVS/Thesaurus.owl+ACM-C29698,1
2621,http://snomed.info/id/421592007,http://ncicb.nci.nih.gov/xml/owl/EVS/Thesaurus.owl+ACM-C29698,1
2622,http://snomed.info/id/27766008,http://ncicb.nci.nih.gov/xml/owl/EVS/Thesaurus.owl+ACM-C29710,1
2623,http://snomed.info/id/17356001,http://ncicb.nci.nih.gov/xml/owl/EVS/Thesaurus.owl+ACM-C47796,1
2624,http://snomed.info/id/44330008,http://ncicb.nci.nih.gov/xml/owl/EVS/Thesaurus.owl+ACM-C250,1
2625,http://snomed.info/id/386886000,http://ncicb.nci.nih.gov/xml/owl/EVS/Thesaurus.owl+ACM-C29702,1
2626,http://snomed.info/id/765332006,http://ncicb.nci.nih.gov/xml/owl/EVS/Thesaurus.owl+ACM-C270,1
2627,http://snomed.info/id/387046003,http://ncicb.nci.nih.gov/xml/owl/EVS/Thesaurus.owl+ACM-C521,1
2628,http://snomed.info/id/108852004,http://ncicb.nci.nih.gov/xml/owl/EVS/Thesaurus.owl+ACM-C521,1
2629,http://snomed.info/id/768539002,http://ncicb.nci.nih.gov/xml/owl/EVS/Thesaurus.owl+ACM-C443,1
2630,http://snomed.info/id/768538005,http://ncicb.nci.nih.gov/xml/owl/EVS/Thesaurus.owl+ACM-C443,1
2631,http://snomed.info/id/96122000,http://ncicb.nci.nih.gov/xml/owl/EVS/Thesaurus.owl+ACM-C250,1
2632,http://snomed.info/id/395870004,http://ncicb.nci.nih.gov/xml/owl/EVS/Thesaurus.owl+ACM-C76358,1
2633,http://snomed.info/id/109203000,http://ncicb.nci.nih.gov/xml/owl/EVS/Thesaurus.owl+ACM-C76358,1
2634,http://snomed.info/id/41067005,http://ncicb.nci.nih.gov/xml/owl/EVS/Thesaurus.owl+ACM-C514,1
2635,http://snomed.info/id/108951007,http://ncicb.nci.nih.gov/xml/owl/EVS/Thesaurus.owl+ACM-C29730,1
2636,http://snomed.info/id/75876003,http://ncicb.nci.nih.gov/xml/owl/EVS/Thesaurus.owl+ACM-C45678,1
2637,http://snomed.info/id/418720001,http://ncicb.nci.nih.gov/xml/owl/EVS/Thesaurus.owl+ACM-C45678,1
2638,http://snomed.info/id/125706008,http://ncicb.nci.nih.gov/xml/owl/EVS/Thesaurus.owl+ACM-C45678,1
2639,http://snomed.info/id/398718007,http://ncicb.nci.nih.gov/xml/owl/EVS/Thesaurus.owl+ACM-C45678,1
2640,http://snomed.info/id/20327004,http://ncicb.nci.nih.gov/xml/owl/EVS/Thesaurus.owl+ACM-C514,1
2641,http://snomed.info/id/412547001,http://ncicb.nci.nih.gov/xml/owl/EVS/Thesaurus.owl+ACM-C29730,1
2642,http://snomed.info/id/412546005,http://ncicb.nci.nih.gov/xml/owl/EVS/Thesaurus.owl+ACM-C29730,1
2643,http://snomed.info/id/412309007,http://ncicb.nci.nih.gov/xml/owl/EVS/Thesaurus.owl+ACM-C360,1
2644,http://snomed.info/id/55015008,http://ncicb.nci.nih.gov/xml/owl/EVS/Thesaurus.owl+ACM-C29730,1
2645,http://snomed.info/id/387306001,http://ncicb.nci.nih.gov/xml/owl/EVS/Thesaurus.owl+ACM-C29730,1
2646,http://snomed.info/id/125705007,http://ncicb.nci.nih.gov/xml/owl/EVS/Thesaurus.owl+ACM-C78275,1
2647,http://snomed.info/id/398818001,http://ncicb.nci.nih.gov/xml/owl/EVS/Thesaurus.owl+ACM-C78275,1
2648,http://snomed.info/id/387149008,http://ncicb.nci.nih.gov/xml/owl/EVS/Thesaurus.owl+ACM-C29730,1
2649,http://snomed.info/id/387379007,http://ncicb.nci.nih.gov/xml/owl/EVS/Thesaurus.owl+ACM-C45678,1
2650,http://snomed.info/id/68490009,http://ncicb.nci.nih.gov/xml/owl/EVS/Thesaurus.owl+ACM-C45678,1
2651,http://snomed.info/id/82931000,http://ncicb.nci.nih.gov/xml/owl/EVS/Thesaurus.owl+ACM-C345,1
2652,http://snomed.info/id/24434007,http://ncicb.nci.nih.gov/xml/owl/EVS/Thesaurus.owl+ACM-C45678,1
2653,http://snomed.info/id/49998007,http://ncicb.nci.nih.gov/xml/owl/EVS/Thesaurus.owl+ACM-C1506,1
2654,http://snomed.info/id/370275005,http://ncicb.nci.nih.gov/xml/owl/EVS/Thesaurus.owl+ACM-C67413,1
2655,http://snomed.info/id/108921001,http://ncicb.nci.nih.gov/xml/owl/EVS/Thesaurus.owl+ACM-C514,1
2656,http://snomed.info/id/281000220103,http://ncicb.nci.nih.gov/xml/owl/EVS/Thesaurus.owl+ACM-C258,1
2657,http://snomed.info/id/387374002,http://ncicb.nci.nih.gov/xml/owl/EVS/Thesaurus.owl+ACM-C67437,1
2658,http://snomed.info/id/67735003,http://ncicb.nci.nih.gov/xml/owl/EVS/Thesaurus.owl+ACM-C67437,1
2659,http://snomed.info/id/423989009,http://ncicb.nci.nih.gov/xml/owl/EVS/Thesaurus.owl+ACM-C257,1
2660,http://snomed.info/id/424973003,http://ncicb.nci.nih.gov/xml/owl/EVS/Thesaurus.owl+ACM-C257,1
2661,http://snomed.info/id/734662006,http://ncicb.nci.nih.gov/xml/owl/EVS/Thesaurus.owl+ACM-C211,1
2662,http://snomed.info/id/372536007,http://ncicb.nci.nih.gov/xml/owl/EVS/Thesaurus.owl+ACM-C2843,1
2663,http://snomed.info/id/108779005,http://ncicb.nci.nih.gov/xml/owl/EVS/Thesaurus.owl+ACM-C2843,1
2664,http://snomed.info/id/96100007,http://ncicb.nci.nih.gov/xml/owl/EVS/Thesaurus.owl+ACM-C97453,1
2665,http://snomed.info/id/698873005,http://ncicb.nci.nih.gov/xml/owl/EVS/Thesaurus.owl+ACM-C932,1
2666,http://snomed.info/id/108682008,http://ncicb.nci.nih.gov/xml/owl/EVS/Thesaurus.owl+ACM-C271,1
2667,http://snomed.info/id/26945002,http://ncicb.nci.nih.gov/xml/owl/EVS/Thesaurus.owl+ACM-C47795,1
2668,http://snomed.info/id/45159007,http://ncicb.nci.nih.gov/xml/owl/EVS/Thesaurus.owl+ACM-C29578,1
2669,http://snomed.info/id/412376004,http://ncicb.nci.nih.gov/xml/owl/EVS/Thesaurus.owl+ACM-C1505,1
2670,http://snomed.info/id/395952003,http://ncicb.nci.nih.gov/xml/owl/EVS/Thesaurus.owl+ACM-C1505,1
2671,http://snomed.info/id/111039007,http://ncicb.nci.nih.gov/xml/owl/EVS/Thesaurus.owl+ACM-C1505,1
2672,http://snomed.info/id/420444000,http://ncicb.nci.nih.gov/xml/owl/EVS/Thesaurus.owl+ACM-C1505,1
2673,http://snomed.info/id/412341001,http://ncicb.nci.nih.gov/xml/owl/EVS/Thesaurus.owl+ACM-C257,1
2674,http://snomed.info/id/395931006,http://ncicb.nci.nih.gov/xml/owl/EVS/Thesaurus.owl+ACM-C29710,1
2675,http://snomed.info/id/395932004,http://ncicb.nci.nih.gov/xml/owl/EVS/Thesaurus.owl+ACM-C29710,1
2676,http://snomed.info/id/418080006,http://ncicb.nci.nih.gov/xml/owl/EVS/Thesaurus.owl+ACM-C67439,1
2677,http://snomed.info/id/412303008,http://ncicb.nci.nih.gov/xml/owl/EVS/Thesaurus.owl+ACM-C76358,1
2678,http://snomed.info/id/37527009,http://ncicb.nci.nih.gov/xml/owl/EVS/Thesaurus.owl+ACM-C67413,1
2679,http://snomed.info/id/6260007,http://ncicb.nci.nih.gov/xml/owl/EVS/Thesaurus.owl+ACM-C319,1
2680,http://snomed.info/id/87599003,http://ncicb.nci.nih.gov/xml/owl/EVS/Thesaurus.owl+ACM-C29696,1
2681,http://snomed.info/id/404863006,http://ncicb.nci.nih.gov/xml/owl/EVS/Thesaurus.owl+ACM-C29696,1
2682,http://snomed.info/id/12510000,http://ncicb.nci.nih.gov/xml/owl/EVS/Thesaurus.owl+ACM-C79688,1
2683,http://snomed.info/id/427403004,http://ncicb.nci.nih.gov/xml/owl/EVS/Thesaurus.owl+ACM-C79688,1
2684,http://snomed.info/id/62444006,http://ncicb.nci.nih.gov/xml/owl/EVS/Thesaurus.owl+ACM-C29747,1
2685,http://snomed.info/id/20229003,http://ncicb.nci.nih.gov/xml/owl/EVS/Thesaurus.owl+ACM-C29578,1
2686,http://snomed.info/id/698049003,http://ncicb.nci.nih.gov/xml/owl/EVS/Thesaurus.owl+ACM-C471,1
2687,http://snomed.info/id/781257003,http://ncicb.nci.nih.gov/xml/owl/EVS/Thesaurus.owl+ACM-C276,1
2688,http://snomed.info/id/781277005,http://ncicb.nci.nih.gov/xml/owl/EVS/Thesaurus.owl+ACM-C276,1
2689,http://snomed.info/id/48693008,http://ncicb.nci.nih.gov/xml/owl/EVS/Thesaurus.owl+ACM-C28197,1
2690,http://snomed.info/id/442428005,http://ncicb.nci.nih.gov/xml/owl/EVS/Thesaurus.owl+ACM-C1505,1
2691,http://snomed.info/id/712715004,http://ncicb.nci.nih.gov/xml/owl/EVS/Thesaurus.owl+ACM-C29578,1
2692,http://snomed.info/id/61623002,http://ncicb.nci.nih.gov/xml/owl/EVS/Thesaurus.owl+ACM-C29578,1
2693,http://snomed.info/id/387344005,http://ncicb.nci.nih.gov/xml/owl/EVS/Thesaurus.owl+ACM-C29578,1
2694,http://snomed.info/id/391792002,http://ncicb.nci.nih.gov/xml/owl/EVS/Thesaurus.owl+ACM-C98292,1
2695,http://snomed.info/id/326166008,http://ncicb.nci.nih.gov/xml/owl/EVS/Thesaurus.owl+ACM-C98292,1
2696,http://snomed.info/id/387360009,http://ncicb.nci.nih.gov/xml/owl/EVS/Thesaurus.owl+ACM-C29578,1
2697,http://snomed.info/id/65092008,http://ncicb.nci.nih.gov/xml/owl/EVS/Thesaurus.owl+ACM-C29578,1
2698,http://snomed.info/id/41261002,http://ncicb.nci.nih.gov/xml/owl/EVS/Thesaurus.owl+ACM-C49185,1
2699,http://snomed.info/id/400606007,http://ncicb.nci.nih.gov/xml/owl/EVS/Thesaurus.owl+ACM-C49185,1
2700,http://snomed.info/id/386895008,http://ncicb.nci.nih.gov/xml/owl/EVS/Thesaurus.owl+ACM-C97452,1
2701,http://snomed.info/id/108690008,http://ncicb.nci.nih.gov/xml/owl/EVS/Thesaurus.owl+ACM-C97452,1
2702,http://snomed.info/id/12315006,http://ncicb.nci.nih.gov/xml/owl/EVS/Thesaurus.owl+ACM-C28394,1
2703,http://snomed.info/id/108918003,http://ncicb.nci.nih.gov/xml/owl/EVS/Thesaurus.owl+ACM-C29575,1
2704,http://snomed.info/id/386939003,http://ncicb.nci.nih.gov/xml/owl/EVS/Thesaurus.owl+ACM-C1556,1
2705,http://snomed.info/id/108939005,http://ncicb.nci.nih.gov/xml/owl/EVS/Thesaurus.owl+ACM-C129820,1
2706,http://snomed.info/id/386941002,http://ncicb.nci.nih.gov/xml/owl/EVS/Thesaurus.owl+ACM-C129820,1
2707,http://snomed.info/id/373447009,http://ncicb.nci.nih.gov/xml/owl/EVS/Thesaurus.owl+ACM-C29577,1
2708,http://snomed.info/id/108834004,http://ncicb.nci.nih.gov/xml/owl/EVS/Thesaurus.owl+ACM-C29577,1
2709,http://snomed.info/id/108718008,http://ncicb.nci.nih.gov/xml/owl/EVS/Thesaurus.owl+ACM-C277,1
2710,http://snomed.info/id/386899002,http://ncicb.nci.nih.gov/xml/owl/EVS/Thesaurus.owl+ACM-C277,1
2711,http://snomed.info/id/108903004,http://ncicb.nci.nih.gov/xml/owl/EVS/Thesaurus.owl+ACM-C804,1
2712,http://snomed.info/id/386934008,http://ncicb.nci.nih.gov/xml/owl/EVS/Thesaurus.owl+ACM-C804,1
2713,http://snomed.info/id/116116003,http://ncicb.nci.nih.gov/xml/owl/EVS/Thesaurus.owl+ACM-C38149,1
2714,http://snomed.info/id/387018000,http://ncicb.nci.nih.gov/xml/owl/EVS/Thesaurus.owl+ACM-C38149,1
2715,http://snomed.info/id/387064005,http://ncicb.nci.nih.gov/xml/owl/EVS/Thesaurus.owl+ACM-C443,1
2716,http://snomed.info/id/416652002,http://ncicb.nci.nih.gov/xml/owl/EVS/Thesaurus.owl+ACM-C83486,1
2717,http://snomed.info/id/417639002,http://ncicb.nci.nih.gov/xml/owl/EVS/Thesaurus.owl+ACM-C83486,1
2718,http://snomed.info/id/311423009,http://ncicb.nci.nih.gov/xml/owl/EVS/Thesaurus.owl+ACM-C688,1
2719,http://snomed.info/id/416859008,http://ncicb.nci.nih.gov/xml/owl/EVS/Thesaurus.owl+ACM-C98085,1
2720,http://snomed.info/id/417734003,http://ncicb.nci.nih.gov/xml/owl/EVS/Thesaurus.owl+ACM-C98085,1
2721,http://snomed.info/id/4025009,http://ncicb.nci.nih.gov/xml/owl/EVS/Thesaurus.owl+ACM-C29756,1
2722,http://snomed.info/id/785624003,http://ncicb.nci.nih.gov/xml/owl/EVS/Thesaurus.owl+ACM-C1946,1
2723,http://snomed.info/id/782572002,http://ncicb.nci.nih.gov/xml/owl/EVS/Thesaurus.owl+ACM-C1946,1
2724,http://snomed.info/id/52806007,http://ncicb.nci.nih.gov/xml/owl/EVS/Thesaurus.owl+ACM-C79688,1
2725,http://snomed.info/id/108441004,http://ncicb.nci.nih.gov/xml/owl/EVS/Thesaurus.owl+ACM-C29710,1
2726,http://snomed.info/id/386849001,http://ncicb.nci.nih.gov/xml/owl/EVS/Thesaurus.owl+ACM-C29710,1
2727,http://snomed.info/id/320830000,http://ncicb.nci.nih.gov/xml/owl/EVS/Thesaurus.owl+ACM-C29578,1
2728,http://snomed.info/id/395798005,http://ncicb.nci.nih.gov/xml/owl/EVS/Thesaurus.owl+ACM-C29578,1
2729,http://snomed.info/id/772062002,http://ncicb.nci.nih.gov/xml/owl/EVS/Thesaurus.owl+ACM-C250,1
2730,http://snomed.info/id/96345002,http://ncicb.nci.nih.gov/xml/owl/EVS/Thesaurus.owl+ACM-C2360,1
2731,http://snomed.info/id/697966001,http://ncicb.nci.nih.gov/xml/owl/EVS/Thesaurus.owl+ACM-C514,1
2732,http://snomed.info/id/255947004,http://ncicb.nci.nih.gov/xml/owl/EVS/Thesaurus.owl+ACM-C28394,1
2733,http://snomed.info/id/411246007,http://ncicb.nci.nih.gov/xml/owl/EVS/Thesaurus.owl+ACM-C28394,1
2734,http://snomed.info/id/385997009,http://ncicb.nci.nih.gov/xml/owl/EVS/Thesaurus.owl+ACM-C471,1
2735,http://snomed.info/id/385996000,http://ncicb.nci.nih.gov/xml/owl/EVS/Thesaurus.owl+ACM-C471,1
2736,http://snomed.info/id/111099009,http://ncicb.nci.nih.gov/xml/owl/EVS/Thesaurus.owl+ACM-C45678,1
2737,http://snomed.info/id/771461004,http://ncicb.nci.nih.gov/xml/owl/EVS/Thesaurus.owl+ACM-C45678,1
2738,http://snomed.info/id/708199003,http://ncicb.nci.nih.gov/xml/owl/EVS/Thesaurus.owl+ACM-C521,1
2739,http://snomed.info/id/766889005,http://ncicb.nci.nih.gov/xml/owl/EVS/Thesaurus.owl+ACM-C1937,1
2740,http://snomed.info/id/3142009,http://ncicb.nci.nih.gov/xml/owl/EVS/Thesaurus.owl+ACM-C28197,1
2741,http://snomed.info/id/88589005,http://ncicb.nci.nih.gov/xml/owl/EVS/Thesaurus.owl+ACM-C263,1
2742,http://snomed.info/id/26503009,http://ncicb.nci.nih.gov/xml/owl/EVS/Thesaurus.owl+ACM-C270,1
2743,http://snomed.info/id/387144003,http://ncicb.nci.nih.gov/xml/owl/EVS/Thesaurus.owl+ACM-C270,1
2744,http://snomed.info/id/73076001,http://ncicb.nci.nih.gov/xml/owl/EVS/Thesaurus.owl+ACM-C28197,1
2745,http://snomed.info/id/363553005,http://ncicb.nci.nih.gov/xml/owl/EVS/Thesaurus.owl+ACM-C29578,1
2746,http://snomed.info/id/12525000,http://ncicb.nci.nih.gov/xml/owl/EVS/Thesaurus.owl+ACM-C29756,1
2747,http://snomed.info/id/391726005,http://ncicb.nci.nih.gov/xml/owl/EVS/Thesaurus.owl+ACM-C66886,1
2748,http://snomed.info/id/116530002,http://ncicb.nci.nih.gov/xml/owl/EVS/Thesaurus.owl+ACM-C29697,1
2749,http://snomed.info/id/400300006,http://ncicb.nci.nih.gov/xml/owl/EVS/Thesaurus.owl+ACM-C29697,1
2750,http://snomed.info/id/17062003,http://ncicb.nci.nih.gov/xml/owl/EVS/Thesaurus.owl+ACM-C1821,1
2751,http://snomed.info/id/108456008,http://ncicb.nci.nih.gov/xml/owl/EVS/Thesaurus.owl+ACM-C29696,1
2752,http://snomed.info/id/96215002,http://ncicb.nci.nih.gov/xml/owl/EVS/Thesaurus.owl+ACM-C47794,1
2753,http://snomed.info/id/387483008,http://ncicb.nci.nih.gov/xml/owl/EVS/Thesaurus.owl+ACM-C277,1
2754,http://snomed.info/id/83288003,http://ncicb.nci.nih.gov/xml/owl/EVS/Thesaurus.owl+ACM-C277,1
2755,http://snomed.info/id/422335009,http://ncicb.nci.nih.gov/xml/owl/EVS/Thesaurus.owl+ACM-C79662,1
2756,http://snomed.info/id/423355000,http://ncicb.nci.nih.gov/xml/owl/EVS/Thesaurus.owl+ACM-C79662,1
2757,http://snomed.info/id/725725000,http://ncicb.nci.nih.gov/xml/owl/EVS/Thesaurus.owl+ACM-C260,1
2758,http://snomed.info/id/372488002,http://ncicb.nci.nih.gov/xml/owl/EVS/Thesaurus.owl+ACM-C94726,1
2759,http://snomed.info/id/108421009,http://ncicb.nci.nih.gov/xml/owl/EVS/Thesaurus.owl+ACM-C94726,1
2760,http://snomed.info/id/395765000,http://ncicb.nci.nih.gov/xml/owl/EVS/Thesaurus.owl+ACM-C62799,1
2761,http://snomed.info/id/327379003,http://ncicb.nci.nih.gov/xml/owl/EVS/Thesaurus.owl+ACM-C62799,1
2762,http://snomed.info/id/387557001,http://ncicb.nci.nih.gov/xml/owl/EVS/Thesaurus.owl+ACM-C29575,1
2763,http://snomed.info/id/96097002,http://ncicb.nci.nih.gov/xml/owl/EVS/Thesaurus.owl+ACM-C29575,1
2764,http://snomed.info/id/108449002,http://ncicb.nci.nih.gov/xml/owl/EVS/Thesaurus.owl+ACM-C66886,1
2765,http://snomed.info/id/372494005,http://ncicb.nci.nih.gov/xml/owl/EVS/Thesaurus.owl+ACM-C66886,1
2766,http://snomed.info/id/326083001,http://ncicb.nci.nih.gov/xml/owl/EVS/Thesaurus.owl+ACM-C2092,1
2767,http://snomed.info/id/395906005,http://ncicb.nci.nih.gov/xml/owl/EVS/Thesaurus.owl+ACM-C2092,1
2768,http://snomed.info/id/386976000,http://ncicb.nci.nih.gov/xml/owl/EVS/Thesaurus.owl+ACM-C574,1
2769,http://snomed.info/id/414308003,http://ncicb.nci.nih.gov/xml/owl/EVS/Thesaurus.owl+ACM-C62358,1
2770,http://snomed.info/id/386897000,http://ncicb.nci.nih.gov/xml/owl/EVS/Thesaurus.owl+ACM-C97452,1
2771,http://snomed.info/id/108698001,http://ncicb.nci.nih.gov/xml/owl/EVS/Thesaurus.owl+ACM-C97452,1
2772,http://snomed.info/id/702795007,http://ncicb.nci.nih.gov/xml/owl/EVS/Thesaurus.owl+ACM-C66883,1
2773,http://snomed.info/id/411089001,http://ncicb.nci.nih.gov/xml/owl/EVS/Thesaurus.owl+ACM-C2021,1
2774,http://snomed.info/id/409159000,http://ncicb.nci.nih.gov/xml/owl/EVS/Thesaurus.owl+ACM-C2021,1
2775,http://snomed.info/id/409159000,http://ncicb.nci.nih.gov/xml/owl/EVS/Thesaurus.owl+ACM-C511,1
2776,http://snomed.info/id/416512006,http://ncicb.nci.nih.gov/xml/owl/EVS/Thesaurus.owl+ACM-C2198,1
2777,http://snomed.info/id/416293004,http://ncicb.nci.nih.gov/xml/owl/EVS/Thesaurus.owl+ACM-C2198,1
2778,http://snomed.info/id/717097006,http://ncicb.nci.nih.gov/xml/owl/EVS/Thesaurus.owl+ACM-C28394,1
2779,http://snomed.info/id/328433005,http://ncicb.nci.nih.gov/xml/owl/EVS/Thesaurus.owl+ACM-C1907,1
2780,http://snomed.info/id/85391002,http://ncicb.nci.nih.gov/xml/owl/EVS/Thesaurus.owl+ACM-C448,1
2781,http://snomed.info/id/702794006,http://ncicb.nci.nih.gov/xml/owl/EVS/Thesaurus.owl+ACM-C94725,1
2782,http://snomed.info/id/412518008,http://ncicb.nci.nih.gov/xml/owl/EVS/Thesaurus.owl+ACM-C79688,1
2783,http://snomed.info/id/412608008,http://ncicb.nci.nih.gov/xml/owl/EVS/Thesaurus.owl+ACM-C1742,1
2784,http://snomed.info/id/350469004,http://ncicb.nci.nih.gov/xml/owl/EVS/Thesaurus.owl+ACM-C1742,1
2785,http://snomed.info/id/387010007,http://ncicb.nci.nih.gov/xml/owl/EVS/Thesaurus.owl+ACM-C281,1
2786,http://snomed.info/id/116100000,http://ncicb.nci.nih.gov/xml/owl/EVS/Thesaurus.owl+ACM-C281,1
2787,http://snomed.info/id/108581009,http://ncicb.nci.nih.gov/xml/owl/EVS/Thesaurus.owl+ACM-C66930,1
2788,http://snomed.info/id/386876001,http://ncicb.nci.nih.gov/xml/owl/EVS/Thesaurus.owl+ACM-C66930,1
2789,http://snomed.info/id/386883008,http://ncicb.nci.nih.gov/xml/owl/EVS/Thesaurus.owl+ACM-C78273,1
2790,http://snomed.info/id/327112008,http://ncicb.nci.nih.gov/xml/owl/EVS/Thesaurus.owl+ACM-C1288,1
2791,http://snomed.info/id/415247006,http://ncicb.nci.nih.gov/xml/owl/EVS/Thesaurus.owl+ACM-C1288,1
2792,http://snomed.info/id/395801004,http://ncicb.nci.nih.gov/xml/owl/EVS/Thesaurus.owl+ACM-C1288,1
2793,http://snomed.info/id/327123007,http://ncicb.nci.nih.gov/xml/owl/EVS/Thesaurus.owl+ACM-C1287,1
2794,http://snomed.info/id/395767008,http://ncicb.nci.nih.gov/xml/owl/EVS/Thesaurus.owl+ACM-C1287,1
2795,http://snomed.info/id/404851001,http://ncicb.nci.nih.gov/xml/owl/EVS/Thesaurus.owl+ACM-C94726,1
2796,http://snomed.info/id/404852008,http://ncicb.nci.nih.gov/xml/owl/EVS/Thesaurus.owl+ACM-C94726,1
2797,http://snomed.info/id/400556009,http://ncicb.nci.nih.gov/xml/owl/EVS/Thesaurus.owl+ACM-C79611,1
2798,http://snomed.info/id/74950007,http://ncicb.nci.nih.gov/xml/owl/EVS/Thesaurus.owl+ACM-C38149,1
2799,http://snomed.info/id/387416005,http://ncicb.nci.nih.gov/xml/owl/EVS/Thesaurus.owl+ACM-C93038,1
2800,http://snomed.info/id/74801000,http://ncicb.nci.nih.gov/xml/owl/EVS/Thesaurus.owl+ACM-C62695,1
2801,http://snomed.info/id/398715005,http://ncicb.nci.nih.gov/xml/owl/EVS/Thesaurus.owl+ACM-C29698,1
2802,http://snomed.info/id/27928002,http://ncicb.nci.nih.gov/xml/owl/EVS/Thesaurus.owl+ACM-C1012,1
2803,http://snomed.info/id/44293009,http://ncicb.nci.nih.gov/xml/owl/EVS/Thesaurus.owl+ACM-C45178,1
2804,http://snomed.info/id/56297001,http://ncicb.nci.nih.gov/xml/owl/EVS/Thesaurus.owl+ACM-C67413,1
2805,http://snomed.info/id/86659000,http://ncicb.nci.nih.gov/xml/owl/EVS/Thesaurus.owl+ACM-C29710,1
2806,http://snomed.info/id/18321003,http://ncicb.nci.nih.gov/xml/owl/EVS/Thesaurus.owl+ACM-C29710,1
2807,http://snomed.info/id/87831009,http://ncicb.nci.nih.gov/xml/owl/EVS/Thesaurus.owl+ACM-C94727,1
2808,http://snomed.info/id/22792006,http://ncicb.nci.nih.gov/xml/owl/EVS/Thesaurus.owl+ACM-C29578,1
2809,http://snomed.info/id/65982003,http://ncicb.nci.nih.gov/xml/owl/EVS/Thesaurus.owl+ACM-C29578,1
2810,http://snomed.info/id/372883002,http://ncicb.nci.nih.gov/xml/owl/EVS/Thesaurus.owl+ACM-C66886,1
2811,http://snomed.info/id/86085000,http://ncicb.nci.nih.gov/xml/owl/EVS/Thesaurus.owl+ACM-C66886,1
2812,http://snomed.info/id/387088007,http://ncicb.nci.nih.gov/xml/owl/EVS/Thesaurus.owl+ACM-C29699,1
2813,http://snomed.info/id/91023007,http://ncicb.nci.nih.gov/xml/owl/EVS/Thesaurus.owl+ACM-C29698,1
2814,http://snomed.info/id/109029006,http://ncicb.nci.nih.gov/xml/owl/EVS/Thesaurus.owl+ACM-C1821,1
2815,http://snomed.info/id/419530003,http://ncicb.nci.nih.gov/xml/owl/EVS/Thesaurus.owl+ACM-C1821,1
2816,http://snomed.info/id/5811000122108,http://ncicb.nci.nih.gov/xml/owl/EVS/Thesaurus.owl+ACM-C2124,1
2817,http://snomed.info/id/372499000,http://ncicb.nci.nih.gov/xml/owl/EVS/Thesaurus.owl+ACM-C38149,1
2818,http://snomed.info/id/108473005,http://ncicb.nci.nih.gov/xml/owl/EVS/Thesaurus.owl+ACM-C38149,1
2819,http://snomed.info/id/385549000,http://ncicb.nci.nih.gov/xml/owl/EVS/Thesaurus.owl+ACM-C1742,1
2820,http://snomed.info/id/395279009,http://ncicb.nci.nih.gov/xml/owl/EVS/Thesaurus.owl+ACM-C1742,1
2821,http://snomed.info/id/109085002,http://ncicb.nci.nih.gov/xml/owl/EVS/Thesaurus.owl+ACM-C98241,1
2822,http://snomed.info/id/386967007,http://ncicb.nci.nih.gov/xml/owl/EVS/Thesaurus.owl+ACM-C1934,1
2823,http://snomed.info/id/108606009,http://ncicb.nci.nih.gov/xml/owl/EVS/Thesaurus.owl+ACM-C319,1
2824,http://snomed.info/id/412392009,http://ncicb.nci.nih.gov/xml/owl/EVS/Thesaurus.owl+ACM-C1655,1
2825,http://snomed.info/id/703834005,http://ncicb.nci.nih.gov/xml/owl/EVS/Thesaurus.owl+ACM-C257,1
2826,http://snomed.info/id/715582002,http://ncicb.nci.nih.gov/xml/owl/EVS/Thesaurus.owl+ACM-C257,1
2827,http://snomed.info/id/386851002,http://ncicb.nci.nih.gov/xml/owl/EVS/Thesaurus.owl+ACM-C38149,1
2828,http://snomed.info/id/108464002,http://ncicb.nci.nih.gov/xml/owl/EVS/Thesaurus.owl+ACM-C38149,1
2829,http://snomed.info/id/108777007,http://ncicb.nci.nih.gov/xml/owl/EVS/Thesaurus.owl+ACM-C2018,1
2830,http://snomed.info/id/386911004,http://ncicb.nci.nih.gov/xml/owl/EVS/Thesaurus.owl+ACM-C2018,1
2831,http://snomed.info/id/386839004,http://ncicb.nci.nih.gov/xml/owl/EVS/Thesaurus.owl+ACM-C67413,1
2832,http://snomed.info/id/108379008,http://ncicb.nci.nih.gov/xml/owl/EVS/Thesaurus.owl+ACM-C67413,1
2833,http://snomed.info/id/386964000,http://ncicb.nci.nih.gov/xml/owl/EVS/Thesaurus.owl+ACM-C98079,1
2834,http://snomed.info/id/109074004,http://ncicb.nci.nih.gov/xml/owl/EVS/Thesaurus.owl+ACM-C98079,1
2835,http://snomed.info/id/387582001,http://ncicb.nci.nih.gov/xml/owl/EVS/Thesaurus.owl+ACM-C443,1
2836,http://snomed.info/id/442795003,http://ncicb.nci.nih.gov/xml/owl/EVS/Thesaurus.owl+ACM-C78322,1
2837,http://snomed.info/id/442790008,http://ncicb.nci.nih.gov/xml/owl/EVS/Thesaurus.owl+ACM-C78322,1
2838,http://snomed.info/id/386953003,http://ncicb.nci.nih.gov/xml/owl/EVS/Thesaurus.owl+ACM-C1327,1
2839,http://snomed.info/id/108981004,http://ncicb.nci.nih.gov/xml/owl/EVS/Thesaurus.owl+ACM-C1327,1
2840,http://snomed.info/id/442849001,http://ncicb.nci.nih.gov/xml/owl/EVS/Thesaurus.owl+ACM-C29710,1
2841,http://snomed.info/id/442910003,http://ncicb.nci.nih.gov/xml/owl/EVS/Thesaurus.owl+ACM-C29710,1
2842,http://snomed.info/id/387069000,http://ncicb.nci.nih.gov/xml/owl/EVS/Thesaurus.owl+ACM-C66930,1
2843,http://snomed.info/id/129487008,http://ncicb.nci.nih.gov/xml/owl/EVS/Thesaurus.owl+ACM-C66930,1
2844,http://snomed.info/id/324820003,http://ncicb.nci.nih.gov/xml/owl/EVS/Thesaurus.owl+ACM-C1556,1
2845,http://snomed.info/id/96098007,http://ncicb.nci.nih.gov/xml/owl/EVS/Thesaurus.owl+ACM-C281,1
2846,http://snomed.info/id/441743008,http://ncicb.nci.nih.gov/xml/owl/EVS/Thesaurus.owl+ACM-C1637,1
2847,http://snomed.info/id/441610003,http://ncicb.nci.nih.gov/xml/owl/EVS/Thesaurus.owl+ACM-C921,1
2848,http://snomed.info/id/346628003,http://ncicb.nci.nih.gov/xml/owl/EVS/Thesaurus.owl+ACM-C1558,1
2849,http://snomed.info/id/116104009,http://ncicb.nci.nih.gov/xml/owl/EVS/Thesaurus.owl+ACM-C29756,1
2850,http://snomed.info/id/387012004,http://ncicb.nci.nih.gov/xml/owl/EVS/Thesaurus.owl+ACM-C29756,1
2851,http://snomed.info/id/385558007,http://ncicb.nci.nih.gov/xml/owl/EVS/Thesaurus.owl+ACM-C28313,1
2852,http://snomed.info/id/385559004,http://ncicb.nci.nih.gov/xml/owl/EVS/Thesaurus.owl+ACM-C28313,1
2853,http://snomed.info/id/129510001,http://ncicb.nci.nih.gov/xml/owl/EVS/Thesaurus.owl+ACM-C1446,1
2854,http://snomed.info/id/710295008,http://ncicb.nci.nih.gov/xml/owl/EVS/Thesaurus.owl+ACM-C582,1
2855,http://snomed.info/id/116065005,http://ncicb.nci.nih.gov/xml/owl/EVS/Thesaurus.owl+ACM-C1327,1
2856,http://snomed.info/id/386998009,http://ncicb.nci.nih.gov/xml/owl/EVS/Thesaurus.owl+ACM-C1327,1
2857,http://snomed.info/id/395864005,http://ncicb.nci.nih.gov/xml/owl/EVS/Thesaurus.owl+ACM-C263,1
2858,http://snomed.info/id/326066005,http://ncicb.nci.nih.gov/xml/owl/EVS/Thesaurus.owl+ACM-C29710,1
2859,http://snomed.info/id/395850005,http://ncicb.nci.nih.gov/xml/owl/EVS/Thesaurus.owl+ACM-C29710,1
2860,http://snomed.info/id/735136009,http://ncicb.nci.nih.gov/xml/owl/EVS/Thesaurus.owl+ACM-C73539,1
2861,http://snomed.info/id/421692002,http://ncicb.nci.nih.gov/xml/owl/EVS/Thesaurus.owl+ACM-C47793,1
2862,http://snomed.info/id/421228002,http://ncicb.nci.nih.gov/xml/owl/EVS/Thesaurus.owl+ACM-C47793,1
2863,http://snomed.info/id/395926009,http://ncicb.nci.nih.gov/xml/owl/EVS/Thesaurus.owl+ACM-C67439,1
2864,http://snomed.info/id/134600006,http://ncicb.nci.nih.gov/xml/owl/EVS/Thesaurus.owl+ACM-C2136,1
2865,http://snomed.info/id/423007005,http://ncicb.nci.nih.gov/xml/owl/EVS/Thesaurus.owl+ACM-C851,1
2866,http://snomed.info/id/69296007,http://ncicb.nci.nih.gov/xml/owl/EVS/Thesaurus.owl+ACM-C851,1
2867,http://snomed.info/id/734645001,http://ncicb.nci.nih.gov/xml/owl/EVS/Thesaurus.owl+ACM-C776,1
2868,http://snomed.info/id/425496004,http://ncicb.nci.nih.gov/xml/owl/EVS/Thesaurus.owl+ACM-C921,1
2869,http://snomed.info/id/395867003,http://ncicb.nci.nih.gov/xml/owl/EVS/Thesaurus.owl+ACM-C2124,1
2870,http://snomed.info/id/395866007,http://ncicb.nci.nih.gov/xml/owl/EVS/Thesaurus.owl+ACM-C2199,1
2871,http://snomed.info/id/724003008,http://ncicb.nci.nih.gov/xml/owl/EVS/Thesaurus.owl+ACM-C1557,1
2872,http://snomed.info/id/412305001,http://ncicb.nci.nih.gov/xml/owl/EVS/Thesaurus.owl+ACM-C1970,1
2873,http://snomed.info/id/72387009,http://ncicb.nci.nih.gov/xml/owl/EVS/Thesaurus.owl+ACM-C29575,1
2874,http://snomed.info/id/108716007,http://ncicb.nci.nih.gov/xml/owl/EVS/Thesaurus.owl+ACM-C2088,1
2875,http://snomed.info/id/391756001,http://ncicb.nci.nih.gov/xml/owl/EVS/Thesaurus.owl+ACM-C28394,1
2876,http://snomed.info/id/87148003,http://ncicb.nci.nih.gov/xml/owl/EVS/Thesaurus.owl+ACM-C47795,1
2877,http://snomed.info/id/7816005,http://ncicb.nci.nih.gov/xml/owl/EVS/Thesaurus.owl+ACM-C29578,1
2878,http://snomed.info/id/331143003,http://ncicb.nci.nih.gov/xml/owl/EVS/Thesaurus.owl+ACM-C257,1
2879,http://snomed.info/id/322052003,http://ncicb.nci.nih.gov/xml/owl/EVS/Thesaurus.owl+ACM-C29707,1
2880,http://snomed.info/id/391841000,http://ncicb.nci.nih.gov/xml/owl/EVS/Thesaurus.owl+ACM-C1505,1
2881,http://snomed.info/id/391845009,http://ncicb.nci.nih.gov/xml/owl/EVS/Thesaurus.owl+ACM-C270,1
2882,http://snomed.info/id/387027004,http://ncicb.nci.nih.gov/xml/owl/EVS/Thesaurus.owl+ACM-C94727,1
2883,http://snomed.info/id/109111003,http://ncicb.nci.nih.gov/xml/owl/EVS/Thesaurus.owl+ACM-C29701,1
2884,http://snomed.info/id/108515008,http://ncicb.nci.nih.gov/xml/owl/EVS/Thesaurus.owl+ACM-C1323,1
2885,http://snomed.info/id/37765000,http://ncicb.nci.nih.gov/xml/owl/EVS/Thesaurus.owl+ACM-C47795,1
2886,http://snomed.info/id/116528004,http://ncicb.nci.nih.gov/xml/owl/EVS/Thesaurus.owl+ACM-C29699,1
2887,http://snomed.info/id/418966002,http://ncicb.nci.nih.gov/xml/owl/EVS/Thesaurus.owl+ACM-C29699,1
2888,http://snomed.info/id/84748003,http://ncicb.nci.nih.gov/xml/owl/EVS/Thesaurus.owl+ACM-C47795,1
2889,http://snomed.info/id/12290003,http://ncicb.nci.nih.gov/xml/owl/EVS/Thesaurus.owl+ACM-C784,1
2890,http://snomed.info/id/734509005,http://ncicb.nci.nih.gov/xml/owl/EVS/Thesaurus.owl+ACM-C333,1
2891,http://snomed.info/id/23814005,http://ncicb.nci.nih.gov/xml/owl/EVS/Thesaurus.owl+ACM-C270,1
2892,http://snomed.info/id/28662003,http://ncicb.nci.nih.gov/xml/owl/EVS/Thesaurus.owl+ACM-C270,1
2893,http://snomed.info/id/29301006,http://ncicb.nci.nih.gov/xml/owl/EVS/Thesaurus.owl+ACM-C319,1
2894,http://snomed.info/id/49602000,http://ncicb.nci.nih.gov/xml/owl/EVS/Thesaurus.owl+ACM-C319,1
2895,http://snomed.info/id/3501003,http://ncicb.nci.nih.gov/xml/owl/EVS/Thesaurus.owl+ACM-C29707,1
2896,http://snomed.info/id/387243002,http://ncicb.nci.nih.gov/xml/owl/EVS/Thesaurus.owl+ACM-C29578,1
2897,http://snomed.info/id/31799007,http://ncicb.nci.nih.gov/xml/owl/EVS/Thesaurus.owl+ACM-C47795,1
2898,http://snomed.info/id/108375002,http://ncicb.nci.nih.gov/xml/owl/EVS/Thesaurus.owl+ACM-C67413,1
2899,http://snomed.info/id/3941003,http://ncicb.nci.nih.gov/xml/owl/EVS/Thesaurus.owl+ACM-C784,1
2900,http://snomed.info/id/55124001,http://ncicb.nci.nih.gov/xml/owl/EVS/Thesaurus.owl+ACM-C29710,1
2901,http://snomed.info/id/387024006,http://ncicb.nci.nih.gov/xml/owl/EVS/Thesaurus.owl+ACM-C67413,1
2902,http://snomed.info/id/69899006,http://ncicb.nci.nih.gov/xml/owl/EVS/Thesaurus.owl+ACM-C1506,1
2903,http://snomed.info/id/387062009,http://ncicb.nci.nih.gov/xml/owl/EVS/Thesaurus.owl+ACM-C29747,1
2904,http://snomed.info/id/1536005,http://ncicb.nci.nih.gov/xml/owl/EVS/Thesaurus.owl+ACM-C270,1
2905,http://snomed.info/id/386865000,http://ncicb.nci.nih.gov/xml/owl/EVS/Thesaurus.owl+ACM-C47793,1
2906,http://snomed.info/id/76898000,http://ncicb.nci.nih.gov/xml/owl/EVS/Thesaurus.owl+ACM-C67084,1
2907,http://snomed.info/id/65088001,http://ncicb.nci.nih.gov/xml/owl/EVS/Thesaurus.owl+ACM-C29576,1
2908,http://snomed.info/id/54141007,http://ncicb.nci.nih.gov/xml/owl/EVS/Thesaurus.owl+ACM-C73913,1
2909,http://snomed.info/id/768376000,http://ncicb.nci.nih.gov/xml/owl/EVS/Thesaurus.owl+ACM-C73913,1
2910,http://snomed.info/id/36516003,http://ncicb.nci.nih.gov/xml/owl/EVS/Thesaurus.owl+ACM-C29578,1
2911,http://snomed.info/id/387363006,http://ncicb.nci.nih.gov/xml/owl/EVS/Thesaurus.owl+ACM-C277,1
2912,http://snomed.info/id/108713004,http://ncicb.nci.nih.gov/xml/owl/EVS/Thesaurus.owl+ACM-C281,1
2913,http://snomed.info/id/108867000,http://ncicb.nci.nih.gov/xml/owl/EVS/Thesaurus.owl+ACM-C29739,1
2914,http://snomed.info/id/96186004,http://ncicb.nci.nih.gov/xml/owl/EVS/Thesaurus.owl+ACM-C67413,1
2915,http://snomed.info/id/25141001,http://ncicb.nci.nih.gov/xml/owl/EVS/Thesaurus.owl+ACM-C29696,1
2916,http://snomed.info/id/108788001,http://ncicb.nci.nih.gov/xml/owl/EVS/Thesaurus.owl+ACM-C1594,1
2917,http://snomed.info/id/734464004,http://ncicb.nci.nih.gov/xml/owl/EVS/Thesaurus.owl+ACM-C783,1
2918,http://snomed.info/id/412243001,http://ncicb.nci.nih.gov/xml/owl/EVS/Thesaurus.owl+ACM-C271,1
2919,http://snomed.info/id/76587005,http://ncicb.nci.nih.gov/xml/owl/EVS/Thesaurus.owl+ACM-C29575,1
2920,http://snomed.info/id/108709006,http://ncicb.nci.nih.gov/xml/owl/EVS/Thesaurus.owl+ACM-C471,1
2921,http://snomed.info/id/372531002,http://ncicb.nci.nih.gov/xml/owl/EVS/Thesaurus.owl+ACM-C281,1
2922,http://snomed.info/id/360253007,http://ncicb.nci.nih.gov/xml/owl/EVS/Thesaurus.owl+ACM-C78273,1
2923,http://snomed.info/id/428787002,http://ncicb.nci.nih.gov/xml/owl/EVS/Thesaurus.owl+ACM-C606,1
2924,http://snomed.info/id/763878009,http://ncicb.nci.nih.gov/xml/owl/EVS/Thesaurus.owl+ACM-C606,1
2925,http://snomed.info/id/735079009,http://ncicb.nci.nih.gov/xml/owl/EVS/Thesaurus.owl+ACM-C28394,1
2926,http://snomed.info/id/117150003,http://ncicb.nci.nih.gov/xml/owl/EVS/Thesaurus.owl+ACM-C47793,1
2927,http://snomed.info/id/420804003,http://ncicb.nci.nih.gov/xml/owl/EVS/Thesaurus.owl+ACM-C1509,1
2928,http://snomed.info/id/391698009,http://ncicb.nci.nih.gov/xml/owl/EVS/Thesaurus.owl+ACM-C1509,1
2929,http://snomed.info/id/136501000146105,http://ncicb.nci.nih.gov/xml/owl/EVS/Thesaurus.owl+ACM-C257,1
2930,http://snomed.info/id/386908000,http://ncicb.nci.nih.gov/xml/owl/EVS/Thesaurus.owl+ACM-C146993,1
2931,http://snomed.info/id/108766001,http://ncicb.nci.nih.gov/xml/owl/EVS/Thesaurus.owl+ACM-C146993,1
2932,http://snomed.info/id/426050007,http://ncicb.nci.nih.gov/xml/owl/EVS/Thesaurus.owl+ACM-C443,1
2933,http://snomed.info/id/108688007,http://ncicb.nci.nih.gov/xml/owl/EVS/Thesaurus.owl+ACM-C281,1
2934,http://snomed.info/id/386894007,http://ncicb.nci.nih.gov/xml/owl/EVS/Thesaurus.owl+ACM-C29575,1
2935,http://snomed.info/id/421651006,http://ncicb.nci.nih.gov/xml/owl/EVS/Thesaurus.owl+ACM-C333,1
2936,http://snomed.info/id/319318006,http://ncicb.nci.nih.gov/xml/owl/EVS/Thesaurus.owl+ACM-C333,1
2937,http://snomed.info/id/108601004,http://ncicb.nci.nih.gov/xml/owl/EVS/Thesaurus.owl+ACM-C1655,1
2938,http://snomed.info/id/108600003,http://ncicb.nci.nih.gov/xml/owl/EVS/Thesaurus.owl+ACM-C1655,1
2939,http://snomed.info/id/373444002,http://ncicb.nci.nih.gov/xml/owl/EVS/Thesaurus.owl+ACM-C1655,1
2940,http://snomed.info/id/703835006,http://ncicb.nci.nih.gov/xml/owl/EVS/Thesaurus.owl+ACM-C257,1
2941,http://snomed.info/id/108701009,http://ncicb.nci.nih.gov/xml/owl/EVS/Thesaurus.owl+ACM-C97366,1
2942,http://snomed.info/id/108700005,http://ncicb.nci.nih.gov/xml/owl/EVS/Thesaurus.owl+ACM-C97366,1
2943,http://snomed.info/id/372530001,http://ncicb.nci.nih.gov/xml/owl/EVS/Thesaurus.owl+ACM-C97366,1
2944,http://snomed.info/id/396044005,http://ncicb.nci.nih.gov/xml/owl/EVS/Thesaurus.owl+ACM-C66930,1
2945,http://snomed.info/id/318990002,http://ncicb.nci.nih.gov/xml/owl/EVS/Thesaurus.owl+ACM-C66930,1
2946,http://snomed.info/id/370400001,http://ncicb.nci.nih.gov/xml/owl/EVS/Thesaurus.owl+ACM-C357,1
2947,http://snomed.info/id/708598002,http://ncicb.nci.nih.gov/xml/owl/EVS/Thesaurus.owl+ACM-C357,1
2948,http://snomed.info/id/108710001,http://ncicb.nci.nih.gov/xml/owl/EVS/Thesaurus.owl+ACM-C97453,1
2949,http://snomed.info/id/386155009,http://ncicb.nci.nih.gov/xml/owl/EVS/Thesaurus.owl+ACM-C97453,1
2950,http://snomed.info/id/386877005,http://ncicb.nci.nih.gov/xml/owl/EVS/Thesaurus.owl+ACM-C66930,1
2951,http://snomed.info/id/108585000,http://ncicb.nci.nih.gov/xml/owl/EVS/Thesaurus.owl+ACM-C66930,1
2952,http://snomed.info/id/108906007,http://ncicb.nci.nih.gov/xml/owl/EVS/Thesaurus.owl+ACM-C804,1
2953,http://snomed.info/id/386935009,http://ncicb.nci.nih.gov/xml/owl/EVS/Thesaurus.owl+ACM-C804,1
2954,http://snomed.info/id/326053005,http://ncicb.nci.nih.gov/xml/owl/EVS/Thesaurus.owl+ACM-C1934,1
2955,http://snomed.info/id/395869000,http://ncicb.nci.nih.gov/xml/owl/EVS/Thesaurus.owl+ACM-C1934,1
2956,http://snomed.info/id/126075009,http://ncicb.nci.nih.gov/xml/owl/EVS/Thesaurus.owl+ACM-C47795,1
2957,http://snomed.info/id/108755008,http://ncicb.nci.nih.gov/xml/owl/EVS/Thesaurus.owl+ACM-C308,1
2958,http://snomed.info/id/108774000,http://ncicb.nci.nih.gov/xml/owl/EVS/Thesaurus.owl+ACM-C2018,1
2959,http://snomed.info/id/386910003,http://ncicb.nci.nih.gov/xml/owl/EVS/Thesaurus.owl+ACM-C2018,1
2960,http://snomed.info/id/412078005,http://ncicb.nci.nih.gov/xml/owl/EVS/Thesaurus.owl+ACM-C94726,1
2961,http://snomed.info/id/116509006,http://ncicb.nci.nih.gov/xml/owl/EVS/Thesaurus.owl+ACM-C94726,1
2962,http://snomed.info/id/409148009,http://ncicb.nci.nih.gov/xml/owl/EVS/Thesaurus.owl+ACM-C94726,1
2963,http://snomed.info/id/108693005,http://ncicb.nci.nih.gov/xml/owl/EVS/Thesaurus.owl+ACM-C97366,1
2964,http://snomed.info/id/386896009,http://ncicb.nci.nih.gov/xml/owl/EVS/Thesaurus.owl+ACM-C97366,1
2965,http://snomed.info/id/108868005,http://ncicb.nci.nih.gov/xml/owl/EVS/Thesaurus.owl+ACM-C281,1
2966,http://snomed.info/id/373730007,http://ncicb.nci.nih.gov/xml/owl/EVS/Thesaurus.owl+ACM-C1291,1
2967,http://snomed.info/id/372522002,http://ncicb.nci.nih.gov/xml/owl/EVS/Thesaurus.owl+ACM-C29578,1
2968,http://snomed.info/id/108650005,http://ncicb.nci.nih.gov/xml/owl/EVS/Thesaurus.owl+ACM-C29578,1
2969,http://snomed.info/id/363573000,http://ncicb.nci.nih.gov/xml/owl/EVS/Thesaurus.owl+ACM-C47794,1
2970,http://snomed.info/id/108411001,http://ncicb.nci.nih.gov/xml/owl/EVS/Thesaurus.owl+ACM-C47794,1
2971,http://snomed.info/id/438240001,http://ncicb.nci.nih.gov/xml/owl/EVS/Thesaurus.owl+ACM-C797,1
2972,http://snomed.info/id/439581000,http://ncicb.nci.nih.gov/xml/owl/EVS/Thesaurus.owl+ACM-C257,1
2973,http://snomed.info/id/398902008,http://ncicb.nci.nih.gov/xml/owl/EVS/Thesaurus.owl+ACM-C1660,1
2974,http://snomed.info/id/406785006,http://ncicb.nci.nih.gov/xml/owl/EVS/Thesaurus.owl+ACM-C29710,1
2975,http://snomed.info/id/406784005,http://ncicb.nci.nih.gov/xml/owl/EVS/Thesaurus.owl+ACM-C29710,1
2976,http://snomed.info/id/703249005,http://ncicb.nci.nih.gov/xml/owl/EVS/Thesaurus.owl+ACM-C1891,1
2977,http://snomed.info/id/703737005,http://ncicb.nci.nih.gov/xml/owl/EVS/Thesaurus.owl+ACM-C1891,1
2978,http://snomed.info/id/84103009,http://ncicb.nci.nih.gov/xml/owl/EVS/Thesaurus.owl+ACM-C28394,1
2979,http://snomed.info/id/424614001,http://ncicb.nci.nih.gov/xml/owl/EVS/Thesaurus.owl+ACM-C28394,1
2980,http://snomed.info/id/67639003,http://ncicb.nci.nih.gov/xml/owl/EVS/Thesaurus.owl+ACM-C29756,1
2981,http://snomed.info/id/2100004,http://ncicb.nci.nih.gov/xml/owl/EVS/Thesaurus.owl+ACM-C29756,1
2982,http://snomed.info/id/24721007,http://ncicb.nci.nih.gov/xml/owl/EVS/Thesaurus.owl+ACM-C28394,1
2983,http://snomed.info/id/38914001,http://ncicb.nci.nih.gov/xml/owl/EVS/Thesaurus.owl+ACM-C28394,1
2984,http://snomed.info/id/37078005,http://ncicb.nci.nih.gov/xml/owl/EVS/Thesaurus.owl+ACM-C28394,1
2985,http://snomed.info/id/255870008,http://ncicb.nci.nih.gov/xml/owl/EVS/Thesaurus.owl+ACM-C1697,1
2986,http://snomed.info/id/10313008,http://ncicb.nci.nih.gov/xml/owl/EVS/Thesaurus.owl+ACM-C1697,1
2987,http://snomed.info/id/33307008,http://ncicb.nci.nih.gov/xml/owl/EVS/Thesaurus.owl+ACM-C28394,1
2988,http://snomed.info/id/34113002,http://ncicb.nci.nih.gov/xml/owl/EVS/Thesaurus.owl+ACM-C2166,1
2989,http://snomed.info/id/46514003,http://ncicb.nci.nih.gov/xml/owl/EVS/Thesaurus.owl+ACM-C255,1
2990,http://snomed.info/id/85633006,http://ncicb.nci.nih.gov/xml/owl/EVS/Thesaurus.owl+ACM-C29739,1
2991,http://snomed.info/id/53577004,http://ncicb.nci.nih.gov/xml/owl/EVS/Thesaurus.owl+ACM-C28394,1
2992,http://snomed.info/id/18832006,http://ncicb.nci.nih.gov/xml/owl/EVS/Thesaurus.owl+ACM-C514,1
2993,http://snomed.info/id/2958003,http://ncicb.nci.nih.gov/xml/owl/EVS/Thesaurus.owl+ACM-C737,1
2994,http://snomed.info/id/88325003,http://ncicb.nci.nih.gov/xml/owl/EVS/Thesaurus.owl+ACM-C514,1
2995,http://snomed.info/id/89335002,http://ncicb.nci.nih.gov/xml/owl/EVS/Thesaurus.owl+ACM-C514,1
2996,http://snomed.info/id/75815006,http://ncicb.nci.nih.gov/xml/owl/EVS/Thesaurus.owl+ACM-C514,1
2997,http://snomed.info/id/89326009,http://ncicb.nci.nih.gov/xml/owl/EVS/Thesaurus.owl+ACM-C849,1
2998,http://snomed.info/id/14507006,http://ncicb.nci.nih.gov/xml/owl/EVS/Thesaurus.owl+ACM-C277,1
2999,http://snomed.info/id/83702003,http://ncicb.nci.nih.gov/xml/owl/EVS/Thesaurus.owl+ACM-C277,1
3000,http://snomed.info/id/86955008,http://ncicb.nci.nih.gov/xml/owl/EVS/Thesaurus.owl+ACM-C277,1
3001,http://snomed.info/id/49724009,http://ncicb.nci.nih.gov/xml/owl/EVS/Thesaurus.owl+ACM-C250,1
3002,http://snomed.info/id/14796007,http://ncicb.nci.nih.gov/xml/owl/EVS/Thesaurus.owl+ACM-C47795,1
3003,http://snomed.info/id/85242006,http://ncicb.nci.nih.gov/xml/owl/EVS/Thesaurus.owl+ACM-C47795,1
3004,http://snomed.info/id/60682004,http://ncicb.nci.nih.gov/xml/owl/EVS/Thesaurus.owl+ACM-C47796,1
3005,http://snomed.info/id/387339003,http://ncicb.nci.nih.gov/xml/owl/EVS/Thesaurus.owl+ACM-C47796,1
3006,http://snomed.info/id/20468007,http://ncicb.nci.nih.gov/xml/owl/EVS/Thesaurus.owl+ACM-C66880,1
3007,http://snomed.info/id/398755007,http://ncicb.nci.nih.gov/xml/owl/EVS/Thesaurus.owl+ACM-C66880,1
3008,http://snomed.info/id/43541002,http://ncicb.nci.nih.gov/xml/owl/EVS/Thesaurus.owl+ACM-C66880,1
3009,http://snomed.info/id/41091001,http://ncicb.nci.nih.gov/xml/owl/EVS/Thesaurus.owl+ACM-C29710,1
3010,http://snomed.info/id/27656005,http://ncicb.nci.nih.gov/xml/owl/EVS/Thesaurus.owl+ACM-C78322,1
3011,http://snomed.info/id/7509000,http://ncicb.nci.nih.gov/xml/owl/EVS/Thesaurus.owl+ACM-C29707,1
3012,http://snomed.info/id/41903005,http://ncicb.nci.nih.gov/xml/owl/EVS/Thesaurus.owl+ACM-C47795,1
3013,http://snomed.info/id/14409006,http://ncicb.nci.nih.gov/xml/owl/EVS/Thesaurus.owl+ACM-C241,1
3014,http://snomed.info/id/16748005,http://ncicb.nci.nih.gov/xml/owl/EVS/Thesaurus.owl+ACM-C29578,1
3015,http://snomed.info/id/419402000,http://ncicb.nci.nih.gov/xml/owl/EVS/Thesaurus.owl+ACM-C29756,1
3016,http://snomed.info/id/78552001,http://ncicb.nci.nih.gov/xml/owl/EVS/Thesaurus.owl+ACM-C29756,1
3017,http://snomed.info/id/89612008,http://ncicb.nci.nih.gov/xml/owl/EVS/Thesaurus.owl+ACM-C29756,1
3018,http://snomed.info/id/76190009,http://ncicb.nci.nih.gov/xml/owl/EVS/Thesaurus.owl+ACM-C67084,1
3019,http://snomed.info/id/89184004,http://ncicb.nci.nih.gov/xml/owl/EVS/Thesaurus.owl+ACM-C67084,1
3020,http://snomed.info/id/4025009,http://ncicb.nci.nih.gov/xml/owl/EVS/Thesaurus.owl+ACM-C28197,1
3021,http://snomed.info/id/88543003,http://ncicb.nci.nih.gov/xml/owl/EVS/Thesaurus.owl+ACM-C29710,1
3022,http://snomed.info/id/32083005,http://ncicb.nci.nih.gov/xml/owl/EVS/Thesaurus.owl+ACM-C29696,1
3023,http://snomed.info/id/16125005,http://ncicb.nci.nih.gov/xml/owl/EVS/Thesaurus.owl+ACM-C29696,1
3024,http://snomed.info/id/14645000,http://ncicb.nci.nih.gov/xml/owl/EVS/Thesaurus.owl+ACM-C28394,1
3025,http://snomed.info/id/12716009,http://ncicb.nci.nih.gov/xml/owl/EVS/Thesaurus.owl+ACM-C45678,1
3026,http://snomed.info/id/111143009,http://ncicb.nci.nih.gov/xml/owl/EVS/Thesaurus.owl+ACM-C1907,1
3027,http://snomed.info/id/55540005,http://ncicb.nci.nih.gov/xml/owl/EVS/Thesaurus.owl+ACM-C45678,1
3028,http://snomed.info/id/54508000,http://ncicb.nci.nih.gov/xml/owl/EVS/Thesaurus.owl+ACM-C1505,1
3029,http://snomed.info/id/89219006,http://ncicb.nci.nih.gov/xml/owl/EVS/Thesaurus.owl+ACM-C29730,1
3030,http://snomed.info/id/424654004,http://ncicb.nci.nih.gov/xml/owl/EVS/Thesaurus.owl+ACM-C29730,1
3031,http://snomed.info/id/80253002,http://ncicb.nci.nih.gov/xml/owl/EVS/Thesaurus.owl+ACM-C448,1
3032,http://snomed.info/id/39263003,http://ncicb.nci.nih.gov/xml/owl/EVS/Thesaurus.owl+ACM-C448,1
3033,http://snomed.info/id/6513000,http://ncicb.nci.nih.gov/xml/owl/EVS/Thesaurus.owl+ACM-C29577,1
3034,http://snomed.info/id/63676001,http://ncicb.nci.nih.gov/xml/owl/EVS/Thesaurus.owl+ACM-C231,1
3035,http://snomed.info/id/63383003,http://ncicb.nci.nih.gov/xml/owl/EVS/Thesaurus.owl+ACM-C45678,1
3036,http://snomed.info/id/72003002,http://ncicb.nci.nih.gov/xml/owl/EVS/Thesaurus.owl+ACM-C29700,1
3037,http://snomed.info/id/111115000,http://ncicb.nci.nih.gov/xml/owl/EVS/Thesaurus.owl+ACM-C79688,1
3038,http://snomed.info/id/36235004,http://ncicb.nci.nih.gov/xml/owl/EVS/Thesaurus.owl+ACM-C79688,1
3039,http://snomed.info/id/411375003,http://ncicb.nci.nih.gov/xml/owl/EVS/Thesaurus.owl+ACM-C79688,1
3040,http://snomed.info/id/73553009,http://ncicb.nci.nih.gov/xml/owl/EVS/Thesaurus.owl+ACM-C66892,1
3041,http://snomed.info/id/21961001,http://ncicb.nci.nih.gov/xml/owl/EVS/Thesaurus.owl+ACM-C79688,1
3042,http://snomed.info/id/75175002,http://ncicb.nci.nih.gov/xml/owl/EVS/Thesaurus.owl+ACM-C79688,1
3043,http://snomed.info/id/15623007,http://ncicb.nci.nih.gov/xml/owl/EVS/Thesaurus.owl+ACM-C66892,1
3044,http://snomed.info/id/53405009,http://ncicb.nci.nih.gov/xml/owl/EVS/Thesaurus.owl+ACM-C29578,1
3045,http://snomed.info/id/26191006,http://ncicb.nci.nih.gov/xml/owl/EVS/Thesaurus.owl+ACM-C29578,1
3046,http://snomed.info/id/19499001,http://ncicb.nci.nih.gov/xml/owl/EVS/Thesaurus.owl+ACM-C29578,1
3047,http://snomed.info/id/1956002,http://ncicb.nci.nih.gov/xml/owl/EVS/Thesaurus.owl+ACM-C29578,1
3048,http://snomed.info/id/37978007,http://ncicb.nci.nih.gov/xml/owl/EVS/Thesaurus.owl+ACM-C255,1
3049,http://snomed.info/id/372702004,http://ncicb.nci.nih.gov/xml/owl/EVS/Thesaurus.owl+ACM-C257,1
3050,http://snomed.info/id/32960005,http://ncicb.nci.nih.gov/xml/owl/EVS/Thesaurus.owl+ACM-C257,1
3051,http://snomed.info/id/25486007,http://ncicb.nci.nih.gov/xml/owl/EVS/Thesaurus.owl+ACM-C257,1
3052,http://snomed.info/id/786423008,http://ncicb.nci.nih.gov/xml/owl/EVS/Thesaurus.owl+ACM-C257,1
3053,http://snomed.info/id/1476002,http://ncicb.nci.nih.gov/xml/owl/EVS/Thesaurus.owl+ACM-C1657,1
3054,http://snomed.info/id/4780009,http://ncicb.nci.nih.gov/xml/owl/EVS/Thesaurus.owl+ACM-C67084,1
3055,http://snomed.info/id/66639008,http://ncicb.nci.nih.gov/xml/owl/EVS/Thesaurus.owl+ACM-C67084,1
3056,http://snomed.info/id/4203009,http://ncicb.nci.nih.gov/xml/owl/EVS/Thesaurus.owl+ACM-C94727,1
3057,http://snomed.info/id/89772006,http://ncicb.nci.nih.gov/xml/owl/EVS/Thesaurus.owl+ACM-C667,1
3058,http://snomed.info/id/47176005,http://ncicb.nci.nih.gov/xml/owl/EVS/Thesaurus.owl+ACM-C29578,1
3059,http://snomed.info/id/6992002,http://ncicb.nci.nih.gov/xml/owl/EVS/Thesaurus.owl+ACM-C29710,1
3060,http://snomed.info/id/67029008,http://ncicb.nci.nih.gov/xml/owl/EVS/Thesaurus.owl+ACM-C29710,1
3061,http://snomed.info/id/50754002,http://ncicb.nci.nih.gov/xml/owl/EVS/Thesaurus.owl+ACM-C29710,1
3062,http://snomed.info/id/25538002,http://ncicb.nci.nih.gov/xml/owl/EVS/Thesaurus.owl+ACM-C29710,1
3063,http://snomed.info/id/1971003,http://ncicb.nci.nih.gov/xml/owl/EVS/Thesaurus.owl+ACM-C66883,1
3064,http://snomed.info/id/10020007,http://ncicb.nci.nih.gov/xml/owl/EVS/Thesaurus.owl+ACM-C38149,1
3065,http://snomed.info/id/36380001,http://ncicb.nci.nih.gov/xml/owl/EVS/Thesaurus.owl+ACM-C29698,1
3066,http://snomed.info/id/387327006,http://ncicb.nci.nih.gov/xml/owl/EVS/Thesaurus.owl+ACM-C29747,1
3067,http://snomed.info/id/76525000,http://ncicb.nci.nih.gov/xml/owl/EVS/Thesaurus.owl+ACM-C87053,1
3068,http://snomed.info/id/45940009,http://ncicb.nci.nih.gov/xml/owl/EVS/Thesaurus.owl+ACM-C221,1
3069,http://snomed.info/id/111131008,http://ncicb.nci.nih.gov/xml/owl/EVS/Thesaurus.owl+ACM-C221,1
3070,http://snomed.info/id/91594002,http://ncicb.nci.nih.gov/xml/owl/EVS/Thesaurus.owl+ACM-C67084,1
3071,http://snomed.info/id/21239003,http://ncicb.nci.nih.gov/xml/owl/EVS/Thesaurus.owl+ACM-C344,1
3072,http://snomed.info/id/43728004,http://ncicb.nci.nih.gov/xml/owl/EVS/Thesaurus.owl+ACM-C344,1
3073,http://snomed.info/id/47413004,http://ncicb.nci.nih.gov/xml/owl/EVS/Thesaurus.owl+ACM-C1505,1
3074,http://snomed.info/id/8252004,http://ncicb.nci.nih.gov/xml/owl/EVS/Thesaurus.owl+ACM-C49185,1
3075,http://snomed.info/id/60018006,http://ncicb.nci.nih.gov/xml/owl/EVS/Thesaurus.owl+ACM-C744,1
3076,http://snomed.info/id/14013006,http://ncicb.nci.nih.gov/xml/owl/EVS/Thesaurus.owl+ACM-C270,1
3077,http://snomed.info/id/2991007,http://ncicb.nci.nih.gov/xml/owl/EVS/Thesaurus.owl+ACM-C66886,1
3078,http://snomed.info/id/21566004,http://ncicb.nci.nih.gov/xml/owl/EVS/Thesaurus.owl+ACM-C66884,1
3079,http://snomed.info/id/82485006,http://ncicb.nci.nih.gov/xml/owl/EVS/Thesaurus.owl+ACM-C66886,1
3080,http://snomed.info/id/29783009,http://ncicb.nci.nih.gov/xml/owl/EVS/Thesaurus.owl+ACM-C29698,1
3081,http://snomed.info/id/34198005,http://ncicb.nci.nih.gov/xml/owl/EVS/Thesaurus.owl+ACM-C45597,1
3082,http://snomed.info/id/28029005,http://ncicb.nci.nih.gov/xml/owl/EVS/Thesaurus.owl+ACM-C319,1
3083,http://snomed.info/id/83051006,http://ncicb.nci.nih.gov/xml/owl/EVS/Thesaurus.owl+ACM-C29702,1
3084,http://snomed.info/id/38909000,http://ncicb.nci.nih.gov/xml/owl/EVS/Thesaurus.owl+ACM-C78276,1
3085,http://snomed.info/id/14585001,http://ncicb.nci.nih.gov/xml/owl/EVS/Thesaurus.owl+ACM-C66883,1
3086,http://snomed.info/id/89401004,http://ncicb.nci.nih.gov/xml/owl/EVS/Thesaurus.owl+ACM-C29767,1
3087,http://snomed.info/id/47408003,http://ncicb.nci.nih.gov/xml/owl/EVS/Thesaurus.owl+ACM-C514,1
3088,http://snomed.info/id/407319003,http://ncicb.nci.nih.gov/xml/owl/EVS/Thesaurus.owl+ACM-C737,1
3089,http://snomed.info/id/772931004,http://ncicb.nci.nih.gov/xml/owl/EVS/Thesaurus.owl+ACM-C521,1
3090,http://snomed.info/id/7924004,http://ncicb.nci.nih.gov/xml/owl/EVS/Thesaurus.owl+ACM-C521,1
3091,http://snomed.info/id/29622009,http://ncicb.nci.nih.gov/xml/owl/EVS/Thesaurus.owl+ACM-C851,1
3092,http://snomed.info/id/73126000,http://ncicb.nci.nih.gov/xml/owl/EVS/Thesaurus.owl+ACM-C851,1
3093,http://snomed.info/id/11633008,http://ncicb.nci.nih.gov/xml/owl/EVS/Thesaurus.owl+ACM-C29577,1
3094,http://snomed.info/id/72469007,http://ncicb.nci.nih.gov/xml/owl/EVS/Thesaurus.owl+ACM-C448,1
3095,http://snomed.info/id/126187000,http://ncicb.nci.nih.gov/xml/owl/EVS/Thesaurus.owl+ACM-C2348,1
3096,http://snomed.info/id/86389004,http://ncicb.nci.nih.gov/xml/owl/EVS/Thesaurus.owl+ACM-C1505,1
3097,http://snomed.info/id/126080000,http://ncicb.nci.nih.gov/xml/owl/EVS/Thesaurus.owl+ACM-C1505,1
3098,http://snomed.info/id/28823005,http://ncicb.nci.nih.gov/xml/owl/EVS/Thesaurus.owl+ACM-C45678,1
3099,http://snomed.info/id/782601003,http://ncicb.nci.nih.gov/xml/owl/EVS/Thesaurus.owl+ACM-C66880,1
3100,http://snomed.info/id/387369005,http://ncicb.nci.nih.gov/xml/owl/EVS/Thesaurus.owl+ACM-C319,1
3101,http://snomed.info/id/387237004,http://ncicb.nci.nih.gov/xml/owl/EVS/Thesaurus.owl+ACM-C67413,1
3102,http://snomed.info/id/426594007,http://ncicb.nci.nih.gov/xml/owl/EVS/Thesaurus.owl+ACM-C29710,1
3103,http://snomed.info/id/419384001,http://ncicb.nci.nih.gov/xml/owl/EVS/Thesaurus.owl+ACM-C97936,1
3104,http://snomed.info/id/325235002,http://ncicb.nci.nih.gov/xml/owl/EVS/Thesaurus.owl+ACM-C97936,1
3105,http://snomed.info/id/325252003,http://ncicb.nci.nih.gov/xml/owl/EVS/Thesaurus.owl+ACM-C29711,1
3106,http://snomed.info/id/419090008,http://ncicb.nci.nih.gov/xml/owl/EVS/Thesaurus.owl+ACM-C29711,1
3107,http://snomed.info/id/417063009,http://ncicb.nci.nih.gov/xml/owl/EVS/Thesaurus.owl+ACM-C66880,1
3108,http://snomed.info/id/395827004,http://ncicb.nci.nih.gov/xml/owl/EVS/Thesaurus.owl+ACM-C47796,1
3109,http://snomed.info/id/50665003,http://ncicb.nci.nih.gov/xml/owl/EVS/Thesaurus.owl+ACM-C521,1
3110,http://snomed.info/id/2878005,http://ncicb.nci.nih.gov/xml/owl/EVS/Thesaurus.owl+ACM-C67413,1
3111,http://snomed.info/id/395793001,http://ncicb.nci.nih.gov/xml/owl/EVS/Thesaurus.owl+ACM-C279,1
3112,http://snomed.info/id/404830004,http://ncicb.nci.nih.gov/xml/owl/EVS/Thesaurus.owl+ACM-C66884,1
3113,http://snomed.info/id/387191005,http://ncicb.nci.nih.gov/xml/owl/EVS/Thesaurus.owl+ACM-C42986,1
3114,http://snomed.info/id/35792007,http://ncicb.nci.nih.gov/xml/owl/EVS/Thesaurus.owl+ACM-C42986,1
3115,http://snomed.info/id/385238005,http://ncicb.nci.nih.gov/xml/owl/EVS/Thesaurus.owl+ACM-C42986,1
3116,http://snomed.info/id/108674008,http://ncicb.nci.nih.gov/xml/owl/EVS/Thesaurus.owl+ACM-C257,1
3117,http://snomed.info/id/354033006,http://ncicb.nci.nih.gov/xml/owl/EVS/Thesaurus.owl+ACM-C79611,1
3118,http://snomed.info/id/395763007,http://ncicb.nci.nih.gov/xml/owl/EVS/Thesaurus.owl+ACM-C79611,1
3119,http://snomed.info/id/384976003,http://ncicb.nci.nih.gov/xml/owl/EVS/Thesaurus.owl+ACM-C333,1
3120,http://snomed.info/id/108594006,http://ncicb.nci.nih.gov/xml/owl/EVS/Thesaurus.owl+ACM-C270,1
3121,http://snomed.info/id/395908006,http://ncicb.nci.nih.gov/xml/owl/EVS/Thesaurus.owl+ACM-C1742,1
3122,http://snomed.info/id/55316001,http://ncicb.nci.nih.gov/xml/owl/EVS/Thesaurus.owl+ACM-C98148,1
3123,http://snomed.info/id/419843007,http://ncicb.nci.nih.gov/xml/owl/EVS/Thesaurus.owl+ACM-C98151,1
3124,http://snomed.info/id/319967001,http://ncicb.nci.nih.gov/xml/owl/EVS/Thesaurus.owl+ACM-C98151,1
3125,http://snomed.info/id/15352003,http://ncicb.nci.nih.gov/xml/owl/EVS/Thesaurus.owl+ACM-C29578,1
3126,http://snomed.info/id/395914004,http://ncicb.nci.nih.gov/xml/owl/EVS/Thesaurus.owl+ACM-C29756,1
3127,http://snomed.info/id/387479008,http://ncicb.nci.nih.gov/xml/owl/EVS/Thesaurus.owl+ACM-C740,1
3128,http://snomed.info/id/395846003,http://ncicb.nci.nih.gov/xml/owl/EVS/Thesaurus.owl+ACM-C29756,1
3129,http://snomed.info/id/322508000,http://ncicb.nci.nih.gov/xml/owl/EVS/Thesaurus.owl+ACM-C67413,1
3130,http://snomed.info/id/322538006,http://ncicb.nci.nih.gov/xml/owl/EVS/Thesaurus.owl+ACM-C67413,1
3131,http://snomed.info/id/91013003,http://ncicb.nci.nih.gov/xml/owl/EVS/Thesaurus.owl+ACM-C67413,1
3132,http://snomed.info/id/322619008,http://ncicb.nci.nih.gov/xml/owl/EVS/Thesaurus.owl+ACM-C67413,1
3133,http://snomed.info/id/64191009,http://ncicb.nci.nih.gov/xml/owl/EVS/Thesaurus.owl+ACM-C681,1
3134,http://snomed.info/id/396032007,http://ncicb.nci.nih.gov/xml/owl/EVS/Thesaurus.owl+ACM-C443,1
3135,http://snomed.info/id/326745006,http://ncicb.nci.nih.gov/xml/owl/EVS/Thesaurus.owl+ACM-C25974,1
3136,http://snomed.info/id/386947003,http://ncicb.nci.nih.gov/xml/owl/EVS/Thesaurus.owl+ACM-C477,1
3137,http://snomed.info/id/108964008,http://ncicb.nci.nih.gov/xml/owl/EVS/Thesaurus.owl+ACM-C477,1
3138,http://snomed.info/id/327623006,http://ncicb.nci.nih.gov/xml/owl/EVS/Thesaurus.owl+ACM-C477,1
3139,http://snomed.info/id/396043004,http://ncicb.nci.nih.gov/xml/owl/EVS/Thesaurus.owl+ACM-C477,1
3140,http://snomed.info/id/396038006,http://ncicb.nci.nih.gov/xml/owl/EVS/Thesaurus.owl+ACM-C360,1
3141,http://snomed.info/id/83534009,http://ncicb.nci.nih.gov/xml/owl/EVS/Thesaurus.owl+ACM-C29706,1
3142,http://snomed.info/id/346641004,http://ncicb.nci.nih.gov/xml/owl/EVS/Thesaurus.owl+ACM-C29629,1
3143,http://snomed.info/id/395956000,http://ncicb.nci.nih.gov/xml/owl/EVS/Thesaurus.owl+ACM-C521,1
3144,http://snomed.info/id/116570009,http://ncicb.nci.nih.gov/xml/owl/EVS/Thesaurus.owl+ACM-C521,1
3145,http://snomed.info/id/75203002,http://ncicb.nci.nih.gov/xml/owl/EVS/Thesaurus.owl+ACM-C211,1
3146,http://snomed.info/id/395990009,http://ncicb.nci.nih.gov/xml/owl/EVS/Thesaurus.owl+ACM-C211,1
3147,http://snomed.info/id/96343009,http://ncicb.nci.nih.gov/xml/owl/EVS/Thesaurus.owl+ACM-C2360,1
3148,http://snomed.info/id/96348000,http://ncicb.nci.nih.gov/xml/owl/EVS/Thesaurus.owl+ACM-C2360,1
3149,http://snomed.info/id/387566002,http://ncicb.nci.nih.gov/xml/owl/EVS/Thesaurus.owl+ACM-C29710,1
3150,http://snomed.info/id/428715002,http://ncicb.nci.nih.gov/xml/owl/EVS/Thesaurus.owl+ACM-C29710,1
3151,http://snomed.info/id/429346008,http://ncicb.nci.nih.gov/xml/owl/EVS/Thesaurus.owl+ACM-C29710,1
3152,http://snomed.info/id/83036002,http://ncicb.nci.nih.gov/xml/owl/EVS/Thesaurus.owl+ACM-C45678,1
3153,http://snomed.info/id/109198008,http://ncicb.nci.nih.gov/xml/owl/EVS/Thesaurus.owl+ACM-C62555,1
3154,http://snomed.info/id/372529006,http://ncicb.nci.nih.gov/xml/owl/EVS/Thesaurus.owl+ACM-C97366,1
3155,http://snomed.info/id/108695003,http://ncicb.nci.nih.gov/xml/owl/EVS/Thesaurus.owl+ACM-C97366,1
3156,http://snomed.info/id/14139007,http://ncicb.nci.nih.gov/xml/owl/EVS/Thesaurus.owl+ACM-C1505,1
3157,http://snomed.info/id/116076009,http://ncicb.nci.nih.gov/xml/owl/EVS/Thesaurus.owl+ACM-C1509,1
3158,http://snomed.info/id/387000003,http://ncicb.nci.nih.gov/xml/owl/EVS/Thesaurus.owl+ACM-C1509,1
3159,http://snomed.info/id/415542004,http://ncicb.nci.nih.gov/xml/owl/EVS/Thesaurus.owl+ACM-C29730,1
3160,http://snomed.info/id/415543009,http://ncicb.nci.nih.gov/xml/owl/EVS/Thesaurus.owl+ACM-C29730,1
3161,http://snomed.info/id/108794009,http://ncicb.nci.nih.gov/xml/owl/EVS/Thesaurus.owl+ACM-C67422,1
3162,http://snomed.info/id/699481007,http://ncicb.nci.nih.gov/xml/owl/EVS/Thesaurus.owl+ACM-C29702,1
3163,http://snomed.info/id/319718008,http://ncicb.nci.nih.gov/xml/owl/EVS/Thesaurus.owl+ACM-C263,1
3164,http://snomed.info/id/407117009,http://ncicb.nci.nih.gov/xml/owl/EVS/Thesaurus.owl+ACM-C263,1
3165,http://snomed.info/id/422225001,http://ncicb.nci.nih.gov/xml/owl/EVS/Thesaurus.owl+ACM-C29723,1
3166,http://snomed.info/id/421279008,http://ncicb.nci.nih.gov/xml/owl/EVS/Thesaurus.owl+ACM-C29723,1
3167,http://snomed.info/id/407735007,http://ncicb.nci.nih.gov/xml/owl/EVS/Thesaurus.owl+ACM-C1420,1
3168,http://snomed.info/id/418647000,http://ncicb.nci.nih.gov/xml/owl/EVS/Thesaurus.owl+ACM-C1420,1
3169,http://snomed.info/id/395271007,http://ncicb.nci.nih.gov/xml/owl/EVS/Thesaurus.owl+ACM-C67439,1
3170,http://snomed.info/id/420936009,http://ncicb.nci.nih.gov/xml/owl/EVS/Thesaurus.owl+ACM-C443,1
3171,http://snomed.info/id/129479007,http://ncicb.nci.nih.gov/xml/owl/EVS/Thesaurus.owl+ACM-C29710,1
3172,http://snomed.info/id/409356003,http://ncicb.nci.nih.gov/xml/owl/EVS/Thesaurus.owl+ACM-C29710,1
3173,http://snomed.info/id/373389002,http://ncicb.nci.nih.gov/xml/owl/EVS/Thesaurus.owl+ACM-C29710,1
3174,http://snomed.info/id/422091007,http://ncicb.nci.nih.gov/xml/owl/EVS/Thesaurus.owl+ACM-C97452,1
3175,http://snomed.info/id/395264002,http://ncicb.nci.nih.gov/xml/owl/EVS/Thesaurus.owl+ACM-C97452,1
3176,http://snomed.info/id/412260006,http://ncicb.nci.nih.gov/xml/owl/EVS/Thesaurus.owl+ACM-C66930,1
3177,http://snomed.info/id/387059006,http://ncicb.nci.nih.gov/xml/owl/EVS/Thesaurus.owl+ACM-C764,1
3178,http://snomed.info/id/125708009,http://ncicb.nci.nih.gov/xml/owl/EVS/Thesaurus.owl+ACM-C764,1
3179,http://snomed.info/id/433127001,http://ncicb.nci.nih.gov/xml/owl/EVS/Thesaurus.owl+ACM-C2115,1
3180,http://snomed.info/id/432214004,http://ncicb.nci.nih.gov/xml/owl/EVS/Thesaurus.owl+ACM-C2115,1
3181,http://snomed.info/id/768145002,http://ncicb.nci.nih.gov/xml/owl/EVS/Thesaurus.owl+ACM-C67439,1
3182,http://snomed.info/id/385469007,http://ncicb.nci.nih.gov/xml/owl/EVS/Thesaurus.owl+ACM-C514,1
3183,http://snomed.info/id/386116008,http://ncicb.nci.nih.gov/xml/owl/EVS/Thesaurus.owl+ACM-C514,1
3184,http://snomed.info/id/411517001,http://ncicb.nci.nih.gov/xml/owl/EVS/Thesaurus.owl+ACM-C79611,1
3185,http://snomed.info/id/256214007,http://ncicb.nci.nih.gov/xml/owl/EVS/Thesaurus.owl+ACM-C79611,1
3186,http://snomed.info/id/256395009,http://ncicb.nci.nih.gov/xml/owl/EVS/Thesaurus.owl+ACM-C81304,1
3187,http://snomed.info/id/116657006,http://ncicb.nci.nih.gov/xml/owl/EVS/Thesaurus.owl+ACM-C45678,1
3188,http://snomed.info/id/102649004,http://ncicb.nci.nih.gov/xml/owl/EVS/Thesaurus.owl+ACM-C345,1
3189,http://snomed.info/id/7834009,http://ncicb.nci.nih.gov/xml/owl/EVS/Thesaurus.owl+ACM-C47793,1
3190,http://snomed.info/id/387230002,http://ncicb.nci.nih.gov/xml/owl/EVS/Thesaurus.owl+ACM-C29747,1
3191,http://snomed.info/id/41470001,http://ncicb.nci.nih.gov/xml/owl/EVS/Thesaurus.owl+ACM-C29747,1
3192,http://snomed.info/id/87847006,http://ncicb.nci.nih.gov/xml/owl/EVS/Thesaurus.owl+ACM-C29696,1
3193,http://snomed.info/id/96030002,http://ncicb.nci.nih.gov/xml/owl/EVS/Thesaurus.owl+ACM-C258,1
3194,http://snomed.info/id/96094009,http://ncicb.nci.nih.gov/xml/owl/EVS/Thesaurus.owl+ACM-C29739,1
3195,http://snomed.info/id/96101006,http://ncicb.nci.nih.gov/xml/owl/EVS/Thesaurus.owl+ACM-C82922,1
3196,http://snomed.info/id/96109008,http://ncicb.nci.nih.gov/xml/owl/EVS/Thesaurus.owl+ACM-C277,1
3197,http://snomed.info/id/96120008,http://ncicb.nci.nih.gov/xml/owl/EVS/Thesaurus.owl+ACM-C250,1
3198,http://snomed.info/id/96131000,http://ncicb.nci.nih.gov/xml/owl/EVS/Thesaurus.owl+ACM-C250,1
3199,http://snomed.info/id/96140001,http://ncicb.nci.nih.gov/xml/owl/EVS/Thesaurus.owl+ACM-C250,1
3200,http://snomed.info/id/96148008,http://ncicb.nci.nih.gov/xml/owl/EVS/Thesaurus.owl+ACM-C277,1
3201,http://snomed.info/id/96157002,http://ncicb.nci.nih.gov/xml/owl/EVS/Thesaurus.owl+ACM-C1971,1
3202,http://snomed.info/id/96158007,http://ncicb.nci.nih.gov/xml/owl/EVS/Thesaurus.owl+ACM-C258,1
3203,http://snomed.info/id/96161008,http://ncicb.nci.nih.gov/xml/owl/EVS/Thesaurus.owl+ACM-C277,1
3204,http://snomed.info/id/96189006,http://ncicb.nci.nih.gov/xml/owl/EVS/Thesaurus.owl+ACM-C67413,1
3205,http://snomed.info/id/96197004,http://ncicb.nci.nih.gov/xml/owl/EVS/Thesaurus.owl+ACM-C67084,1
3206,http://snomed.info/id/96226008,http://ncicb.nci.nih.gov/xml/owl/EVS/Thesaurus.owl+ACM-C29756,1
3207,http://snomed.info/id/96310005,http://ncicb.nci.nih.gov/xml/owl/EVS/Thesaurus.owl+ACM-C29698,1
3208,http://snomed.info/id/96311009,http://ncicb.nci.nih.gov/xml/owl/EVS/Thesaurus.owl+ACM-C29698,1
3209,http://snomed.info/id/96315000,http://ncicb.nci.nih.gov/xml/owl/EVS/Thesaurus.owl+ACM-C29698,1
3210,http://snomed.info/id/4616002,http://ncicb.nci.nih.gov/xml/owl/EVS/Thesaurus.owl+ACM-C28394,1
3211,http://snomed.info/id/109117004,http://ncicb.nci.nih.gov/xml/owl/EVS/Thesaurus.owl+ACM-C263,1
3212,http://snomed.info/id/429328002,http://ncicb.nci.nih.gov/xml/owl/EVS/Thesaurus.owl+ACM-C2124,1
3213,http://snomed.info/id/395789007,http://ncicb.nci.nih.gov/xml/owl/EVS/Thesaurus.owl+ACM-C2124,1
3214,http://snomed.info/id/373445001,http://ncicb.nci.nih.gov/xml/owl/EVS/Thesaurus.owl+ACM-C97366,1
3215,http://snomed.info/id/108706004,http://ncicb.nci.nih.gov/xml/owl/EVS/Thesaurus.owl+ACM-C97366,1
3216,http://snomed.info/id/428012008,http://ncicb.nci.nih.gov/xml/owl/EVS/Thesaurus.owl+ACM-C697,1
3217,http://snomed.info/id/427812009,http://ncicb.nci.nih.gov/xml/owl/EVS/Thesaurus.owl+ACM-C697,1
3218,http://snomed.info/id/372547000,http://ncicb.nci.nih.gov/xml/owl/EVS/Thesaurus.owl+ACM-C29705,1
3219,http://snomed.info/id/108827001,http://ncicb.nci.nih.gov/xml/owl/EVS/Thesaurus.owl+ACM-C29705,1
3220,http://snomed.info/id/418734001,http://ncicb.nci.nih.gov/xml/owl/EVS/Thesaurus.owl+ACM-C667,1
3221,http://snomed.info/id/419010007,http://ncicb.nci.nih.gov/xml/owl/EVS/Thesaurus.owl+ACM-C38149,1
3222,http://snomed.info/id/785287002,http://ncicb.nci.nih.gov/xml/owl/EVS/Thesaurus.owl+ACM-C783,1
3223,http://snomed.info/id/763191007,http://ncicb.nci.nih.gov/xml/owl/EVS/Thesaurus.owl+ACM-C514,1
3224,http://snomed.info/id/763614004,http://ncicb.nci.nih.gov/xml/owl/EVS/Thesaurus.owl+ACM-C2089,1
3225,http://snomed.info/id/763613005,http://ncicb.nci.nih.gov/xml/owl/EVS/Thesaurus.owl+ACM-C1742,1
3226,http://snomed.info/id/395986007,http://ncicb.nci.nih.gov/xml/owl/EVS/Thesaurus.owl+ACM-C333,1
3227,http://snomed.info/id/356862006,http://ncicb.nci.nih.gov/xml/owl/EVS/Thesaurus.owl+ACM-C333,1
3228,http://snomed.info/id/410844009,http://ncicb.nci.nih.gov/xml/owl/EVS/Thesaurus.owl+ACM-C78568,1
3229,http://snomed.info/id/410845005,http://ncicb.nci.nih.gov/xml/owl/EVS/Thesaurus.owl+ACM-C29705,1
3230,http://snomed.info/id/108845001,http://ncicb.nci.nih.gov/xml/owl/EVS/Thesaurus.owl+ACM-C29578,1
3231,http://snomed.info/id/372550002,http://ncicb.nci.nih.gov/xml/owl/EVS/Thesaurus.owl+ACM-C29578,1
3232,http://snomed.info/id/386878000,http://ncicb.nci.nih.gov/xml/owl/EVS/Thesaurus.owl+ACM-C66930,1
3233,http://snomed.info/id/108596008,http://ncicb.nci.nih.gov/xml/owl/EVS/Thesaurus.owl+ACM-C1655,1
3234,http://snomed.info/id/373443008,http://ncicb.nci.nih.gov/xml/owl/EVS/Thesaurus.owl+ACM-C1655,1
3235,http://snomed.info/id/108406003,http://ncicb.nci.nih.gov/xml/owl/EVS/Thesaurus.owl+ACM-C47794,1
3236,http://snomed.info/id/363582006,http://ncicb.nci.nih.gov/xml/owl/EVS/Thesaurus.owl+ACM-C47794,1
3237,http://snomed.info/id/416385001,http://ncicb.nci.nih.gov/xml/owl/EVS/Thesaurus.owl+ACM-C29698,1
3238,http://snomed.info/id/416140008,http://ncicb.nci.nih.gov/xml/owl/EVS/Thesaurus.owl+ACM-C29698,1
3239,http://snomed.info/id/372572000,http://ncicb.nci.nih.gov/xml/owl/EVS/Thesaurus.owl+ACM-C2127,1
3240,http://snomed.info/id/109123009,http://ncicb.nci.nih.gov/xml/owl/EVS/Thesaurus.owl+ACM-C2127,1
3241,http://snomed.info/id/108453000,http://ncicb.nci.nih.gov/xml/owl/EVS/Thesaurus.owl+ACM-C66886,1
3242,http://snomed.info/id/420307001,http://ncicb.nci.nih.gov/xml/owl/EVS/Thesaurus.owl+ACM-C271,1
3243,http://snomed.info/id/421180001,http://ncicb.nci.nih.gov/xml/owl/EVS/Thesaurus.owl+ACM-C271,1
3244,http://snomed.info/id/699252008,http://ncicb.nci.nih.gov/xml/owl/EVS/Thesaurus.owl+ACM-C29578,1
3245,http://snomed.info/id/712518000,http://ncicb.nci.nih.gov/xml/owl/EVS/Thesaurus.owl+ACM-C2019,1
3246,http://snomed.info/id/420129007,http://ncicb.nci.nih.gov/xml/owl/EVS/Thesaurus.owl+ACM-C1505,1
3247,http://snomed.info/id/419831006,http://ncicb.nci.nih.gov/xml/owl/EVS/Thesaurus.owl+ACM-C1505,1
3248,http://snomed.info/id/386036007,http://ncicb.nci.nih.gov/xml/owl/EVS/Thesaurus.owl+ACM-C66885,1
3249,http://snomed.info/id/417025001,http://ncicb.nci.nih.gov/xml/owl/EVS/Thesaurus.owl+ACM-C66885,1
3250,http://snomed.info/id/413770001,http://ncicb.nci.nih.gov/xml/owl/EVS/Thesaurus.owl+ACM-C514,1
3251,http://snomed.info/id/407732005,http://ncicb.nci.nih.gov/xml/owl/EVS/Thesaurus.owl+ACM-C514,1
3252,http://snomed.info/id/417226008,http://ncicb.nci.nih.gov/xml/owl/EVS/Thesaurus.owl+ACM-C82130,1
3253,http://snomed.info/id/412135003,http://ncicb.nci.nih.gov/xml/owl/EVS/Thesaurus.owl+ACM-C82130,1
3254,http://snomed.info/id/370187009,http://ncicb.nci.nih.gov/xml/owl/EVS/Thesaurus.owl+ACM-C80509,1
3255,http://snomed.info/id/116081000,http://ncicb.nci.nih.gov/xml/owl/EVS/Thesaurus.owl+ACM-C80509,1
3256,http://snomed.info/id/363571003,http://ncicb.nci.nih.gov/xml/owl/EVS/Thesaurus.owl+ACM-C47794,1
3257,http://snomed.info/id/108408002,http://ncicb.nci.nih.gov/xml/owl/EVS/Thesaurus.owl+ACM-C47794,1
3258,http://snomed.info/id/409114008,http://ncicb.nci.nih.gov/xml/owl/EVS/Thesaurus.owl+ACM-C97452,1
3259,http://snomed.info/id/127965004,http://ncicb.nci.nih.gov/xml/owl/EVS/Thesaurus.owl+ACM-C98148,1
3260,http://snomed.info/id/441851004,http://ncicb.nci.nih.gov/xml/owl/EVS/Thesaurus.owl+ACM-C98148,1
3261,http://snomed.info/id/442510005,http://ncicb.nci.nih.gov/xml/owl/EVS/Thesaurus.owl+ACM-C98148,1
3262,http://snomed.info/id/428698007,http://ncicb.nci.nih.gov/xml/owl/EVS/Thesaurus.owl+ACM-C1742,1
3263,http://snomed.info/id/428127005,http://ncicb.nci.nih.gov/xml/owl/EVS/Thesaurus.owl+ACM-C574,1
3264,http://snomed.info/id/3597005,http://ncicb.nci.nih.gov/xml/owl/EVS/Thesaurus.owl+ACM-C29576,1
3265,http://snomed.info/id/386867008,http://ncicb.nci.nih.gov/xml/owl/EVS/Thesaurus.owl+ACM-C29576,1
3266,http://snomed.info/id/108500007,http://ncicb.nci.nih.gov/xml/owl/EVS/Thesaurus.owl+ACM-C93038,1
3267,http://snomed.info/id/395838004,http://ncicb.nci.nih.gov/xml/owl/EVS/Thesaurus.owl+ACM-C26017,1
3268,http://snomed.info/id/329290002,http://ncicb.nci.nih.gov/xml/owl/EVS/Thesaurus.owl+ACM-C26017,1
3269,http://snomed.info/id/387195001,http://ncicb.nci.nih.gov/xml/owl/EVS/Thesaurus.owl+ACM-C29576,1
3270,http://snomed.info/id/386869006,http://ncicb.nci.nih.gov/xml/owl/EVS/Thesaurus.owl+ACM-C29576,1
3271,http://snomed.info/id/108425000,http://ncicb.nci.nih.gov/xml/owl/EVS/Thesaurus.owl+ACM-C94726,1
3272,http://snomed.info/id/412169002,http://ncicb.nci.nih.gov/xml/owl/EVS/Thesaurus.owl+ACM-C97453,1
3273,http://snomed.info/id/48474002,http://ncicb.nci.nih.gov/xml/owl/EVS/Thesaurus.owl+ACM-C319,1
3274,http://snomed.info/id/387516008,http://ncicb.nci.nih.gov/xml/owl/EVS/Thesaurus.owl+ACM-C49186,1
3275,http://snomed.info/id/6088007,http://ncicb.nci.nih.gov/xml/owl/EVS/Thesaurus.owl+ACM-C47795,1
3276,http://snomed.info/id/46293006,http://ncicb.nci.nih.gov/xml/owl/EVS/Thesaurus.owl+ACM-C66884,1
3277,http://snomed.info/id/29588002,http://ncicb.nci.nih.gov/xml/owl/EVS/Thesaurus.owl+ACM-C29578,1
3278,http://snomed.info/id/395845004,http://ncicb.nci.nih.gov/xml/owl/EVS/Thesaurus.owl+ACM-C2153,1
3279,http://snomed.info/id/85737002,http://ncicb.nci.nih.gov/xml/owl/EVS/Thesaurus.owl+ACM-C29578,1
3280,http://snomed.info/id/83968007,http://ncicb.nci.nih.gov/xml/owl/EVS/Thesaurus.owl+ACM-C29578,1
3281,http://snomed.info/id/387346007,http://ncicb.nci.nih.gov/xml/owl/EVS/Thesaurus.owl+ACM-C1821,1
3282,http://snomed.info/id/73827006,http://ncicb.nci.nih.gov/xml/owl/EVS/Thesaurus.owl+ACM-C514,1
3283,http://snomed.info/id/29190006,http://ncicb.nci.nih.gov/xml/owl/EVS/Thesaurus.owl+ACM-C1506,1
3284,http://snomed.info/id/3874004,http://ncicb.nci.nih.gov/xml/owl/EVS/Thesaurus.owl+ACM-C1506,1
3285,http://snomed.info/id/424521005,http://ncicb.nci.nih.gov/xml/owl/EVS/Thesaurus.owl+ACM-C1012,1
3286,http://snomed.info/id/42692007,http://ncicb.nci.nih.gov/xml/owl/EVS/Thesaurus.owl+ACM-C1323,1
3287,http://snomed.info/id/387199007,http://ncicb.nci.nih.gov/xml/owl/EVS/Thesaurus.owl+ACM-C38149,1
3288,http://snomed.info/id/79135001,http://ncicb.nci.nih.gov/xml/owl/EVS/Thesaurus.owl+ACM-C29710,1
3289,http://snomed.info/id/14905007,http://ncicb.nci.nih.gov/xml/owl/EVS/Thesaurus.owl+ACM-C29756,1
3290,http://snomed.info/id/3378009,http://ncicb.nci.nih.gov/xml/owl/EVS/Thesaurus.owl+ACM-C94727,1
3291,http://snomed.info/id/404824004,http://ncicb.nci.nih.gov/xml/owl/EVS/Thesaurus.owl+ACM-C29636,1
3292,http://snomed.info/id/71043005,http://ncicb.nci.nih.gov/xml/owl/EVS/Thesaurus.owl+ACM-C29698,1
3293,http://snomed.info/id/391699001,http://ncicb.nci.nih.gov/xml/owl/EVS/Thesaurus.owl+ACM-C1509,1
3294,http://snomed.info/id/413575009,http://ncicb.nci.nih.gov/xml/owl/EVS/Thesaurus.owl+ACM-C129825,1
3295,http://snomed.info/id/108775004,http://ncicb.nci.nih.gov/xml/owl/EVS/Thesaurus.owl+ACM-C163758,1
3296,http://snomed.info/id/386912006,http://ncicb.nci.nih.gov/xml/owl/EVS/Thesaurus.owl+ACM-C2843,1
3297,http://snomed.info/id/395768003,http://ncicb.nci.nih.gov/xml/owl/EVS/Thesaurus.owl+ACM-C333,1
3298,http://snomed.info/id/391811002,http://ncicb.nci.nih.gov/xml/owl/EVS/Thesaurus.owl+ACM-C257,1
3299,http://snomed.info/id/13502005,http://ncicb.nci.nih.gov/xml/owl/EVS/Thesaurus.owl+ACM-C271,1
3300,http://snomed.info/id/67347006,http://ncicb.nci.nih.gov/xml/owl/EVS/Thesaurus.owl+ACM-C1506,1
3301,http://snomed.info/id/866175004,http://ncicb.nci.nih.gov/xml/owl/EVS/Thesaurus.owl+ACM-C1557,1
3302,http://snomed.info/id/108780008,http://ncicb.nci.nih.gov/xml/owl/EVS/Thesaurus.owl+ACM-C471,1
3303,http://snomed.info/id/372537003,http://ncicb.nci.nih.gov/xml/owl/EVS/Thesaurus.owl+ACM-C471,1
3304,http://snomed.info/id/1156916009,http://ncicb.nci.nih.gov/xml/owl/EVS/Thesaurus.owl+ACM-C47796,1
3305,http://snomed.info/id/111123003,http://ncicb.nci.nih.gov/xml/owl/EVS/Thesaurus.owl+ACM-C67413,1
3306,http://snomed.info/id/83945003,http://ncicb.nci.nih.gov/xml/owl/EVS/Thesaurus.owl+ACM-C29578,1
3307,http://snomed.info/id/396008000,http://ncicb.nci.nih.gov/xml/owl/EVS/Thesaurus.owl+ACM-C29578,1
3308,http://snomed.info/id/109116008,http://ncicb.nci.nih.gov/xml/owl/EVS/Thesaurus.owl+ACM-C263,1
3309,http://snomed.info/id/372571007,http://ncicb.nci.nih.gov/xml/owl/EVS/Thesaurus.owl+ACM-C263,1
3310,http://snomed.info/id/25254000,http://ncicb.nci.nih.gov/xml/owl/EVS/Thesaurus.owl+ACM-C93038,1
3311,http://snomed.info/id/720527007,http://ncicb.nci.nih.gov/xml/owl/EVS/Thesaurus.owl+ACM-C2081,1
3312,http://snomed.info/id/372766003,http://ncicb.nci.nih.gov/xml/owl/EVS/Thesaurus.owl+ACM-C1937,1
3313,http://snomed.info/id/53584007,http://ncicb.nci.nih.gov/xml/owl/EVS/Thesaurus.owl+ACM-C1937,1
3314,http://snomed.info/id/108481006,http://ncicb.nci.nih.gov/xml/owl/EVS/Thesaurus.owl+ACM-C744,1
3315,http://snomed.info/id/395948003,http://ncicb.nci.nih.gov/xml/owl/EVS/Thesaurus.owl+ACM-C83486,1
3316,http://snomed.info/id/781057006,http://ncicb.nci.nih.gov/xml/owl/EVS/Thesaurus.owl+ACM-C83486,1
3317,http://snomed.info/id/80959009,http://ncicb.nci.nih.gov/xml/owl/EVS/Thesaurus.owl+ACM-C521,1
3318,http://snomed.info/id/28464005,http://ncicb.nci.nih.gov/xml/owl/EVS/Thesaurus.owl+ACM-C29696,1
3319,http://snomed.info/id/108608005,http://ncicb.nci.nih.gov/xml/owl/EVS/Thesaurus.owl+ACM-C29747,1
3320,http://snomed.info/id/7302008,http://ncicb.nci.nih.gov/xml/owl/EVS/Thesaurus.owl+ACM-C319,1
3321,http://snomed.info/id/714790006,http://ncicb.nci.nih.gov/xml/owl/EVS/Thesaurus.owl+ACM-C28394,1
3322,http://snomed.info/id/703413006,http://ncicb.nci.nih.gov/xml/owl/EVS/Thesaurus.owl+ACM-C28394,1
3323,http://snomed.info/id/116352007,http://ncicb.nci.nih.gov/xml/owl/EVS/Thesaurus.owl+ACM-C67413,1
3324,http://snomed.info/id/395790003,http://ncicb.nci.nih.gov/xml/owl/EVS/Thesaurus.owl+ACM-C740,1
3325,http://snomed.info/id/68293009,http://ncicb.nci.nih.gov/xml/owl/EVS/Thesaurus.owl+ACM-C255,1
3326,http://snomed.info/id/52803004,http://ncicb.nci.nih.gov/xml/owl/EVS/Thesaurus.owl+ACM-C29578,1
3327,http://snomed.info/id/395856004,http://ncicb.nci.nih.gov/xml/owl/EVS/Thesaurus.owl+ACM-C1821,1
3328,http://snomed.info/id/703402008,http://ncicb.nci.nih.gov/xml/owl/EVS/Thesaurus.owl+ACM-C45812,1
3329,http://snomed.info/id/735058009,http://ncicb.nci.nih.gov/xml/owl/EVS/Thesaurus.owl+ACM-C795,1
3330,http://snomed.info/id/15810003,http://ncicb.nci.nih.gov/xml/owl/EVS/Thesaurus.owl+ACM-C78274,1
3331,http://snomed.info/id/1148829005,http://ncicb.nci.nih.gov/xml/owl/EVS/Thesaurus.owl+ACM-C250,1
3332,http://snomed.info/id/725690007,http://ncicb.nci.nih.gov/xml/owl/EVS/Thesaurus.owl+ACM-C776,1
3333,http://snomed.info/id/256177001,http://ncicb.nci.nih.gov/xml/owl/EVS/Thesaurus.owl+ACM-C851,1
3334,http://snomed.info/id/415159003,http://ncicb.nci.nih.gov/xml/owl/EVS/Thesaurus.owl+ACM-C2198,1
3335,http://snomed.info/id/415160008,http://ncicb.nci.nih.gov/xml/owl/EVS/Thesaurus.owl+ACM-C2198,1
3336,http://snomed.info/id/387056004,http://ncicb.nci.nih.gov/xml/owl/EVS/Thesaurus.owl+ACM-C258,1
3337,http://snomed.info/id/125695009,http://ncicb.nci.nih.gov/xml/owl/EVS/Thesaurus.owl+ACM-C258,1
3338,http://snomed.info/id/116084008,http://ncicb.nci.nih.gov/xml/owl/EVS/Thesaurus.owl+ACM-C97452,1
3339,http://snomed.info/id/387005008,http://ncicb.nci.nih.gov/xml/owl/EVS/Thesaurus.owl+ACM-C97452,1
3340,http://snomed.info/id/419409009,http://ncicb.nci.nih.gov/xml/owl/EVS/Thesaurus.owl+ACM-C97366,1
3341,http://snomed.info/id/418721002,http://ncicb.nci.nih.gov/xml/owl/EVS/Thesaurus.owl+ACM-C97366,1
3342,http://snomed.info/id/419765001,http://ncicb.nci.nih.gov/xml/owl/EVS/Thesaurus.owl+ACM-C390,1
3343,http://snomed.info/id/418334003,http://ncicb.nci.nih.gov/xml/owl/EVS/Thesaurus.owl+ACM-C390,1
3344,http://snomed.info/id/714673009,http://ncicb.nci.nih.gov/xml/owl/EVS/Thesaurus.owl+ACM-C514,1
3345,http://snomed.info/id/711318001,http://ncicb.nci.nih.gov/xml/owl/EVS/Thesaurus.owl+ACM-C514,1
3346,http://snomed.info/id/108761006,http://ncicb.nci.nih.gov/xml/owl/EVS/Thesaurus.owl+ACM-C1557,1
3347,http://snomed.info/id/386906001,http://ncicb.nci.nih.gov/xml/owl/EVS/Thesaurus.owl+ACM-C1557,1
3348,http://snomed.info/id/698843001,http://ncicb.nci.nih.gov/xml/owl/EVS/Thesaurus.owl+ACM-C67422,1
3349,http://snomed.info/id/422523009,http://ncicb.nci.nih.gov/xml/owl/EVS/Thesaurus.owl+ACM-C1946,1
3350,http://snomed.info/id/422505001,http://ncicb.nci.nih.gov/xml/owl/EVS/Thesaurus.owl+ACM-C1946,1
3351,http://snomed.info/id/789550000,http://ncicb.nci.nih.gov/xml/owl/EVS/Thesaurus.owl+ACM-C38149,1
3352,http://snomed.info/id/789546007,http://ncicb.nci.nih.gov/xml/owl/EVS/Thesaurus.owl+ACM-C38149,1
3353,http://snomed.info/id/108836002,http://ncicb.nci.nih.gov/xml/owl/EVS/Thesaurus.owl+ACM-C29577,1
3354,http://snomed.info/id/386925003,http://ncicb.nci.nih.gov/xml/owl/EVS/Thesaurus.owl+ACM-C29705,1
3355,http://snomed.info/id/387001004,http://ncicb.nci.nih.gov/xml/owl/EVS/Thesaurus.owl+ACM-C97453,1
3356,http://snomed.info/id/116078005,http://ncicb.nci.nih.gov/xml/owl/EVS/Thesaurus.owl+ACM-C97453,1
3357,http://snomed.info/id/387067003,http://ncicb.nci.nih.gov/xml/owl/EVS/Thesaurus.owl+ACM-C97366,1
3358,http://snomed.info/id/129475001,http://ncicb.nci.nih.gov/xml/owl/EVS/Thesaurus.owl+ACM-C97366,1
3359,http://snomed.info/id/428525005,http://ncicb.nci.nih.gov/xml/owl/EVS/Thesaurus.owl+ACM-C2151,1
3360,http://snomed.info/id/428526006,http://ncicb.nci.nih.gov/xml/owl/EVS/Thesaurus.owl+ACM-C2151,1
3361,http://snomed.info/id/417092008,http://ncicb.nci.nih.gov/xml/owl/EVS/Thesaurus.owl+ACM-C496,1
3362,http://snomed.info/id/417550009,http://ncicb.nci.nih.gov/xml/owl/EVS/Thesaurus.owl+ACM-C496,1
3363,http://snomed.info/id/416470008,http://ncicb.nci.nih.gov/xml/owl/EVS/Thesaurus.owl+ACM-C496,1
3364,http://snomed.info/id/416572003,http://ncicb.nci.nih.gov/xml/owl/EVS/Thesaurus.owl+ACM-C496,1
3365,http://snomed.info/id/412070003,http://ncicb.nci.nih.gov/xml/owl/EVS/Thesaurus.owl+ACM-C106105,1
3366,http://snomed.info/id/66843009,http://ncicb.nci.nih.gov/xml/owl/EVS/Thesaurus.owl+ACM-C67084,1
3367,http://snomed.info/id/52574003,http://ncicb.nci.nih.gov/xml/owl/EVS/Thesaurus.owl+ACM-C93038,1
3368,http://snomed.info/id/419484002,http://ncicb.nci.nih.gov/xml/owl/EVS/Thesaurus.owl+ACM-C28197,1
3369,http://snomed.info/id/395937005,http://ncicb.nci.nih.gov/xml/owl/EVS/Thesaurus.owl+ACM-C471,1
3370,http://snomed.info/id/396053003,http://ncicb.nci.nih.gov/xml/owl/EVS/Thesaurus.owl+ACM-C319,1
3371,http://snomed.info/id/10424009,http://ncicb.nci.nih.gov/xml/owl/EVS/Thesaurus.owl+ACM-C94727,1
3372,http://snomed.info/id/395795008,http://ncicb.nci.nih.gov/xml/owl/EVS/Thesaurus.owl+ACM-C66885,1
3373,http://snomed.info/id/84213009,http://ncicb.nci.nih.gov/xml/owl/EVS/Thesaurus.owl+ACM-C1012,1
3374,http://snomed.info/id/412249002,http://ncicb.nci.nih.gov/xml/owl/EVS/Thesaurus.owl+ACM-C253,1
3375,http://snomed.info/id/29666006,http://ncicb.nci.nih.gov/xml/owl/EVS/Thesaurus.owl+ACM-C94727,1
3376,http://snomed.info/id/395817005,http://ncicb.nci.nih.gov/xml/owl/EVS/Thesaurus.owl+ACM-C29576,1
3377,http://snomed.info/id/40404004,http://ncicb.nci.nih.gov/xml/owl/EVS/Thesaurus.owl+ACM-C744,1
3378,http://snomed.info/id/108501006,http://ncicb.nci.nih.gov/xml/owl/EVS/Thesaurus.owl+ACM-C93038,1
3379,http://snomed.info/id/24202000,http://ncicb.nci.nih.gov/xml/owl/EVS/Thesaurus.owl+ACM-C29702,1
3380,http://snomed.info/id/108467009,http://ncicb.nci.nih.gov/xml/owl/EVS/Thesaurus.owl+ACM-C667,1
3381,http://snomed.info/id/14340003,http://ncicb.nci.nih.gov/xml/owl/EVS/Thesaurus.owl+ACM-C333,1
3382,http://snomed.info/id/108554009,http://ncicb.nci.nih.gov/xml/owl/EVS/Thesaurus.owl+ACM-C270,1
3383,http://snomed.info/id/116522003,http://ncicb.nci.nih.gov/xml/owl/EVS/Thesaurus.owl+ACM-C94725,1
3384,http://snomed.info/id/96306007,http://ncicb.nci.nih.gov/xml/owl/EVS/Thesaurus.owl+ACM-C1655,1
3385,http://snomed.info/id/395874008,http://ncicb.nci.nih.gov/xml/owl/EVS/Thesaurus.owl+ACM-C29576,1
3386,http://snomed.info/id/109047000,http://ncicb.nci.nih.gov/xml/owl/EVS/Thesaurus.owl+ACM-C1910,1
3387,http://snomed.info/id/108419004,http://ncicb.nci.nih.gov/xml/owl/EVS/Thesaurus.owl+ACM-C94726,1
3388,http://snomed.info/id/108656004,http://ncicb.nci.nih.gov/xml/owl/EVS/Thesaurus.owl+ACM-C29578,1
3389,http://snomed.info/id/108591003,http://ncicb.nci.nih.gov/xml/owl/EVS/Thesaurus.owl+ACM-C66884,1
3390,http://snomed.info/id/391729003,http://ncicb.nci.nih.gov/xml/owl/EVS/Thesaurus.owl+ACM-C67439,1
3391,http://snomed.info/id/108696002,http://ncicb.nci.nih.gov/xml/owl/EVS/Thesaurus.owl+ACM-C97366,1
3392,http://snomed.info/id/712725009,http://ncicb.nci.nih.gov/xml/owl/EVS/Thesaurus.owl+ACM-C29578,1
3393,http://snomed.info/id/712726005,http://ncicb.nci.nih.gov/xml/owl/EVS/Thesaurus.owl+ACM-C514,1
3394,http://snomed.info/id/108582002,http://ncicb.nci.nih.gov/xml/owl/EVS/Thesaurus.owl+ACM-C66930,1
3395,http://snomed.info/id/18550006,http://ncicb.nci.nih.gov/xml/owl/EVS/Thesaurus.owl+ACM-C29710,1
3396,http://snomed.info/id/48384000,http://ncicb.nci.nih.gov/xml/owl/EVS/Thesaurus.owl+ACM-C94727,1
3397,http://snomed.info/id/69241001,http://ncicb.nci.nih.gov/xml/owl/EVS/Thesaurus.owl+ACM-C1506,1
3398,http://snomed.info/id/40601003,http://ncicb.nci.nih.gov/xml/owl/EVS/Thesaurus.owl+ACM-C1012,1
3399,http://snomed.info/id/26120001,http://ncicb.nci.nih.gov/xml/owl/EVS/Thesaurus.owl+ACM-C94727,1
3400,http://snomed.info/id/387468003,http://ncicb.nci.nih.gov/xml/owl/EVS/Thesaurus.owl+ACM-C2198,1
3401,http://snomed.info/id/387485001,http://ncicb.nci.nih.gov/xml/owl/EVS/Thesaurus.owl+ACM-C67413,1
3402,http://snomed.info/id/49565007,http://ncicb.nci.nih.gov/xml/owl/EVS/Thesaurus.owl+ACM-C47793,1
3403,http://snomed.info/id/85037008,http://ncicb.nci.nih.gov/xml/owl/EVS/Thesaurus.owl+ACM-C94727,1
3404,http://snomed.info/id/83933007,http://ncicb.nci.nih.gov/xml/owl/EVS/Thesaurus.owl+ACM-C29578,1
3405,http://snomed.info/id/8689007,http://ncicb.nci.nih.gov/xml/owl/EVS/Thesaurus.owl+ACM-C2363,1
3406,http://snomed.info/id/75268009,http://ncicb.nci.nih.gov/xml/owl/EVS/Thesaurus.owl+ACM-C66883,1
3407,http://snomed.info/id/42163009,http://ncicb.nci.nih.gov/xml/owl/EVS/Thesaurus.owl+ACM-C47795,1
3408,http://snomed.info/id/412248005,http://ncicb.nci.nih.gov/xml/owl/EVS/Thesaurus.owl+ACM-C521,1
3409,http://snomed.info/id/20340009,http://ncicb.nci.nih.gov/xml/owl/EVS/Thesaurus.owl+ACM-C47795,1
3410,http://snomed.info/id/72770009,http://ncicb.nci.nih.gov/xml/owl/EVS/Thesaurus.owl+ACM-C29576,1
3411,http://snomed.info/id/21518006,http://ncicb.nci.nih.gov/xml/owl/EVS/Thesaurus.owl+ACM-C681,1
3412,http://snomed.info/id/71533000,http://ncicb.nci.nih.gov/xml/owl/EVS/Thesaurus.owl+ACM-C67413,1
3413,http://snomed.info/id/387119006,http://ncicb.nci.nih.gov/xml/owl/EVS/Thesaurus.owl+ACM-C45178,1
3414,http://snomed.info/id/387462002,http://ncicb.nci.nih.gov/xml/owl/EVS/Thesaurus.owl+ACM-C47795,1
3415,http://snomed.info/id/46950002,http://ncicb.nci.nih.gov/xml/owl/EVS/Thesaurus.owl+ACM-C94727,1
3416,http://snomed.info/id/96184001,http://ncicb.nci.nih.gov/xml/owl/EVS/Thesaurus.owl+ACM-C1506,1
3417,http://snomed.info/id/96124004,http://ncicb.nci.nih.gov/xml/owl/EVS/Thesaurus.owl+ACM-C250,1
3418,http://snomed.info/id/1325004,http://ncicb.nci.nih.gov/xml/owl/EVS/Thesaurus.owl+ACM-C29696,1
3419,http://snomed.info/id/61678008,http://ncicb.nci.nih.gov/xml/owl/EVS/Thesaurus.owl+ACM-C29710,1
3420,http://snomed.info/id/12218006,http://ncicb.nci.nih.gov/xml/owl/EVS/Thesaurus.owl+ACM-C333,1
3421,http://snomed.info/id/386881005,http://ncicb.nci.nih.gov/xml/owl/EVS/Thesaurus.owl+ACM-C319,1
3422,http://snomed.info/id/116108007,http://ncicb.nci.nih.gov/xml/owl/EVS/Thesaurus.owl+ACM-C1594,1
3423,http://snomed.info/id/62039007,http://ncicb.nci.nih.gov/xml/owl/EVS/Thesaurus.owl+ACM-C1323,1
3424,http://snomed.info/id/398770008,http://ncicb.nci.nih.gov/xml/owl/EVS/Thesaurus.owl+ACM-C271,1
3425,http://snomed.info/id/412183000,http://ncicb.nci.nih.gov/xml/owl/EVS/Thesaurus.owl+ACM-C79688,1
3426,http://snomed.info/id/116573006,http://ncicb.nci.nih.gov/xml/owl/EVS/Thesaurus.owl+ACM-C521,1
3427,http://snomed.info/id/35318005,http://ncicb.nci.nih.gov/xml/owl/EVS/Thesaurus.owl+ACM-C29576,1
3428,http://snomed.info/id/21066009,http://ncicb.nci.nih.gov/xml/owl/EVS/Thesaurus.owl+ACM-C67413,1
3429,http://snomed.info/id/398814004,http://ncicb.nci.nih.gov/xml/owl/EVS/Thesaurus.owl+ACM-C29631,1
3430,http://snomed.info/id/423936008,http://ncicb.nci.nih.gov/xml/owl/EVS/Thesaurus.owl+ACM-C29630,1
3431,http://snomed.info/id/768400008,http://ncicb.nci.nih.gov/xml/owl/EVS/Thesaurus.owl+ACM-C29631,1
3432,http://snomed.info/id/772959003,http://ncicb.nci.nih.gov/xml/owl/EVS/Thesaurus.owl+ACM-C29631,1
3433,http://snomed.info/id/421685007,http://ncicb.nci.nih.gov/xml/owl/EVS/Thesaurus.owl+ACM-C29635,1
3434,http://snomed.info/id/771463001,http://ncicb.nci.nih.gov/xml/owl/EVS/Thesaurus.owl+ACM-C29636,1
3435,http://snomed.info/id/387019008,http://ncicb.nci.nih.gov/xml/owl/EVS/Thesaurus.owl+ACM-C1505,1
3436,http://snomed.info/id/116118002,http://ncicb.nci.nih.gov/xml/owl/EVS/Thesaurus.owl+ACM-C1505,1
3437,http://snomed.info/id/108587008,http://ncicb.nci.nih.gov/xml/owl/EVS/Thesaurus.owl+ACM-C66930,1
3438,http://snomed.info/id/372512008,http://ncicb.nci.nih.gov/xml/owl/EVS/Thesaurus.owl+ACM-C66930,1
3439,http://snomed.info/id/412356005,http://ncicb.nci.nih.gov/xml/owl/EVS/Thesaurus.owl+ACM-C29630,1
3440,http://snomed.info/id/412131007,http://ncicb.nci.nih.gov/xml/owl/EVS/Thesaurus.owl+ACM-C29733,1
3441,http://snomed.info/id/125700002,http://ncicb.nci.nih.gov/xml/owl/EVS/Thesaurus.owl+ACM-C575,1
3442,http://snomed.info/id/398881002,http://ncicb.nci.nih.gov/xml/owl/EVS/Thesaurus.owl+ACM-C575,1
3443,http://snomed.info/id/412162006,http://ncicb.nci.nih.gov/xml/owl/EVS/Thesaurus.owl+ACM-C29630,1
3444,http://snomed.info/id/387045004,http://ncicb.nci.nih.gov/xml/owl/EVS/Thesaurus.owl+ACM-C574,1
3445,http://snomed.info/id/118259007,http://ncicb.nci.nih.gov/xml/owl/EVS/Thesaurus.owl+ACM-C574,1
3446,http://snomed.info/id/412420008,http://ncicb.nci.nih.gov/xml/owl/EVS/Thesaurus.owl+ACM-C29640,1
3447,http://snomed.info/id/412182005,http://ncicb.nci.nih.gov/xml/owl/EVS/Thesaurus.owl+ACM-C29640,1
3448,http://snomed.info/id/372535006,http://ncicb.nci.nih.gov/xml/owl/EVS/Thesaurus.owl+ACM-C308,1
3449,http://snomed.info/id/108754007,http://ncicb.nci.nih.gov/xml/owl/EVS/Thesaurus.owl+ACM-C308,1
3450,http://snomed.info/id/412399000,http://ncicb.nci.nih.gov/xml/owl/EVS/Thesaurus.owl+ACM-C29630,1
3451,http://snomed.info/id/768574001,http://ncicb.nci.nih.gov/xml/owl/EVS/Thesaurus.owl+ACM-C66930,1
3452,http://snomed.info/id/324859007,http://ncicb.nci.nih.gov/xml/owl/EVS/Thesaurus.owl+ACM-C61063,1
3453,http://snomed.info/id/768573007,http://ncicb.nci.nih.gov/xml/owl/EVS/Thesaurus.owl+ACM-C29630,1
3454,http://snomed.info/id/329195003,http://ncicb.nci.nih.gov/xml/owl/EVS/Thesaurus.owl+ACM-C759,1
3455,http://snomed.info/id/395871000,http://ncicb.nci.nih.gov/xml/owl/EVS/Thesaurus.owl+ACM-C759,1
3456,http://snomed.info/id/409385009,http://ncicb.nci.nih.gov/xml/owl/EVS/Thesaurus.owl+ACM-C29639,1
3457,http://snomed.info/id/413512004,http://ncicb.nci.nih.gov/xml/owl/EVS/Thesaurus.owl+ACM-C29639,1
3458,http://snomed.info/id/412124008,http://ncicb.nci.nih.gov/xml/owl/EVS/Thesaurus.owl+ACM-C257,1
3459,http://snomed.info/id/329535005,http://ncicb.nci.nih.gov/xml/owl/EVS/Thesaurus.owl+ACM-C257,1
3460,http://snomed.info/id/412197008,http://ncicb.nci.nih.gov/xml/owl/EVS/Thesaurus.owl+ACM-C66883,1
3461,http://snomed.info/id/23883005,http://ncicb.nci.nih.gov/xml/owl/EVS/Thesaurus.owl+ACM-C1506,1
3462,http://snomed.info/id/768490003,http://ncicb.nci.nih.gov/xml/owl/EVS/Thesaurus.owl+ACM-C29739,1
3463,http://snomed.info/id/412074007,http://ncicb.nci.nih.gov/xml/owl/EVS/Thesaurus.owl+ACM-C97452,1
3464,http://snomed.info/id/116344009,http://ncicb.nci.nih.gov/xml/owl/EVS/Thesaurus.owl+ACM-C47795,1
3465,http://snomed.info/id/108597004,http://ncicb.nci.nih.gov/xml/owl/EVS/Thesaurus.owl+ACM-C1655,1
3466,http://snomed.info/id/438256006,http://ncicb.nci.nih.gov/xml/owl/EVS/Thesaurus.owl+ACM-C29578,1
3467,http://snomed.info/id/725787005,http://ncicb.nci.nih.gov/xml/owl/EVS/Thesaurus.owl+ACM-C47794,1
3468,http://snomed.info/id/116521005,http://ncicb.nci.nih.gov/xml/owl/EVS/Thesaurus.owl+ACM-C94725,1
3469,http://snomed.info/id/725962006,http://ncicb.nci.nih.gov/xml/owl/EVS/Thesaurus.owl+ACM-C275,1
3470,http://snomed.info/id/108950008,http://ncicb.nci.nih.gov/xml/owl/EVS/Thesaurus.owl+ACM-C1505,1
3471,http://snomed.info/id/387022005,http://ncicb.nci.nih.gov/xml/owl/EVS/Thesaurus.owl+ACM-C47795,1
3472,http://snomed.info/id/108847009,http://ncicb.nci.nih.gov/xml/owl/EVS/Thesaurus.owl+ACM-C29578,1
3473,http://snomed.info/id/703087006,http://ncicb.nci.nih.gov/xml/owl/EVS/Thesaurus.owl+ACM-C521,1
3474,http://snomed.info/id/109050002,http://ncicb.nci.nih.gov/xml/owl/EVS/Thesaurus.owl+ACM-C1910,1
3475,http://snomed.info/id/736862006,http://ncicb.nci.nih.gov/xml/owl/EVS/Thesaurus.owl+ACM-C67413,1
3476,http://snomed.info/id/386995007,http://ncicb.nci.nih.gov/xml/owl/EVS/Thesaurus.owl+ACM-C29747,1
3477,http://snomed.info/id/412432007,http://ncicb.nci.nih.gov/xml/owl/EVS/Thesaurus.owl+ACM-C29576,1
3478,http://snomed.info/id/108489008,http://ncicb.nci.nih.gov/xml/owl/EVS/Thesaurus.owl+ACM-C47793,1
3479,http://snomed.info/id/37451001,http://ncicb.nci.nih.gov/xml/owl/EVS/Thesaurus.owl+ACM-C1657,1
3480,http://snomed.info/id/720960000,http://ncicb.nci.nih.gov/xml/owl/EVS/Thesaurus.owl+ACM-C29578,1
3481,http://snomed.info/id/116551004,http://ncicb.nci.nih.gov/xml/owl/EVS/Thesaurus.owl+ACM-C29578,1
3482,http://snomed.info/id/424535007,http://ncicb.nci.nih.gov/xml/owl/EVS/Thesaurus.owl+ACM-C82130,1
3483,http://snomed.info/id/712566007,http://ncicb.nci.nih.gov/xml/owl/EVS/Thesaurus.owl+ACM-C82130,1
3484,http://snomed.info/id/108383008,http://ncicb.nci.nih.gov/xml/owl/EVS/Thesaurus.owl+ACM-C29710,1
3485,http://snomed.info/id/108482004,http://ncicb.nci.nih.gov/xml/owl/EVS/Thesaurus.owl+ACM-C2127,1
3486,http://snomed.info/id/726007006,http://ncicb.nci.nih.gov/xml/owl/EVS/Thesaurus.owl+ACM-C45678,1
3487,http://snomed.info/id/427652008,http://ncicb.nci.nih.gov/xml/owl/EVS/Thesaurus.owl+ACM-C1500,1
3488,http://snomed.info/id/109194005,http://ncicb.nci.nih.gov/xml/owl/EVS/Thesaurus.owl+ACM-C97936,1
3489,http://snomed.info/id/395928005,http://ncicb.nci.nih.gov/xml/owl/EVS/Thesaurus.owl+ACM-C29756,1
3490,http://snomed.info/id/725665005,http://ncicb.nci.nih.gov/xml/owl/EVS/Thesaurus.owl+ACM-C45678,1
3491,http://snomed.info/id/713361007,http://ncicb.nci.nih.gov/xml/owl/EVS/Thesaurus.owl+ACM-C45678,1
3492,http://snomed.info/id/116529007,http://ncicb.nci.nih.gov/xml/owl/EVS/Thesaurus.owl+ACM-C45678,1
3493,http://snomed.info/id/421836004,http://ncicb.nci.nih.gov/xml/owl/EVS/Thesaurus.owl+ACM-C45678,1
3494,http://snomed.info/id/319796006,http://ncicb.nci.nih.gov/xml/owl/EVS/Thesaurus.owl+ACM-C1323,1
3495,http://snomed.info/id/387013009,http://ncicb.nci.nih.gov/xml/owl/EVS/Thesaurus.owl+ACM-C29723,1
3496,http://snomed.info/id/387349000,http://ncicb.nci.nih.gov/xml/owl/EVS/Thesaurus.owl+ACM-C29576,1
3497,http://snomed.info/id/75115009,http://ncicb.nci.nih.gov/xml/owl/EVS/Thesaurus.owl+ACM-C94725,1
3498,http://snomed.info/id/77764008,http://ncicb.nci.nih.gov/xml/owl/EVS/Thesaurus.owl+ACM-C270,1
3499,http://snomed.info/id/81365005,http://ncicb.nci.nih.gov/xml/owl/EVS/Thesaurus.owl+ACM-C2141,1
3500,http://snomed.info/id/398929003,http://ncicb.nci.nih.gov/xml/owl/EVS/Thesaurus.owl+ACM-C275,1
3501,http://snomed.info/id/108933006,http://ncicb.nci.nih.gov/xml/owl/EVS/Thesaurus.owl+ACM-C275,1
3502,http://snomed.info/id/396005002,http://ncicb.nci.nih.gov/xml/owl/EVS/Thesaurus.owl+ACM-C521,1
3503,http://snomed.info/id/412179000,http://ncicb.nci.nih.gov/xml/owl/EVS/Thesaurus.owl+ACM-C106105,1
3504,http://snomed.info/id/715517000,http://ncicb.nci.nih.gov/xml/owl/EVS/Thesaurus.owl+ACM-C2139,1
3505,http://snomed.info/id/412177003,http://ncicb.nci.nih.gov/xml/owl/EVS/Thesaurus.owl+ACM-C2139,1
3506,http://snomed.info/id/711298004,http://ncicb.nci.nih.gov/xml/owl/EVS/Thesaurus.owl+ACM-C345,1
3507,http://snomed.info/id/117004004,http://ncicb.nci.nih.gov/xml/owl/EVS/Thesaurus.owl+ACM-C66883,1
3508,http://snomed.info/id/425483000,http://ncicb.nci.nih.gov/xml/owl/EVS/Thesaurus.owl+ACM-C66883,1
3509,http://snomed.info/id/426276000,http://ncicb.nci.nih.gov/xml/owl/EVS/Thesaurus.owl+ACM-C66883,1
3510,http://snomed.info/id/116106006,http://ncicb.nci.nih.gov/xml/owl/EVS/Thesaurus.owl+ACM-C29696,1
3511,http://snomed.info/id/767857007,http://ncicb.nci.nih.gov/xml/owl/EVS/Thesaurus.owl+ACM-C147923,1
3512,http://snomed.info/id/699678007,http://ncicb.nci.nih.gov/xml/owl/EVS/Thesaurus.owl+ACM-C147923,1
3513,http://snomed.info/id/387006009,http://ncicb.nci.nih.gov/xml/owl/EVS/Thesaurus.owl+ACM-C97366,1
3514,http://snomed.info/id/116088006,http://ncicb.nci.nih.gov/xml/owl/EVS/Thesaurus.owl+ACM-C97366,1
3515,http://snomed.info/id/763581005,http://ncicb.nci.nih.gov/xml/owl/EVS/Thesaurus.owl+ACM-C66885,1
3516,http://snomed.info/id/715253002,http://ncicb.nci.nih.gov/xml/owl/EVS/Thesaurus.owl+ACM-C66885,1
3517,http://snomed.info/id/767324002,http://ncicb.nci.nih.gov/xml/owl/EVS/Thesaurus.owl+ACM-C47794,1
3518,http://snomed.info/id/411990007,http://ncicb.nci.nih.gov/xml/owl/EVS/Thesaurus.owl+ACM-C47794,1
3519,http://snomed.info/id/385570006,http://ncicb.nci.nih.gov/xml/owl/EVS/Thesaurus.owl+ACM-C2319,1
3520,http://snomed.info/id/385572003,http://ncicb.nci.nih.gov/xml/owl/EVS/Thesaurus.owl+ACM-C2319,1
3521,http://snomed.info/id/410843003,http://ncicb.nci.nih.gov/xml/owl/EVS/Thesaurus.owl+ACM-C47794,1
3522,http://snomed.info/id/395255007,http://ncicb.nci.nih.gov/xml/owl/EVS/Thesaurus.owl+ACM-C47794,1
3523,http://snomed.info/id/116095002,http://ncicb.nci.nih.gov/xml/owl/EVS/Thesaurus.owl+ACM-C80509,1
3524,http://snomed.info/id/387008005,http://ncicb.nci.nih.gov/xml/owl/EVS/Thesaurus.owl+ACM-C80509,1
3525,http://snomed.info/id/108641008,http://ncicb.nci.nih.gov/xml/owl/EVS/Thesaurus.owl+ACM-C78273,1
3526,http://snomed.info/id/409376009,http://ncicb.nci.nih.gov/xml/owl/EVS/Thesaurus.owl+ACM-C78273,1
3527,http://snomed.info/id/387023000,http://ncicb.nci.nih.gov/xml/owl/EVS/Thesaurus.owl+ACM-C804,1
3528,http://snomed.info/id/116346006,http://ncicb.nci.nih.gov/xml/owl/EVS/Thesaurus.owl+ACM-C804,1
3529,http://snomed.info/id/439471002,http://ncicb.nci.nih.gov/xml/owl/EVS/Thesaurus.owl+ACM-C333,1
3530,http://snomed.info/id/439624003,http://ncicb.nci.nih.gov/xml/owl/EVS/Thesaurus.owl+ACM-C333,1
3531,http://snomed.info/id/443310000,http://ncicb.nci.nih.gov/xml/owl/EVS/Thesaurus.owl+ACM-C47793,1
3532,http://snomed.info/id/443195003,http://ncicb.nci.nih.gov/xml/owl/EVS/Thesaurus.owl+ACM-C47793,1
3533,http://snomed.info/id/702797004,http://ncicb.nci.nih.gov/xml/owl/EVS/Thesaurus.owl+ACM-C514,1
3534,http://snomed.info/id/414571007,http://ncicb.nci.nih.gov/xml/owl/EVS/Thesaurus.owl+ACM-C78275,1
3535,http://snomed.info/id/414570008,http://ncicb.nci.nih.gov/xml/owl/EVS/Thesaurus.owl+ACM-C78275,1
3536,http://snomed.info/id/412174005,http://ncicb.nci.nih.gov/xml/owl/EVS/Thesaurus.owl+ACM-C29707,1
3537,http://snomed.info/id/108527006,http://ncicb.nci.nih.gov/xml/owl/EVS/Thesaurus.owl+ACM-C333,1
3538,http://snomed.info/id/109103008,http://ncicb.nci.nih.gov/xml/owl/EVS/Thesaurus.owl+ACM-C1742,1
3539,http://snomed.info/id/123579002,http://ncicb.nci.nih.gov/xml/owl/EVS/Thesaurus.owl+ACM-C740,1
3540,http://snomed.info/id/387035001,http://ncicb.nci.nih.gov/xml/owl/EVS/Thesaurus.owl+ACM-C47796,1
3541,http://snomed.info/id/126132001,http://ncicb.nci.nih.gov/xml/owl/EVS/Thesaurus.owl+ACM-C29706,1
3542,http://snomed.info/id/109064002,http://ncicb.nci.nih.gov/xml/owl/EVS/Thesaurus.owl+ACM-C555,1
3543,http://snomed.info/id/109066000,http://ncicb.nci.nih.gov/xml/owl/EVS/Thesaurus.owl+ACM-C555,1
3544,http://snomed.info/id/396016009,http://ncicb.nci.nih.gov/xml/owl/EVS/Thesaurus.owl+ACM-C521,1
3545,http://snomed.info/id/412562004,http://ncicb.nci.nih.gov/xml/owl/EVS/Thesaurus.owl+ACM-C45678,1
3546,http://snomed.info/id/725671004,http://ncicb.nci.nih.gov/xml/owl/EVS/Thesaurus.owl+ACM-C357,1
3547,http://snomed.info/id/412116003,http://ncicb.nci.nih.gov/xml/owl/EVS/Thesaurus.owl+ACM-C29578,1
3548,http://snomed.info/id/109083009,http://ncicb.nci.nih.gov/xml/owl/EVS/Thesaurus.owl+ACM-C1892,1
3549,http://snomed.info/id/395832003,http://ncicb.nci.nih.gov/xml/owl/EVS/Thesaurus.owl+ACM-C29710,1
3550,http://snomed.info/id/395804007,http://ncicb.nci.nih.gov/xml/owl/EVS/Thesaurus.owl+ACM-C67413,1
3551,http://snomed.info/id/108531000,http://ncicb.nci.nih.gov/xml/owl/EVS/Thesaurus.owl+ACM-C333,1
3552,http://snomed.info/id/391822003,http://ncicb.nci.nih.gov/xml/owl/EVS/Thesaurus.owl+ACM-C38149,1
3553,http://snomed.info/id/322554009,http://ncicb.nci.nih.gov/xml/owl/EVS/Thesaurus.owl+ACM-C67413,1
3554,http://snomed.info/id/396035009,http://ncicb.nci.nih.gov/xml/owl/EVS/Thesaurus.owl+ACM-C66884,1
3555,http://snomed.info/id/396006001,http://ncicb.nci.nih.gov/xml/owl/EVS/Thesaurus.owl+ACM-C29578,1
3556,http://snomed.info/id/427021006,http://ncicb.nci.nih.gov/xml/owl/EVS/Thesaurus.owl+ACM-C67413,1
3557,http://snomed.info/id/395935002,http://ncicb.nci.nih.gov/xml/owl/EVS/Thesaurus.owl+ACM-C1505,1
3558,http://snomed.info/id/734561005,http://ncicb.nci.nih.gov/xml/owl/EVS/Thesaurus.owl+ACM-C29578,1
3559,http://snomed.info/id/422073002,http://ncicb.nci.nih.gov/xml/owl/EVS/Thesaurus.owl+ACM-C943,1
3560,http://snomed.info/id/714619003,http://ncicb.nci.nih.gov/xml/owl/EVS/Thesaurus.owl+ACM-C943,1
3561,http://snomed.info/id/108646003,http://ncicb.nci.nih.gov/xml/owl/EVS/Thesaurus.owl+ACM-C29578,1
3562,http://snomed.info/id/395779008,http://ncicb.nci.nih.gov/xml/owl/EVS/Thesaurus.owl+ACM-C66880,1
3563,http://snomed.info/id/108927002,http://ncicb.nci.nih.gov/xml/owl/EVS/Thesaurus.owl+ACM-C514,1
3564,http://snomed.info/id/782604006,http://ncicb.nci.nih.gov/xml/owl/EVS/Thesaurus.owl+ACM-C29696,1
3565,http://snomed.info/id/409475007,http://ncicb.nci.nih.gov/xml/owl/EVS/Thesaurus.owl+ACM-C29578,1
3566,http://snomed.info/id/426388000,http://ncicb.nci.nih.gov/xml/owl/EVS/Thesaurus.owl+ACM-C697,1
3567,http://snomed.info/id/735160008,http://ncicb.nci.nih.gov/xml/owl/EVS/Thesaurus.owl+ACM-C448,1
3568,http://snomed.info/id/735065001,http://ncicb.nci.nih.gov/xml/owl/EVS/Thesaurus.owl+ACM-C47793,1
3569,http://snomed.info/id/703407002,http://ncicb.nci.nih.gov/xml/owl/EVS/Thesaurus.owl+ACM-C29698,1
3570,http://snomed.info/id/391725009,http://ncicb.nci.nih.gov/xml/owl/EVS/Thesaurus.owl+ACM-C29700,1
3571,http://snomed.info/id/703114007,http://ncicb.nci.nih.gov/xml/owl/EVS/Thesaurus.owl+ACM-C270,1
3572,http://snomed.info/id/734508002,http://ncicb.nci.nih.gov/xml/owl/EVS/Thesaurus.owl+ACM-C29747,1
3573,http://snomed.info/id/108864007,http://ncicb.nci.nih.gov/xml/owl/EVS/Thesaurus.owl+ACM-C29578,1
3574,http://snomed.info/id/426339000,http://ncicb.nci.nih.gov/xml/owl/EVS/Thesaurus.owl+ACM-C94726,1
3575,http://snomed.info/id/782144003,http://ncicb.nci.nih.gov/xml/owl/EVS/Thesaurus.owl+ACM-C29710,1
3576,http://snomed.info/id/126154004,http://ncicb.nci.nih.gov/xml/owl/EVS/Thesaurus.owl+ACM-C29577,1
3577,http://snomed.info/id/412252005,http://ncicb.nci.nih.gov/xml/owl/EVS/Thesaurus.owl+ACM-C681,1
3578,http://snomed.info/id/412325002,http://ncicb.nci.nih.gov/xml/owl/EVS/Thesaurus.owl+ACM-C1556,1
3579,http://snomed.info/id/391730008,http://ncicb.nci.nih.gov/xml/owl/EVS/Thesaurus.owl+ACM-C443,1
3580,http://snomed.info/id/421552005,http://ncicb.nci.nih.gov/xml/owl/EVS/Thesaurus.owl+ACM-C67439,1
3581,http://snomed.info/id/441570004,http://ncicb.nci.nih.gov/xml/owl/EVS/Thesaurus.owl+ACM-C29723,1
3582,http://snomed.info/id/734468001,http://ncicb.nci.nih.gov/xml/owl/EVS/Thesaurus.owl+ACM-C47795,1
3583,http://snomed.info/id/412208002,http://ncicb.nci.nih.gov/xml/owl/EVS/Thesaurus.owl+ACM-C47793,1
3584,http://snomed.info/id/426714006,http://ncicb.nci.nih.gov/xml/owl/EVS/Thesaurus.owl+ACM-C257,1
3585,http://snomed.info/id/420742000,http://ncicb.nci.nih.gov/xml/owl/EVS/Thesaurus.owl+ACM-C1907,1
3586,http://snomed.info/id/734460008,http://ncicb.nci.nih.gov/xml/owl/EVS/Thesaurus.owl+ACM-C319,1
3587,http://snomed.info/id/429611006,http://ncicb.nci.nih.gov/xml/owl/EVS/Thesaurus.owl+ACM-C62799,1
3588,http://snomed.info/id/717106007,http://ncicb.nci.nih.gov/xml/owl/EVS/Thesaurus.owl+ACM-C277,1
3589,http://snomed.info/id/765366002,http://ncicb.nci.nih.gov/xml/owl/EVS/Thesaurus.owl+ACM-C78311,1
3590,http://snomed.info/id/129490002,http://ncicb.nci.nih.gov/xml/owl/EVS/Thesaurus.owl+ACM-C319,1
3591,http://snomed.info/id/391766009,http://ncicb.nci.nih.gov/xml/owl/EVS/Thesaurus.owl+ACM-C257,1
3592,http://snomed.info/id/396054009,http://ncicb.nci.nih.gov/xml/owl/EVS/Thesaurus.owl+ACM-C514,1
3593,http://snomed.info/id/412187004,http://ncicb.nci.nih.gov/xml/owl/EVS/Thesaurus.owl+ACM-C2150,1
3594,http://snomed.info/id/763357004,http://ncicb.nci.nih.gov/xml/owl/EVS/Thesaurus.owl+ACM-C28394,1
3595,http://snomed.info/id/763219002,http://ncicb.nci.nih.gov/xml/owl/EVS/Thesaurus.owl+ACM-C28394,1
3596,http://snomed.info/id/421472002,http://ncicb.nci.nih.gov/xml/owl/EVS/Thesaurus.owl+ACM-C28394,1
3597,http://snomed.info/id/422010007,http://ncicb.nci.nih.gov/xml/owl/EVS/Thesaurus.owl+ACM-C28394,1
3598,http://snomed.info/id/714672004,http://ncicb.nci.nih.gov/xml/owl/EVS/Thesaurus.owl+ACM-C28394,1
3599,http://snomed.info/id/703400000,http://ncicb.nci.nih.gov/xml/owl/EVS/Thesaurus.owl+ACM-C28394,1
3600,http://snomed.info/id/712691003,http://ncicb.nci.nih.gov/xml/owl/EVS/Thesaurus.owl+ACM-C257,1
3601,http://snomed.info/id/769096009,http://ncicb.nci.nih.gov/xml/owl/EVS/Thesaurus.owl+ACM-C29767,1
3602,http://snomed.info/id/391731007,http://ncicb.nci.nih.gov/xml/owl/EVS/Thesaurus.owl+ACM-C78276,1
3603,http://snomed.info/id/412507008,http://ncicb.nci.nih.gov/xml/owl/EVS/Thesaurus.owl+ACM-C106105,1
3604,http://snomed.info/id/116075008,http://ncicb.nci.nih.gov/xml/owl/EVS/Thesaurus.owl+ACM-C78273,1
3605,http://snomed.info/id/386999001,http://ncicb.nci.nih.gov/xml/owl/EVS/Thesaurus.owl+ACM-C78273,1
3606,http://snomed.info/id/717180003,http://ncicb.nci.nih.gov/xml/owl/EVS/Thesaurus.owl+ACM-C52588,1
3607,http://snomed.info/id/423685001,http://ncicb.nci.nih.gov/xml/owl/EVS/Thesaurus.owl+ACM-C860,1
3608,http://snomed.info/id/421208001,http://ncicb.nci.nih.gov/xml/owl/EVS/Thesaurus.owl+ACM-C860,1
3609,http://snomed.info/id/769106004,http://ncicb.nci.nih.gov/xml/owl/EVS/Thesaurus.owl+ACM-C29578,1
3610,http://snomed.info/id/703721004,http://ncicb.nci.nih.gov/xml/owl/EVS/Thesaurus.owl+ACM-C281,1
3611,http://snomed.info/id/108653007,http://ncicb.nci.nih.gov/xml/owl/EVS/Thesaurus.owl+ACM-C29578,1
3612,http://snomed.info/id/384973006,http://ncicb.nci.nih.gov/xml/owl/EVS/Thesaurus.owl+ACM-C29723,1
3613,http://snomed.info/id/108376001,http://ncicb.nci.nih.gov/xml/owl/EVS/Thesaurus.owl+ACM-C67413,1
3614,http://snomed.info/id/734510000,http://ncicb.nci.nih.gov/xml/owl/EVS/Thesaurus.owl+ACM-C270,1
3615,http://snomed.info/id/699482000,http://ncicb.nci.nih.gov/xml/owl/EVS/Thesaurus.owl+ACM-C29702,1
3616,http://snomed.info/id/108474004,http://ncicb.nci.nih.gov/xml/owl/EVS/Thesaurus.owl+ACM-C38149,1
3617,http://snomed.info/id/108924009,http://ncicb.nci.nih.gov/xml/owl/EVS/Thesaurus.owl+ACM-C514,1
3618,http://snomed.info/id/769099002,http://ncicb.nci.nih.gov/xml/owl/EVS/Thesaurus.owl+ACM-C28394,1
3619,http://snomed.info/id/108843008,http://ncicb.nci.nih.gov/xml/owl/EVS/Thesaurus.owl+ACM-C29578,1
3620,http://snomed.info/id/426726001,http://ncicb.nci.nih.gov/xml/owl/EVS/Thesaurus.owl+ACM-C514,1
3621,http://snomed.info/id/412189001,http://ncicb.nci.nih.gov/xml/owl/EVS/Thesaurus.owl+ACM-C1505,1
3622,http://snomed.info/id/108977004,http://ncicb.nci.nih.gov/xml/owl/EVS/Thesaurus.owl+ACM-C1327,1
3623,http://snomed.info/id/256218005,http://ncicb.nci.nih.gov/xml/owl/EVS/Thesaurus.owl+ACM-C79636,1
3624,http://snomed.info/id/411523006,http://ncicb.nci.nih.gov/xml/owl/EVS/Thesaurus.owl+ACM-C79636,1
3625,http://snomed.info/id/703560000,http://ncicb.nci.nih.gov/xml/owl/EVS/Thesaurus.owl+ACM-C29578,1
3626,http://snomed.info/id/412588001,http://ncicb.nci.nih.gov/xml/owl/EVS/Thesaurus.owl+ACM-C1505,1
3627,http://snomed.info/id/412589009,http://ncicb.nci.nih.gov/xml/owl/EVS/Thesaurus.owl+ACM-C1505,1
3628,http://snomed.info/id/426610008,http://ncicb.nci.nih.gov/xml/owl/EVS/Thesaurus.owl+ACM-C38149,1
3629,http://snomed.info/id/108409005,http://ncicb.nci.nih.gov/xml/owl/EVS/Thesaurus.owl+ACM-C47794,1
3630,http://snomed.info/id/412282004,http://ncicb.nci.nih.gov/xml/owl/EVS/Thesaurus.owl+ACM-C66884,1
3631,http://snomed.info/id/370454004,http://ncicb.nci.nih.gov/xml/owl/EVS/Thesaurus.owl+ACM-C1505,1
3632,http://snomed.info/id/412394005,http://ncicb.nci.nih.gov/xml/owl/EVS/Thesaurus.owl+ACM-C1505,1
3633,http://snomed.info/id/420733007,http://ncicb.nci.nih.gov/xml/owl/EVS/Thesaurus.owl+ACM-C1505,1
3634,http://snomed.info/id/430082006,http://ncicb.nci.nih.gov/xml/owl/EVS/Thesaurus.owl+ACM-C697,1
3635,http://snomed.info/id/129488003,http://ncicb.nci.nih.gov/xml/owl/EVS/Thesaurus.owl+ACM-C66930,1
3636,http://snomed.info/id/734565001,http://ncicb.nci.nih.gov/xml/owl/EVS/Thesaurus.owl+ACM-C29576,1
3637,http://snomed.info/id/420711005,http://ncicb.nci.nih.gov/xml/owl/EVS/Thesaurus.owl+ACM-C1505,1
3638,http://snomed.info/id/421881000,http://ncicb.nci.nih.gov/xml/owl/EVS/Thesaurus.owl+ACM-C1505,1
3639,http://snomed.info/id/1156227003,http://ncicb.nci.nih.gov/xml/owl/EVS/Thesaurus.owl+ACM-C67413,1
3640,http://snomed.info/id/404839003,http://ncicb.nci.nih.gov/xml/owl/EVS/Thesaurus.owl+ACM-C67439,1
3641,http://snomed.info/id/116580008,http://ncicb.nci.nih.gov/xml/owl/EVS/Thesaurus.owl+ACM-C521,1
3642,http://snomed.info/id/427671005,http://ncicb.nci.nih.gov/xml/owl/EVS/Thesaurus.owl+ACM-C29578,1
3643,http://snomed.info/id/412354008,http://ncicb.nci.nih.gov/xml/owl/EVS/Thesaurus.owl+ACM-C80483,1
3644,http://snomed.info/id/412582000,http://ncicb.nci.nih.gov/xml/owl/EVS/Thesaurus.owl+ACM-C79662,1
3645,http://snomed.info/id/419711001,http://ncicb.nci.nih.gov/xml/owl/EVS/Thesaurus.owl+ACM-C521,1
3646,http://snomed.info/id/108857005,http://ncicb.nci.nih.gov/xml/owl/EVS/Thesaurus.owl+ACM-C521,1
3647,http://snomed.info/id/108412008,http://ncicb.nci.nih.gov/xml/owl/EVS/Thesaurus.owl+ACM-C47794,1
3648,http://snomed.info/id/441632007,http://ncicb.nci.nih.gov/xml/owl/EVS/Thesaurus.owl+ACM-C574,1
3649,http://snomed.info/id/412304002,http://ncicb.nci.nih.gov/xml/owl/EVS/Thesaurus.owl+ACM-C759,1
3650,http://snomed.info/id/116090007,http://ncicb.nci.nih.gov/xml/owl/EVS/Thesaurus.owl+ACM-C319,1
3651,http://snomed.info/id/398965008,http://ncicb.nci.nih.gov/xml/owl/EVS/Thesaurus.owl+ACM-C319,1
3652,http://snomed.info/id/396018005,http://ncicb.nci.nih.gov/xml/owl/EVS/Thesaurus.owl+ACM-C257,1
3653,http://snomed.info/id/329961001,http://ncicb.nci.nih.gov/xml/owl/EVS/Thesaurus.owl+ACM-C257,1
3654,http://snomed.info/id/411098003,http://ncicb.nci.nih.gov/xml/owl/EVS/Thesaurus.owl+ACM-C47795,1
3655,http://snomed.info/id/428186003,http://ncicb.nci.nih.gov/xml/owl/EVS/Thesaurus.owl+ACM-C78311,1
3656,http://snomed.info/id/426017007,http://ncicb.nci.nih.gov/xml/owl/EVS/Thesaurus.owl+ACM-C521,1
3657,http://snomed.info/id/412583005,http://ncicb.nci.nih.gov/xml/owl/EVS/Thesaurus.owl+ACM-C1505,1
3658,http://snomed.info/id/116089003,http://ncicb.nci.nih.gov/xml/owl/EVS/Thesaurus.owl+ACM-C1557,1
3659,http://snomed.info/id/427742003,http://ncicb.nci.nih.gov/xml/owl/EVS/Thesaurus.owl+ACM-C548,1
3660,http://snomed.info/id/116510001,http://ncicb.nci.nih.gov/xml/owl/EVS/Thesaurus.owl+ACM-C29723,1
3661,http://snomed.info/id/116096001,http://ncicb.nci.nih.gov/xml/owl/EVS/Thesaurus.owl+ACM-C98241,1
3662,http://snomed.info/id/412266000,http://ncicb.nci.nih.gov/xml/owl/EVS/Thesaurus.owl+ACM-C1505,1
3663,http://snomed.info/id/412266000,http://ncicb.nci.nih.gov/xml/owl/EVS/Thesaurus.owl+ACM-C79664,1
3664,http://snomed.info/id/427339006,http://ncicb.nci.nih.gov/xml/owl/EVS/Thesaurus.owl+ACM-C1505,1
3665,http://snomed.info/id/427339006,http://ncicb.nci.nih.gov/xml/owl/EVS/Thesaurus.owl+ACM-C79664,1
3666,http://snomed.info/id/323245002,http://ncicb.nci.nih.gov/xml/owl/EVS/Thesaurus.owl+ACM-C66880,1
3667,http://snomed.info/id/412515006,http://ncicb.nci.nih.gov/xml/owl/EVS/Thesaurus.owl+ACM-C106105,1
3668,http://snomed.info/id/712735003,http://ncicb.nci.nih.gov/xml/owl/EVS/Thesaurus.owl+ACM-C29578,1
3669,http://snomed.info/id/67928003,http://ncicb.nci.nih.gov/xml/owl/EVS/Thesaurus.owl+ACM-C1971,1
3670,http://snomed.info/id/404850000,http://ncicb.nci.nih.gov/xml/owl/EVS/Thesaurus.owl+ACM-C29636,1
3671,http://snomed.info/id/116115004,http://ncicb.nci.nih.gov/xml/owl/EVS/Thesaurus.owl+ACM-C2017,1
3672,http://snomed.info/id/387017005,http://ncicb.nci.nih.gov/xml/owl/EVS/Thesaurus.owl+ACM-C2017,1
3673,http://snomed.info/id/116102008,http://ncicb.nci.nih.gov/xml/owl/EVS/Thesaurus.owl+ACM-C2092,1
3674,http://snomed.info/id/412540004,http://ncicb.nci.nih.gov/xml/owl/EVS/Thesaurus.owl+ACM-C106105,1
3675,http://snomed.info/id/116113006,http://ncicb.nci.nih.gov/xml/owl/EVS/Thesaurus.owl+ACM-C281,1
3676,http://snomed.info/id/116112001,http://ncicb.nci.nih.gov/xml/owl/EVS/Thesaurus.owl+ACM-C29714,1
3677,http://snomed.info/id/116097005,http://ncicb.nci.nih.gov/xml/owl/EVS/Thesaurus.owl+ACM-C98241,1
3678,http://snomed.info/id/412114000,http://ncicb.nci.nih.gov/xml/owl/EVS/Thesaurus.owl+ACM-C2092,1
3679,http://snomed.info/id/703373000,http://ncicb.nci.nih.gov/xml/owl/EVS/Thesaurus.owl+ACM-C1505,1
3680,http://snomed.info/id/712713006,http://ncicb.nci.nih.gov/xml/owl/EVS/Thesaurus.owl+ACM-C714,1
3681,http://snomed.info/id/720023002,http://ncicb.nci.nih.gov/xml/owl/EVS/Thesaurus.owl+ACM-C79664,1
3682,http://snomed.info/id/715539003,http://ncicb.nci.nih.gov/xml/owl/EVS/Thesaurus.owl+ACM-C79664,1
3683,http://snomed.info/id/725792007,http://ncicb.nci.nih.gov/xml/owl/EVS/Thesaurus.owl+ACM-C1505,1
3684,http://snomed.info/id/427147004,http://ncicb.nci.nih.gov/xml/owl/EVS/Thesaurus.owl+ACM-C98292,1
3685,http://snomed.info/id/116345005,http://ncicb.nci.nih.gov/xml/owl/EVS/Thesaurus.owl+ACM-C47796,1
3686,http://snomed.info/id/386142008,http://ncicb.nci.nih.gov/xml/owl/EVS/Thesaurus.owl+ACM-C281,1
3687,http://snomed.info/id/412261005,http://ncicb.nci.nih.gov/xml/owl/EVS/Thesaurus.owl+ACM-C281,1
3688,http://snomed.info/id/116130008,http://ncicb.nci.nih.gov/xml/owl/EVS/Thesaurus.owl+ACM-C1505,1
3689,http://snomed.info/id/786421005,http://ncicb.nci.nih.gov/xml/owl/EVS/Thesaurus.owl+ACM-C1505,1
3690,http://snomed.info/id/784354008,http://ncicb.nci.nih.gov/xml/owl/EVS/Thesaurus.owl+ACM-C1420,1
3691,http://snomed.info/id/96168002,http://ncicb.nci.nih.gov/xml/owl/EVS/Thesaurus.owl+ACM-C277,1
3692,http://snomed.info/id/396051001,http://ncicb.nci.nih.gov/xml/owl/EVS/Thesaurus.owl+ACM-C257,1
3693,http://snomed.info/id/350320002,http://ncicb.nci.nih.gov/xml/owl/EVS/Thesaurus.owl+ACM-C257,1
3694,http://snomed.info/id/329509009,http://ncicb.nci.nih.gov/xml/owl/EVS/Thesaurus.owl+ACM-C106105,1
3695,http://snomed.info/id/411618001,http://ncicb.nci.nih.gov/xml/owl/EVS/Thesaurus.owl+ACM-C106105,1
3696,http://snomed.info/id/108707008,http://ncicb.nci.nih.gov/xml/owl/EVS/Thesaurus.owl+ACM-C97366,1
3697,http://snomed.info/id/108781007,http://ncicb.nci.nih.gov/xml/owl/EVS/Thesaurus.owl+ACM-C1904,1
3698,http://snomed.info/id/108781007,http://ncicb.nci.nih.gov/xml/owl/EVS/Thesaurus.owl+ACM-C2843,1
3699,http://snomed.info/id/411000220105,http://ncicb.nci.nih.gov/xml/owl/EVS/Thesaurus.owl+ACM-C94725,1
3700,http://snomed.info/id/428145005,http://ncicb.nci.nih.gov/xml/owl/EVS/Thesaurus.owl+ACM-C87006,1
3701,http://snomed.info/id/108629001,http://ncicb.nci.nih.gov/xml/owl/EVS/Thesaurus.owl+ACM-C257,1
3702,http://snomed.info/id/421048000,http://ncicb.nci.nih.gov/xml/owl/EVS/Thesaurus.owl+ACM-C333,1
3703,http://snomed.info/id/2195004,http://ncicb.nci.nih.gov/xml/owl/EVS/Thesaurus.owl+ACM-C47793,1
3704,http://snomed.info/id/785693004,http://ncicb.nci.nih.gov/xml/owl/EVS/Thesaurus.owl+ACM-C260,1
3705,http://snomed.info/id/116546005,http://ncicb.nci.nih.gov/xml/owl/EVS/Thesaurus.owl+ACM-C29578,1
3706,http://snomed.info/id/725863000,http://ncicb.nci.nih.gov/xml/owl/EVS/Thesaurus.owl+ACM-C1323,1
3707,http://snomed.info/id/77353007,http://ncicb.nci.nih.gov/xml/owl/EVS/Thesaurus.owl+ACM-C257,1
3708,http://snomed.info/id/442508008,http://ncicb.nci.nih.gov/xml/owl/EVS/Thesaurus.owl+ACM-C29701,1
3709,http://snomed.info/id/725850006,http://ncicb.nci.nih.gov/xml/owl/EVS/Thesaurus.owl+ACM-C697,1
3710,http://snomed.info/id/412311003,http://ncicb.nci.nih.gov/xml/owl/EVS/Thesaurus.owl+ACM-C47793,1
3711,http://snomed.info/id/897039000,http://ncicb.nci.nih.gov/xml/owl/EVS/Thesaurus.owl+ACM-C521,1
3712,http://snomed.info/id/715208004,http://ncicb.nci.nih.gov/xml/owl/EVS/Thesaurus.owl+ACM-C29701,1
3713,http://snomed.info/id/773236009,http://ncicb.nci.nih.gov/xml/owl/EVS/Thesaurus.owl+ACM-C271,1
3714,http://snomed.info/id/773181000,http://ncicb.nci.nih.gov/xml/owl/EVS/Thesaurus.owl+ACM-C271,1
3715,http://snomed.info/id/387070004,http://ncicb.nci.nih.gov/xml/owl/EVS/Thesaurus.owl+ACM-C98079,1
3716,http://snomed.info/id/134604002,http://ncicb.nci.nih.gov/xml/owl/EVS/Thesaurus.owl+ACM-C98079,1
3717,http://snomed.info/id/418784008,http://ncicb.nci.nih.gov/xml/owl/EVS/Thesaurus.owl+ACM-C1556,1
3718,http://snomed.info/id/418538001,http://ncicb.nci.nih.gov/xml/owl/EVS/Thesaurus.owl+ACM-C1556,1
3719,http://snomed.info/id/396015008,http://ncicb.nci.nih.gov/xml/owl/EVS/Thesaurus.owl+ACM-C29578,1
3720,http://snomed.info/id/134506008,http://ncicb.nci.nih.gov/xml/owl/EVS/Thesaurus.owl+ACM-C29578,1
3721,http://snomed.info/id/395266000,http://ncicb.nci.nih.gov/xml/owl/EVS/Thesaurus.owl+ACM-C281,1
3722,http://snomed.info/id/129476000,http://ncicb.nci.nih.gov/xml/owl/EVS/Thesaurus.owl+ACM-C1556,1
3723,http://snomed.info/id/404855005,http://ncicb.nci.nih.gov/xml/owl/EVS/Thesaurus.owl+ACM-C97452,1
3724,http://snomed.info/id/404856006,http://ncicb.nci.nih.gov/xml/owl/EVS/Thesaurus.owl+ACM-C97452,1
3725,http://snomed.info/id/411240001,http://ncicb.nci.nih.gov/xml/owl/EVS/Thesaurus.owl+ACM-C851,1
3726,http://snomed.info/id/255880007,http://ncicb.nci.nih.gov/xml/owl/EVS/Thesaurus.owl+ACM-C851,1
3727,http://snomed.info/id/385583007,http://ncicb.nci.nih.gov/xml/owl/EVS/Thesaurus.owl+ACM-C1323,1
3728,http://snomed.info/id/385584001,http://ncicb.nci.nih.gov/xml/owl/EVS/Thesaurus.owl+ACM-C1323,1
3729,http://snomed.info/id/699273008,http://ncicb.nci.nih.gov/xml/owl/EVS/Thesaurus.owl+ACM-C47794,1
3730,http://snomed.info/id/774192009,http://ncicb.nci.nih.gov/xml/owl/EVS/Thesaurus.owl+ACM-C47794,1
3731,http://snomed.info/id/134529000,http://ncicb.nci.nih.gov/xml/owl/EVS/Thesaurus.owl+ACM-C47794,1
3732,http://snomed.info/id/363569003,http://ncicb.nci.nih.gov/xml/owl/EVS/Thesaurus.owl+ACM-C47794,1
3733,http://snomed.info/id/395289008,http://ncicb.nci.nih.gov/xml/owl/EVS/Thesaurus.owl+ACM-C1323,1
3734,http://snomed.info/id/409135005,http://ncicb.nci.nih.gov/xml/owl/EVS/Thesaurus.owl+ACM-C1323,1
3735,http://snomed.info/id/734520005,http://ncicb.nci.nih.gov/xml/owl/EVS/Thesaurus.owl+ACM-C257,1
3736,http://snomed.info/id/81017004,http://ncicb.nci.nih.gov/xml/owl/EVS/Thesaurus.owl+ACM-C93038,1
3737,http://snomed.info/id/96227004,http://ncicb.nci.nih.gov/xml/owl/EVS/Thesaurus.owl+ACM-C1012,1
3738,http://snomed.info/id/442253006,http://ncicb.nci.nih.gov/xml/owl/EVS/Thesaurus.owl+ACM-C283,1
3739,http://snomed.info/id/426357004,http://ncicb.nci.nih.gov/xml/owl/EVS/Thesaurus.owl+ACM-C932,1
3740,http://snomed.info/id/385519002,http://ncicb.nci.nih.gov/xml/owl/EVS/Thesaurus.owl+ACM-C2116,1
3741,http://snomed.info/id/404845006,http://ncicb.nci.nih.gov/xml/owl/EVS/Thesaurus.owl+ACM-C2116,1
3742,http://snomed.info/id/129474002,http://ncicb.nci.nih.gov/xml/owl/EVS/Thesaurus.owl+ACM-C514,1
3743,http://snomed.info/id/391634008,http://ncicb.nci.nih.gov/xml/owl/EVS/Thesaurus.owl+ACM-C159198,1
3744,http://snomed.info/id/414460008,http://ncicb.nci.nih.gov/xml/owl/EVS/Thesaurus.owl+ACM-C159198,1
3745,http://snomed.info/id/64507008,http://ncicb.nci.nih.gov/xml/owl/EVS/Thesaurus.owl+ACM-C281,1
3746,http://snomed.info/id/387448009,http://ncicb.nci.nih.gov/xml/owl/EVS/Thesaurus.owl+ACM-C67084,1
3747,http://snomed.info/id/735172002,http://ncicb.nci.nih.gov/xml/owl/EVS/Thesaurus.owl+ACM-C511,1
3748,http://snomed.info/id/421747003,http://ncicb.nci.nih.gov/xml/owl/EVS/Thesaurus.owl+ACM-C514,1
3749,http://snomed.info/id/420282006,http://ncicb.nci.nih.gov/xml/owl/EVS/Thesaurus.owl+ACM-C514,1
3750,http://snomed.info/id/129489006,http://ncicb.nci.nih.gov/xml/owl/EVS/Thesaurus.owl+ACM-C29723,1
3751,http://snomed.info/id/425212004,http://ncicb.nci.nih.gov/xml/owl/EVS/Thesaurus.owl+ACM-C1505,1
3752,http://snomed.info/id/408112000,http://ncicb.nci.nih.gov/xml/owl/EVS/Thesaurus.owl+ACM-C1505,1
3753,http://snomed.info/id/720488001,http://ncicb.nci.nih.gov/xml/owl/EVS/Thesaurus.owl+ACM-C106104,1
3754,http://snomed.info/id/412434008,http://ncicb.nci.nih.gov/xml/owl/EVS/Thesaurus.owl+ACM-C106104,1
3755,http://snomed.info/id/317331009,http://ncicb.nci.nih.gov/xml/owl/EVS/Thesaurus.owl+ACM-C29723,1
3756,http://snomed.info/id/396047003,http://ncicb.nci.nih.gov/xml/owl/EVS/Thesaurus.owl+ACM-C29723,1
3757,http://snomed.info/id/421457001,http://ncicb.nci.nih.gov/xml/owl/EVS/Thesaurus.owl+ACM-C913,1
3758,http://snomed.info/id/421147008,http://ncicb.nci.nih.gov/xml/owl/EVS/Thesaurus.owl+ACM-C913,1
3759,http://snomed.info/id/409292001,http://ncicb.nci.nih.gov/xml/owl/EVS/Thesaurus.owl+ACM-C1937,1
3760,http://snomed.info/id/409291008,http://ncicb.nci.nih.gov/xml/owl/EVS/Thesaurus.owl+ACM-C1937,1
3761,http://snomed.info/id/129478004,http://ncicb.nci.nih.gov/xml/owl/EVS/Thesaurus.owl+ACM-C47794,1
3762,http://snomed.info/id/391664000,http://ncicb.nci.nih.gov/xml/owl/EVS/Thesaurus.owl+ACM-C29705,1
3763,http://snomed.info/id/129493000,http://ncicb.nci.nih.gov/xml/owl/EVS/Thesaurus.owl+ACM-C78568,1
3764,http://snomed.info/id/129492005,http://ncicb.nci.nih.gov/xml/owl/EVS/Thesaurus.owl+ACM-C78568,1
3765,http://snomed.info/id/395300006,http://ncicb.nci.nih.gov/xml/owl/EVS/Thesaurus.owl+ACM-C78568,1
3766,http://snomed.info/id/412326001,http://ncicb.nci.nih.gov/xml/owl/EVS/Thesaurus.owl+ACM-C1556,1
3767,http://snomed.info/id/385608005,http://ncicb.nci.nih.gov/xml/owl/EVS/Thesaurus.owl+ACM-C477,1
3768,http://snomed.info/id/385610007,http://ncicb.nci.nih.gov/xml/owl/EVS/Thesaurus.owl+ACM-C477,1
3769,http://snomed.info/id/134571004,http://ncicb.nci.nih.gov/xml/owl/EVS/Thesaurus.owl+ACM-C1660,1
3770,http://snomed.info/id/134573001,http://ncicb.nci.nih.gov/xml/owl/EVS/Thesaurus.owl+ACM-C97366,1
3771,http://snomed.info/id/129558005,http://ncicb.nci.nih.gov/xml/owl/EVS/Thesaurus.owl+ACM-C155700,1
3772,http://snomed.info/id/412267009,http://ncicb.nci.nih.gov/xml/owl/EVS/Thesaurus.owl+ACM-C79636,1
3773,http://snomed.info/id/412265001,http://ncicb.nci.nih.gov/xml/owl/EVS/Thesaurus.owl+ACM-C79636,1
3774,http://snomed.info/id/735340006,http://ncicb.nci.nih.gov/xml/owl/EVS/Thesaurus.owl+ACM-C71965,1
3775,http://snomed.info/id/412112001,http://ncicb.nci.nih.gov/xml/owl/EVS/Thesaurus.owl+ACM-C78284,1
3776,http://snomed.info/id/420780004,http://ncicb.nci.nih.gov/xml/owl/EVS/Thesaurus.owl+ACM-C1892,1
3777,http://snomed.info/id/68887009,http://ncicb.nci.nih.gov/xml/owl/EVS/Thesaurus.owl+ACM-C2153,1
3778,http://snomed.info/id/412247000,http://ncicb.nci.nih.gov/xml/owl/EVS/Thesaurus.owl+ACM-C2153,1
3779,http://snomed.info/id/387381009,http://ncicb.nci.nih.gov/xml/owl/EVS/Thesaurus.owl+ACM-C2153,1
3780,http://snomed.info/id/838284008,http://ncicb.nci.nih.gov/xml/owl/EVS/Thesaurus.owl+ACM-C795,1
3781,http://snomed.info/id/395895003,http://ncicb.nci.nih.gov/xml/owl/EVS/Thesaurus.owl+ACM-C52588,1
3782,http://snomed.info/id/333179001,http://ncicb.nci.nih.gov/xml/owl/EVS/Thesaurus.owl+ACM-C52588,1
3783,http://snomed.info/id/33362004,http://ncicb.nci.nih.gov/xml/owl/EVS/Thesaurus.owl+ACM-C851,1
3784,http://snomed.info/id/396022000,http://ncicb.nci.nih.gov/xml/owl/EVS/Thesaurus.owl+ACM-C26170,1
3785,http://snomed.info/id/703557007,http://ncicb.nci.nih.gov/xml/owl/EVS/Thesaurus.owl+ACM-C66880,1
3786,http://snomed.info/id/703416003,http://ncicb.nci.nih.gov/xml/owl/EVS/Thesaurus.owl+ACM-C66880,1
3787,http://snomed.info/id/395893005,http://ncicb.nci.nih.gov/xml/owl/EVS/Thesaurus.owl+ACM-C39713,1
3788,http://snomed.info/id/332214000,http://ncicb.nci.nih.gov/xml/owl/EVS/Thesaurus.owl+ACM-C39713,1
3789,http://snomed.info/id/391770001,http://ncicb.nci.nih.gov/xml/owl/EVS/Thesaurus.owl+ACM-C514,1
3790,http://snomed.info/id/419460005,http://ncicb.nci.nih.gov/xml/owl/EVS/Thesaurus.owl+ACM-C257,1
3791,http://snomed.info/id/419829002,http://ncicb.nci.nih.gov/xml/owl/EVS/Thesaurus.owl+ACM-C257,1
3792,http://snomed.info/id/407010008,http://ncicb.nci.nih.gov/xml/owl/EVS/Thesaurus.owl+ACM-C843,1
3793,http://snomed.info/id/398699008,http://ncicb.nci.nih.gov/xml/owl/EVS/Thesaurus.owl+ACM-C270,1
3794,http://snomed.info/id/725677000,http://ncicb.nci.nih.gov/xml/owl/EVS/Thesaurus.owl+ACM-C737,1
3795,http://snomed.info/id/763518006,http://ncicb.nci.nih.gov/xml/owl/EVS/Thesaurus.owl+ACM-C737,1
3796,http://snomed.info/id/715594006,http://ncicb.nci.nih.gov/xml/owl/EVS/Thesaurus.owl+ACM-C29703,1
3797,http://snomed.info/id/703361000,http://ncicb.nci.nih.gov/xml/owl/EVS/Thesaurus.owl+ACM-C29703,1
3798,http://snomed.info/id/398857009,http://ncicb.nci.nih.gov/xml/owl/EVS/Thesaurus.owl+ACM-C574,1
3799,http://snomed.info/id/398691006,http://ncicb.nci.nih.gov/xml/owl/EVS/Thesaurus.owl+ACM-C574,1
3800,http://snomed.info/id/768151007,http://ncicb.nci.nih.gov/xml/owl/EVS/Thesaurus.owl+ACM-C1655,1
3801,http://snomed.info/id/700067006,http://ncicb.nci.nih.gov/xml/owl/EVS/Thesaurus.owl+ACM-C1655,1
3802,http://snomed.info/id/407129000,http://ncicb.nci.nih.gov/xml/owl/EVS/Thesaurus.owl+ACM-C2092,1
3803,http://snomed.info/id/407128008,http://ncicb.nci.nih.gov/xml/owl/EVS/Thesaurus.owl+ACM-C2092,1
3804,http://snomed.info/id/448971002,http://ncicb.nci.nih.gov/xml/owl/EVS/Thesaurus.owl+ACM-C744,1
3805,http://snomed.info/id/714680006,http://ncicb.nci.nih.gov/xml/owl/EVS/Thesaurus.owl+ACM-C744,1
3806,http://snomed.info/id/421858002,http://ncicb.nci.nih.gov/xml/owl/EVS/Thesaurus.owl+ACM-C2180,1
3807,http://snomed.info/id/421516006,http://ncicb.nci.nih.gov/xml/owl/EVS/Thesaurus.owl+ACM-C2180,1
3808,http://snomed.info/id/415853004,http://ncicb.nci.nih.gov/xml/owl/EVS/Thesaurus.owl+ACM-C263,1
3809,http://snomed.info/id/441943001,http://ncicb.nci.nih.gov/xml/owl/EVS/Thesaurus.owl+ACM-C78311,1
3810,http://snomed.info/id/441764007,http://ncicb.nci.nih.gov/xml/owl/EVS/Thesaurus.owl+ACM-C78311,1
3811,http://snomed.info/id/734472002,http://ncicb.nci.nih.gov/xml/owl/EVS/Thesaurus.owl+ACM-C94725,1
3812,http://snomed.info/id/416644000,http://ncicb.nci.nih.gov/xml/owl/EVS/Thesaurus.owl+ACM-C97452,1
3813,http://snomed.info/id/416248007,http://ncicb.nci.nih.gov/xml/owl/EVS/Thesaurus.owl+ACM-C97452,1
3814,http://snomed.info/id/404858007,http://ncicb.nci.nih.gov/xml/owl/EVS/Thesaurus.owl+ACM-C2127,1
3815,http://snomed.info/id/407979001,http://ncicb.nci.nih.gov/xml/owl/EVS/Thesaurus.owl+ACM-C2127,1
3816,http://snomed.info/id/702952002,http://ncicb.nci.nih.gov/xml/owl/EVS/Thesaurus.owl+ACM-C66885,1
3817,http://snomed.info/id/698012009,http://ncicb.nci.nih.gov/xml/owl/EVS/Thesaurus.owl+ACM-C66885,1
3818,http://snomed.info/id/708181006,http://ncicb.nci.nih.gov/xml/owl/EVS/Thesaurus.owl+ACM-C29578,1
3819,http://snomed.info/id/409134009,http://ncicb.nci.nih.gov/xml/owl/EVS/Thesaurus.owl+ACM-C1323,1
3820,http://snomed.info/id/395292007,http://ncicb.nci.nih.gov/xml/owl/EVS/Thesaurus.owl+ACM-C1323,1
3821,http://snomed.info/id/412528004,http://ncicb.nci.nih.gov/xml/owl/EVS/Thesaurus.owl+ACM-C2127,1
3822,http://snomed.info/id/412536008,http://ncicb.nci.nih.gov/xml/owl/EVS/Thesaurus.owl+ACM-C461,1
3823,http://snomed.info/id/391768005,http://ncicb.nci.nih.gov/xml/owl/EVS/Thesaurus.owl+ACM-C271,1
3824,http://snomed.info/id/109003006,http://ncicb.nci.nih.gov/xml/owl/EVS/Thesaurus.owl+ACM-C78311,1
3825,http://snomed.info/id/346427004,http://ncicb.nci.nih.gov/xml/owl/EVS/Thesaurus.owl+ACM-C78311,1
3826,http://snomed.info/id/734473007,http://ncicb.nci.nih.gov/xml/owl/EVS/Thesaurus.owl+ACM-C360,1
3827,http://snomed.info/id/713383006,http://ncicb.nci.nih.gov/xml/owl/EVS/Thesaurus.owl+ACM-C68340,1
3828,http://snomed.info/id/108869002,http://ncicb.nci.nih.gov/xml/owl/EVS/Thesaurus.owl+ACM-C281,1
3829,http://snomed.info/id/783274005,http://ncicb.nci.nih.gov/xml/owl/EVS/Thesaurus.owl+ACM-C1323,1
3830,http://snomed.info/id/708723003,http://ncicb.nci.nih.gov/xml/owl/EVS/Thesaurus.owl+ACM-C1505,1
3831,http://snomed.info/id/126152000,http://ncicb.nci.nih.gov/xml/owl/EVS/Thesaurus.owl+ACM-C29576,1
3832,http://snomed.info/id/765357001,http://ncicb.nci.nih.gov/xml/owl/EVS/Thesaurus.owl+ACM-C83486,1
3833,http://snomed.info/id/723586001,http://ncicb.nci.nih.gov/xml/owl/EVS/Thesaurus.owl+ACM-C1505,1
3834,http://snomed.info/id/126070004,http://ncicb.nci.nih.gov/xml/owl/EVS/Thesaurus.owl+ACM-C45678,1
3835,http://snomed.info/id/372495006,http://ncicb.nci.nih.gov/xml/owl/EVS/Thesaurus.owl+ACM-C66886,1
3836,http://snomed.info/id/108452005,http://ncicb.nci.nih.gov/xml/owl/EVS/Thesaurus.owl+ACM-C66886,1
3837,http://snomed.info/id/725536009,http://ncicb.nci.nih.gov/xml/owl/EVS/Thesaurus.owl+ACM-C796,1
3838,http://snomed.info/id/70990002,http://ncicb.nci.nih.gov/xml/owl/EVS/Thesaurus.owl+ACM-C796,1
3839,http://snomed.info/id/718852000,http://ncicb.nci.nih.gov/xml/owl/EVS/Thesaurus.owl+ACM-C667,1
3840,http://snomed.info/id/763521008,http://ncicb.nci.nih.gov/xml/owl/EVS/Thesaurus.owl+ACM-C667,1
3841,http://snomed.info/id/385540001,http://ncicb.nci.nih.gov/xml/owl/EVS/Thesaurus.owl+ACM-C66930,1
3842,http://snomed.info/id/412259001,http://ncicb.nci.nih.gov/xml/owl/EVS/Thesaurus.owl+ACM-C66930,1
3843,http://snomed.info/id/708189008,http://ncicb.nci.nih.gov/xml/owl/EVS/Thesaurus.owl+ACM-C263,1
3844,http://snomed.info/id/395236007,http://ncicb.nci.nih.gov/xml/owl/EVS/Thesaurus.owl+ACM-C263,1
3845,http://snomed.info/id/423311006,http://ncicb.nci.nih.gov/xml/owl/EVS/Thesaurus.owl+ACM-C29707,1
3846,http://snomed.info/id/423560002,http://ncicb.nci.nih.gov/xml/owl/EVS/Thesaurus.owl+ACM-C29707,1
3847,http://snomed.info/id/385580005,http://ncicb.nci.nih.gov/xml/owl/EVS/Thesaurus.owl+ACM-C146638,1
3848,http://snomed.info/id/385581009,http://ncicb.nci.nih.gov/xml/owl/EVS/Thesaurus.owl+ACM-C146638,1
3849,http://snomed.info/id/395246009,http://ncicb.nci.nih.gov/xml/owl/EVS/Thesaurus.owl+ACM-C94725,1
3850,http://snomed.info/id/400447003,http://ncicb.nci.nih.gov/xml/owl/EVS/Thesaurus.owl+ACM-C94725,1
3851,http://snomed.info/id/385517000,http://ncicb.nci.nih.gov/xml/owl/EVS/Thesaurus.owl+ACM-C263,1
3852,http://snomed.info/id/385556006,http://ncicb.nci.nih.gov/xml/owl/EVS/Thesaurus.owl+ACM-C97452,1
3853,http://snomed.info/id/370214004,http://ncicb.nci.nih.gov/xml/owl/EVS/Thesaurus.owl+ACM-C47794,1
3854,http://snomed.info/id/714622001,http://ncicb.nci.nih.gov/xml/owl/EVS/Thesaurus.owl+ACM-C29578,1
3855,http://snomed.info/id/697973006,http://ncicb.nci.nih.gov/xml/owl/EVS/Thesaurus.owl+ACM-C29578,1
3856,http://snomed.info/id/406435003,http://ncicb.nci.nih.gov/xml/owl/EVS/Thesaurus.owl+ACM-C1655,1
3857,http://snomed.info/id/443586000,http://ncicb.nci.nih.gov/xml/owl/EVS/Thesaurus.owl+ACM-C1655,1
3858,http://snomed.info/id/443585001,http://ncicb.nci.nih.gov/xml/owl/EVS/Thesaurus.owl+ACM-C1655,1
3859,http://snomed.info/id/420874002,http://ncicb.nci.nih.gov/xml/owl/EVS/Thesaurus.owl+ACM-C29738,1
3860,http://snomed.info/id/396031000,http://ncicb.nci.nih.gov/xml/owl/EVS/Thesaurus.owl+ACM-C29738,1
3861,http://snomed.info/id/412395006,http://ncicb.nci.nih.gov/xml/owl/EVS/Thesaurus.owl+ACM-C91402,1
3862,http://snomed.info/id/426725002,http://ncicb.nci.nih.gov/xml/owl/EVS/Thesaurus.owl+ACM-C270,1
3863,http://snomed.info/id/427002003,http://ncicb.nci.nih.gov/xml/owl/EVS/Thesaurus.owl+ACM-C270,1
3864,http://snomed.info/id/418260004,http://ncicb.nci.nih.gov/xml/owl/EVS/Thesaurus.owl+ACM-C93259,1
3865,http://snomed.info/id/418520004,http://ncicb.nci.nih.gov/xml/owl/EVS/Thesaurus.owl+ACM-C93259,1
3866,http://snomed.info/id/716118009,http://ncicb.nci.nih.gov/xml/owl/EVS/Thesaurus.owl+ACM-C1327,1
3867,http://snomed.info/id/763606005,http://ncicb.nci.nih.gov/xml/owl/EVS/Thesaurus.owl+ACM-C1327,1
3868,http://snomed.info/id/398685009,http://ncicb.nci.nih.gov/xml/owl/EVS/Thesaurus.owl+ACM-C129825,1
3869,http://snomed.info/id/407100002,http://ncicb.nci.nih.gov/xml/owl/EVS/Thesaurus.owl+ACM-C2167,1
3870,http://snomed.info/id/386921007,http://ncicb.nci.nih.gov/xml/owl/EVS/Thesaurus.owl+ACM-C1420,1
3871,http://snomed.info/id/409397005,http://ncicb.nci.nih.gov/xml/owl/EVS/Thesaurus.owl+ACM-C1420,1
3872,http://snomed.info/id/440561000124100,http://ncicb.nci.nih.gov/xml/owl/EVS/Thesaurus.owl+ACM-C2139,1
3873,http://snomed.info/id/429022006,http://ncicb.nci.nih.gov/xml/owl/EVS/Thesaurus.owl+ACM-C2584,1
3874,http://snomed.info/id/428282007,http://ncicb.nci.nih.gov/xml/owl/EVS/Thesaurus.owl+ACM-C2584,1
3875,http://snomed.info/id/414122006,http://ncicb.nci.nih.gov/xml/owl/EVS/Thesaurus.owl+ACM-C2167,1
3876,http://snomed.info/id/414123001,http://ncicb.nci.nih.gov/xml/owl/EVS/Thesaurus.owl+ACM-C129825,1
3877,http://snomed.info/id/386035006,http://ncicb.nci.nih.gov/xml/owl/EVS/Thesaurus.owl+ACM-C66885,1
3878,http://snomed.info/id/421904007,http://ncicb.nci.nih.gov/xml/owl/EVS/Thesaurus.owl+ACM-C514,1
3879,http://snomed.info/id/422157006,http://ncicb.nci.nih.gov/xml/owl/EVS/Thesaurus.owl+ACM-C514,1
3880,http://snomed.info/id/422794008,http://ncicb.nci.nih.gov/xml/owl/EVS/Thesaurus.owl+ACM-C28197,1
3881,http://snomed.info/id/422589005,http://ncicb.nci.nih.gov/xml/owl/EVS/Thesaurus.owl+ACM-C28197,1
3882,http://snomed.info/id/428317007,http://ncicb.nci.nih.gov/xml/owl/EVS/Thesaurus.owl+ACM-C1450,1
3883,http://snomed.info/id/409149001,http://ncicb.nci.nih.gov/xml/owl/EVS/Thesaurus.owl+ACM-C29703,1
3884,http://snomed.info/id/408041006,http://ncicb.nci.nih.gov/xml/owl/EVS/Thesaurus.owl+ACM-C29703,1
3885,http://snomed.info/id/763557003,http://ncicb.nci.nih.gov/xml/owl/EVS/Thesaurus.owl+ACM-C1636,1
3886,http://snomed.info/id/720257002,http://ncicb.nci.nih.gov/xml/owl/EVS/Thesaurus.owl+ACM-C1636,1
3887,http://snomed.info/id/421737001,http://ncicb.nci.nih.gov/xml/owl/EVS/Thesaurus.owl+ACM-C1742,1
3888,http://snomed.info/id/421471009,http://ncicb.nci.nih.gov/xml/owl/EVS/Thesaurus.owl+ACM-C157388,1
3889,http://snomed.info/id/385681001,http://ncicb.nci.nih.gov/xml/owl/EVS/Thesaurus.owl+ACM-C270,1
3890,http://snomed.info/id/387463007,http://ncicb.nci.nih.gov/xml/owl/EVS/Thesaurus.owl+ACM-C2099,1
3891,http://snomed.info/id/26109001,http://ncicb.nci.nih.gov/xml/owl/EVS/Thesaurus.owl+ACM-C250,1
3892,http://snomed.info/id/413592000,http://ncicb.nci.nih.gov/xml/owl/EVS/Thesaurus.owl+ACM-C97366,1
3893,http://snomed.info/id/413591007,http://ncicb.nci.nih.gov/xml/owl/EVS/Thesaurus.owl+ACM-C97366,1
3894,http://snomed.info/id/385682008,http://ncicb.nci.nih.gov/xml/owl/EVS/Thesaurus.owl+ACM-C78568,1
3895,http://snomed.info/id/443570007,http://ncicb.nci.nih.gov/xml/owl/EVS/Thesaurus.owl+ACM-C78568,1
3896,http://snomed.info/id/768547002,http://ncicb.nci.nih.gov/xml/owl/EVS/Thesaurus.owl+ACM-C344,1
3897,http://snomed.info/id/767702004,http://ncicb.nci.nih.gov/xml/owl/EVS/Thesaurus.owl+ACM-C47795,1
3898,http://snomed.info/id/767715008,http://ncicb.nci.nih.gov/xml/owl/EVS/Thesaurus.owl+ACM-C47795,1
3899,http://snomed.info/id/385565004,http://ncicb.nci.nih.gov/xml/owl/EVS/Thesaurus.owl+ACM-C29726,1
3900,http://snomed.info/id/385564000,http://ncicb.nci.nih.gov/xml/owl/EVS/Thesaurus.owl+ACM-C29726,1
3901,http://snomed.info/id/385567007,http://ncicb.nci.nih.gov/xml/owl/EVS/Thesaurus.owl+ACM-C263,1
3902,http://snomed.info/id/416468004,http://ncicb.nci.nih.gov/xml/owl/EVS/Thesaurus.owl+ACM-C29726,1
3903,http://snomed.info/id/385555005,http://ncicb.nci.nih.gov/xml/owl/EVS/Thesaurus.owl+ACM-C47795,1
3904,http://snomed.info/id/385573008,http://ncicb.nci.nih.gov/xml/owl/EVS/Thesaurus.owl+ACM-C260,1
3905,http://snomed.info/id/412384000,http://ncicb.nci.nih.gov/xml/owl/EVS/Thesaurus.owl+ACM-C94725,1
3906,http://snomed.info/id/409357007,http://ncicb.nci.nih.gov/xml/owl/EVS/Thesaurus.owl+ACM-C29710,1
3907,http://snomed.info/id/409278007,http://ncicb.nci.nih.gov/xml/owl/EVS/Thesaurus.owl+ACM-C29576,1
3908,http://snomed.info/id/409277002,http://ncicb.nci.nih.gov/xml/owl/EVS/Thesaurus.owl+ACM-C29576,1
3909,http://snomed.info/id/412321006,http://ncicb.nci.nih.gov/xml/owl/EVS/Thesaurus.owl+ACM-C1327,1
3910,http://snomed.info/id/424281006,http://ncicb.nci.nih.gov/xml/owl/EVS/Thesaurus.owl+ACM-C1323,1
3911,http://snomed.info/id/423684002,http://ncicb.nci.nih.gov/xml/owl/EVS/Thesaurus.owl+ACM-C1323,1
3912,http://snomed.info/id/391595003,http://ncicb.nci.nih.gov/xml/owl/EVS/Thesaurus.owl+ACM-C29578,1
3913,http://snomed.info/id/421889003,http://ncicb.nci.nih.gov/xml/owl/EVS/Thesaurus.owl+ACM-C29578,1
3914,http://snomed.info/id/421192001,http://ncicb.nci.nih.gov/xml/owl/EVS/Thesaurus.owl+ACM-C159199,1
3915,http://snomed.info/id/421448007,http://ncicb.nci.nih.gov/xml/owl/EVS/Thesaurus.owl+ACM-C159198,1
3916,http://snomed.info/id/442901006,http://ncicb.nci.nih.gov/xml/owl/EVS/Thesaurus.owl+ACM-C2180,1
3917,http://snomed.info/id/443058000,http://ncicb.nci.nih.gov/xml/owl/EVS/Thesaurus.owl+ACM-C2180,1
3918,http://snomed.info/id/407018001,http://ncicb.nci.nih.gov/xml/owl/EVS/Thesaurus.owl+ACM-C97366,1
3919,http://snomed.info/id/407017006,http://ncicb.nci.nih.gov/xml/owl/EVS/Thesaurus.owl+ACM-C97366,1
3920,http://snomed.info/id/407111005,http://ncicb.nci.nih.gov/xml/owl/EVS/Thesaurus.owl+ACM-C2127,1
3921,http://snomed.info/id/407734006,http://ncicb.nci.nih.gov/xml/owl/EVS/Thesaurus.owl+ACM-C2127,1
3922,http://snomed.info/id/427735003,http://ncicb.nci.nih.gov/xml/owl/EVS/Thesaurus.owl+ACM-C28334,1
3923,http://snomed.info/id/428159003,http://ncicb.nci.nih.gov/xml/owl/EVS/Thesaurus.owl+ACM-C270,1
3924,http://snomed.info/id/404838006,http://ncicb.nci.nih.gov/xml/owl/EVS/Thesaurus.owl+ACM-C97366,1
3925,http://snomed.info/id/422506000,http://ncicb.nci.nih.gov/xml/owl/EVS/Thesaurus.owl+ACM-C1323,1
3926,http://snomed.info/id/424967004,http://ncicb.nci.nih.gov/xml/owl/EVS/Thesaurus.owl+ACM-C1323,1
3927,http://snomed.info/id/425436002,http://ncicb.nci.nih.gov/xml/owl/EVS/Thesaurus.owl+ACM-C47794,1
3928,http://snomed.info/id/1137365008,http://ncicb.nci.nih.gov/xml/owl/EVS/Thesaurus.owl+ACM-C2020,1
3929,http://snomed.info/id/1137617003,http://ncicb.nci.nih.gov/xml/owl/EVS/Thesaurus.owl+ACM-C2020,1
3930,http://snomed.info/id/426512007,http://ncicb.nci.nih.gov/xml/owl/EVS/Thesaurus.owl+ACM-C2136,1
3931,http://snomed.info/id/412256008,http://ncicb.nci.nih.gov/xml/owl/EVS/Thesaurus.owl+ACM-C29640,1
3932,http://snomed.info/id/372917005,http://ncicb.nci.nih.gov/xml/owl/EVS/Thesaurus.owl+ACM-C1404,1
3933,http://snomed.info/id/129557000,http://ncicb.nci.nih.gov/xml/owl/EVS/Thesaurus.owl+ACM-C1404,1
3934,http://snomed.info/id/109042006,http://ncicb.nci.nih.gov/xml/owl/EVS/Thesaurus.owl+ACM-C2348,1
3935,http://snomed.info/id/395862009,http://ncicb.nci.nih.gov/xml/owl/EVS/Thesaurus.owl+ACM-C2348,1
3936,http://snomed.info/id/391775006,http://ncicb.nci.nih.gov/xml/owl/EVS/Thesaurus.owl+ACM-C582,1
3937,http://snomed.info/id/395941009,http://ncicb.nci.nih.gov/xml/owl/EVS/Thesaurus.owl+ACM-C1446,1
3938,http://snomed.info/id/395942002,http://ncicb.nci.nih.gov/xml/owl/EVS/Thesaurus.owl+ACM-C45678,1
3939,http://snomed.info/id/126248006,http://ncicb.nci.nih.gov/xml/owl/EVS/Thesaurus.owl+ACM-C81304,1
3940,http://snomed.info/id/126242007,http://ncicb.nci.nih.gov/xml/owl/EVS/Thesaurus.owl+ACM-C81304,1
3941,http://snomed.info/id/73031001,http://ncicb.nci.nih.gov/xml/owl/EVS/Thesaurus.owl+ACM-C1505,1
3942,http://snomed.info/id/109072000,http://ncicb.nci.nih.gov/xml/owl/EVS/Thesaurus.owl+ACM-C2846,1
3943,http://snomed.info/id/762432004,http://ncicb.nci.nih.gov/xml/owl/EVS/Thesaurus.owl+ACM-C2846,1
3944,http://snomed.info/id/370448000,http://ncicb.nci.nih.gov/xml/owl/EVS/Thesaurus.owl+ACM-C276,1
3945,http://snomed.info/id/398682007,http://ncicb.nci.nih.gov/xml/owl/EVS/Thesaurus.owl+ACM-C319,1
3946,http://snomed.info/id/412263008,http://ncicb.nci.nih.gov/xml/owl/EVS/Thesaurus.owl+ACM-C94726,1
3947,http://snomed.info/id/704468000,http://ncicb.nci.nih.gov/xml/owl/EVS/Thesaurus.owl+ACM-C47795,1
3948,http://snomed.info/id/702394009,http://ncicb.nci.nih.gov/xml/owl/EVS/Thesaurus.owl+ACM-C47795,1
3949,http://snomed.info/id/716223004,http://ncicb.nci.nih.gov/xml/owl/EVS/Thesaurus.owl+ACM-C1821,1
3950,http://snomed.info/id/412295009,http://ncicb.nci.nih.gov/xml/owl/EVS/Thesaurus.owl+ACM-C78275,1
3951,http://snomed.info/id/408045002,http://ncicb.nci.nih.gov/xml/owl/EVS/Thesaurus.owl+ACM-C78275,1
3952,http://snomed.info/id/408044003,http://ncicb.nci.nih.gov/xml/owl/EVS/Thesaurus.owl+ACM-C2846,1
3953,http://snomed.info/id/412296005,http://ncicb.nci.nih.gov/xml/owl/EVS/Thesaurus.owl+ACM-C2846,1
3954,http://snomed.info/id/704430002,http://ncicb.nci.nih.gov/xml/owl/EVS/Thesaurus.owl+ACM-C45678,1
3955,http://snomed.info/id/86431009,http://ncicb.nci.nih.gov/xml/owl/EVS/Thesaurus.owl+ACM-C45678,1
3956,http://snomed.info/id/425461004,http://ncicb.nci.nih.gov/xml/owl/EVS/Thesaurus.owl+ACM-C29578,1
3957,http://snomed.info/id/412393004,http://ncicb.nci.nih.gov/xml/owl/EVS/Thesaurus.owl+ACM-C783,1
3958,http://snomed.info/id/426551002,http://ncicb.nci.nih.gov/xml/owl/EVS/Thesaurus.owl+ACM-C795,1
3959,http://snomed.info/id/412299003,http://ncicb.nci.nih.gov/xml/owl/EVS/Thesaurus.owl+ACM-C461,1
3960,http://snomed.info/id/717188005,http://ncicb.nci.nih.gov/xml/owl/EVS/Thesaurus.owl+ACM-C29578,1
3961,http://snomed.info/id/717189002,http://ncicb.nci.nih.gov/xml/owl/EVS/Thesaurus.owl+ACM-C29578,1
3962,http://snomed.info/id/425913002,http://ncicb.nci.nih.gov/xml/owl/EVS/Thesaurus.owl+ACM-C477,1
3963,http://snomed.info/id/426956003,http://ncicb.nci.nih.gov/xml/owl/EVS/Thesaurus.owl+ACM-C29723,1
3964,http://snomed.info/id/409392004,http://ncicb.nci.nih.gov/xml/owl/EVS/Thesaurus.owl+ACM-C2136,1
3965,http://snomed.info/id/409391006,http://ncicb.nci.nih.gov/xml/owl/EVS/Thesaurus.owl+ACM-C2136,1
3966,http://snomed.info/id/415057004,http://ncicb.nci.nih.gov/xml/owl/EVS/Thesaurus.owl+ACM-C360,1
3967,http://snomed.info/id/769088004,http://ncicb.nci.nih.gov/xml/owl/EVS/Thesaurus.owl+ACM-C1937,1
3968,http://snomed.info/id/420495003,http://ncicb.nci.nih.gov/xml/owl/EVS/Thesaurus.owl+ACM-C94725,1
3969,http://snomed.info/id/772834008,http://ncicb.nci.nih.gov/xml/owl/EVS/Thesaurus.owl+ACM-C1937,1
3970,http://snomed.info/id/709047006,http://ncicb.nci.nih.gov/xml/owl/EVS/Thesaurus.owl+ACM-C443,1
3971,http://snomed.info/id/772334003,http://ncicb.nci.nih.gov/xml/owl/EVS/Thesaurus.owl+ACM-C390,1
3972,http://snomed.info/id/703352000,http://ncicb.nci.nih.gov/xml/owl/EVS/Thesaurus.owl+ACM-C74536,1
3973,http://snomed.info/id/703434004,http://ncicb.nci.nih.gov/xml/owl/EVS/Thesaurus.owl+ACM-C333,1
3974,http://snomed.info/id/60266005,http://ncicb.nci.nih.gov/xml/owl/EVS/Thesaurus.owl+ACM-C271,1
3975,http://snomed.info/id/423888002,http://ncicb.nci.nih.gov/xml/owl/EVS/Thesaurus.owl+ACM-C97366,1
3976,http://snomed.info/id/424096001,http://ncicb.nci.nih.gov/xml/owl/EVS/Thesaurus.owl+ACM-C97366,1
3977,http://snomed.info/id/1149379008,http://ncicb.nci.nih.gov/xml/owl/EVS/Thesaurus.owl+ACM-C697,1
3978,http://snomed.info/id/409420000,http://ncicb.nci.nih.gov/xml/owl/EVS/Thesaurus.owl+ACM-C29756,1
3979,http://snomed.info/id/409421001,http://ncicb.nci.nih.gov/xml/owl/EVS/Thesaurus.owl+ACM-C29756,1
3980,http://snomed.info/id/768531004,http://ncicb.nci.nih.gov/xml/owl/EVS/Thesaurus.owl+ACM-C1553,1
3981,http://snomed.info/id/412029000,http://ncicb.nci.nih.gov/xml/owl/EVS/Thesaurus.owl+ACM-C307,1
3982,http://snomed.info/id/412191009,http://ncicb.nci.nih.gov/xml/owl/EVS/Thesaurus.owl+ACM-C29634,1
3983,http://snomed.info/id/412246009,http://ncicb.nci.nih.gov/xml/owl/EVS/Thesaurus.owl+ACM-C28197,1
3984,http://snomed.info/id/412467007,http://ncicb.nci.nih.gov/xml/owl/EVS/Thesaurus.owl+ACM-C29630,1
3985,http://snomed.info/id/412568000,http://ncicb.nci.nih.gov/xml/owl/EVS/Thesaurus.owl+ACM-C29631,1
3986,http://snomed.info/id/134625002,http://ncicb.nci.nih.gov/xml/owl/EVS/Thesaurus.owl+ACM-C2021,1
3987,http://snomed.info/id/773237000,http://ncicb.nci.nih.gov/xml/owl/EVS/Thesaurus.owl+ACM-C271,1
3988,http://snomed.info/id/704470009,http://ncicb.nci.nih.gov/xml/owl/EVS/Thesaurus.owl+ACM-C78568,1
3989,http://snomed.info/id/699181001,http://ncicb.nci.nih.gov/xml/owl/EVS/Thesaurus.owl+ACM-C78568,1
3990,http://snomed.info/id/424766004,http://ncicb.nci.nih.gov/xml/owl/EVS/Thesaurus.owl+ACM-C1323,1
3991,http://snomed.info/id/423045006,http://ncicb.nci.nih.gov/xml/owl/EVS/Thesaurus.owl+ACM-C1323,1
3992,http://snomed.info/id/425347005,http://ncicb.nci.nih.gov/xml/owl/EVS/Thesaurus.owl+ACM-C97452,1
3993,http://snomed.info/id/424071004,http://ncicb.nci.nih.gov/xml/owl/EVS/Thesaurus.owl+ACM-C97452,1
3994,http://snomed.info/id/423658008,http://ncicb.nci.nih.gov/xml/owl/EVS/Thesaurus.owl+ACM-C155700,1
3995,http://snomed.info/id/422756008,http://ncicb.nci.nih.gov/xml/owl/EVS/Thesaurus.owl+ACM-C155700,1
3996,http://snomed.info/id/432121008,http://ncicb.nci.nih.gov/xml/owl/EVS/Thesaurus.owl+ACM-C97453,1
3997,http://snomed.info/id/432221004,http://ncicb.nci.nih.gov/xml/owl/EVS/Thesaurus.owl+ACM-C97453,1
3998,http://snomed.info/id/426238006,http://ncicb.nci.nih.gov/xml/owl/EVS/Thesaurus.owl+ACM-C2167,1
3999,http://snomed.info/id/425820005,http://ncicb.nci.nih.gov/xml/owl/EVS/Thesaurus.owl+ACM-C159156,1
4000,http://snomed.info/id/425466009,http://ncicb.nci.nih.gov/xml/owl/EVS/Thesaurus.owl+ACM-C159156,1
4001,http://snomed.info/id/437886007,http://ncicb.nci.nih.gov/xml/owl/EVS/Thesaurus.owl+ACM-C681,1
4002,http://snomed.info/id/437917007,http://ncicb.nci.nih.gov/xml/owl/EVS/Thesaurus.owl+ACM-C681,1
4003,http://snomed.info/id/426852000,http://ncicb.nci.nih.gov/xml/owl/EVS/Thesaurus.owl+ACM-C281,1
4004,http://snomed.info/id/426042003,http://ncicb.nci.nih.gov/xml/owl/EVS/Thesaurus.owl+ACM-C281,1
4005,http://snomed.info/id/419141006,http://ncicb.nci.nih.gov/xml/owl/EVS/Thesaurus.owl+ACM-C1505,1
4006,http://snomed.info/id/419458008,http://ncicb.nci.nih.gov/xml/owl/EVS/Thesaurus.owl+ACM-C1505,1
4007,http://snomed.info/id/83872005,http://ncicb.nci.nih.gov/xml/owl/EVS/Thesaurus.owl+ACM-C29696,1
4008,http://snomed.info/id/890334001,http://ncicb.nci.nih.gov/xml/owl/EVS/Thesaurus.owl+ACM-C471,1
4009,http://snomed.info/id/782441003,http://ncicb.nci.nih.gov/xml/owl/EVS/Thesaurus.owl+ACM-C471,1
4010,http://snomed.info/id/710805007,http://ncicb.nci.nih.gov/xml/owl/EVS/Thesaurus.owl+ACM-C471,1
4011,http://snomed.info/id/770369005,http://ncicb.nci.nih.gov/xml/owl/EVS/Thesaurus.owl+ACM-C471,1
4012,http://snomed.info/id/422042001,http://ncicb.nci.nih.gov/xml/owl/EVS/Thesaurus.owl+ACM-C159199,1
4013,http://snomed.info/id/420681006,http://ncicb.nci.nih.gov/xml/owl/EVS/Thesaurus.owl+ACM-C159199,1
4014,http://snomed.info/id/419290000,http://ncicb.nci.nih.gov/xml/owl/EVS/Thesaurus.owl+ACM-C29639,1
4015,http://snomed.info/id/768546006,http://ncicb.nci.nih.gov/xml/owl/EVS/Thesaurus.owl+ACM-C71972,1
4016,http://snomed.info/id/426490000,http://ncicb.nci.nih.gov/xml/owl/EVS/Thesaurus.owl+ACM-C932,1
4017,http://snomed.info/id/430759004,http://ncicb.nci.nih.gov/xml/owl/EVS/Thesaurus.owl+ACM-C1450,1
4018,http://snomed.info/id/430758007,http://ncicb.nci.nih.gov/xml/owl/EVS/Thesaurus.owl+ACM-C1450,1
4019,http://snomed.info/id/770874009,http://ncicb.nci.nih.gov/xml/owl/EVS/Thesaurus.owl+ACM-C29697,1
4020,http://snomed.info/id/725734005,http://ncicb.nci.nih.gov/xml/owl/EVS/Thesaurus.owl+ACM-C28313,1
4021,http://snomed.info/id/715636000,http://ncicb.nci.nih.gov/xml/owl/EVS/Thesaurus.owl+ACM-C548,1
4022,http://snomed.info/id/710807004,http://ncicb.nci.nih.gov/xml/owl/EVS/Thesaurus.owl+ACM-C548,1
4023,http://snomed.info/id/416058004,http://ncicb.nci.nih.gov/xml/owl/EVS/Thesaurus.owl+ACM-C1742,1
4024,http://snomed.info/id/416268001,http://ncicb.nci.nih.gov/xml/owl/EVS/Thesaurus.owl+ACM-C1742,1
4025,http://snomed.info/id/413971007,http://ncicb.nci.nih.gov/xml/owl/EVS/Thesaurus.owl+ACM-C62799,1
4026,http://snomed.info/id/414932003,http://ncicb.nci.nih.gov/xml/owl/EVS/Thesaurus.owl+ACM-C29703,1
4027,http://snomed.info/id/414175005,http://ncicb.nci.nih.gov/xml/owl/EVS/Thesaurus.owl+ACM-C29703,1
4028,http://snomed.info/id/441641002,http://ncicb.nci.nih.gov/xml/owl/EVS/Thesaurus.owl+ACM-C29747,1
4029,http://snomed.info/id/442542004,http://ncicb.nci.nih.gov/xml/owl/EVS/Thesaurus.owl+ACM-C29747,1
4030,http://snomed.info/id/426686007,http://ncicb.nci.nih.gov/xml/owl/EVS/Thesaurus.owl+ACM-C129825,1
4031,http://snomed.info/id/703718001,http://ncicb.nci.nih.gov/xml/owl/EVS/Thesaurus.owl+ACM-C29696,1
4032,http://snomed.info/id/419588002,http://ncicb.nci.nih.gov/xml/owl/EVS/Thesaurus.owl+ACM-C47795,1
4033,http://snomed.info/id/419878007,http://ncicb.nci.nih.gov/xml/owl/EVS/Thesaurus.owl+ACM-C47795,1
4034,http://snomed.info/id/423307000,http://ncicb.nci.nih.gov/xml/owl/EVS/Thesaurus.owl+ACM-C98086,1
4035,http://snomed.info/id/424106006,http://ncicb.nci.nih.gov/xml/owl/EVS/Thesaurus.owl+ACM-C98086,1
4036,http://snomed.info/id/703123005,http://ncicb.nci.nih.gov/xml/owl/EVS/Thesaurus.owl+ACM-C97453,1
4037,http://snomed.info/id/703777002,http://ncicb.nci.nih.gov/xml/owl/EVS/Thesaurus.owl+ACM-C97453,1
4038,http://snomed.info/id/421772003,http://ncicb.nci.nih.gov/xml/owl/EVS/Thesaurus.owl+ACM-C73579,1
4039,http://snomed.info/id/420507002,http://ncicb.nci.nih.gov/xml/owl/EVS/Thesaurus.owl+ACM-C73579,1
4040,http://snomed.info/id/428611002,http://ncicb.nci.nih.gov/xml/owl/EVS/Thesaurus.owl+ACM-C98086,1
4041,http://snomed.info/id/428807006,http://ncicb.nci.nih.gov/xml/owl/EVS/Thesaurus.owl+ACM-C98086,1
4042,http://snomed.info/id/702401005,http://ncicb.nci.nih.gov/xml/owl/EVS/Thesaurus.owl+ACM-C1821,1
4043,http://snomed.info/id/781336008,http://ncicb.nci.nih.gov/xml/owl/EVS/Thesaurus.owl+ACM-C83486,1
4044,http://snomed.info/id/423490007,http://ncicb.nci.nih.gov/xml/owl/EVS/Thesaurus.owl+ACM-C1742,1
4045,http://snomed.info/id/426604008,http://ncicb.nci.nih.gov/xml/owl/EVS/Thesaurus.owl+ACM-C319,1
4046,http://snomed.info/id/425344003,http://ncicb.nci.nih.gov/xml/owl/EVS/Thesaurus.owl+ACM-C2198,1
4047,http://snomed.info/id/414090006,http://ncicb.nci.nih.gov/xml/owl/EVS/Thesaurus.owl+ACM-C1660,1
4048,http://snomed.info/id/443066009,http://ncicb.nci.nih.gov/xml/owl/EVS/Thesaurus.owl+ACM-C98086,1
4049,http://snomed.info/id/443087004,http://ncicb.nci.nih.gov/xml/owl/EVS/Thesaurus.owl+ACM-C98086,1
4050,http://snomed.info/id/413381000,http://ncicb.nci.nih.gov/xml/owl/EVS/Thesaurus.owl+ACM-C1660,1
4051,http://snomed.info/id/734664007,http://ncicb.nci.nih.gov/xml/owl/EVS/Thesaurus.owl+ACM-C38149,1
4052,http://snomed.info/id/419985007,http://ncicb.nci.nih.gov/xml/owl/EVS/Thesaurus.owl+ACM-C360,1
4053,http://snomed.info/id/417910004,http://ncicb.nci.nih.gov/xml/owl/EVS/Thesaurus.owl+ACM-C360,1
4054,http://snomed.info/id/421412005,http://ncicb.nci.nih.gov/xml/owl/EVS/Thesaurus.owl+ACM-C574,1
4055,http://snomed.info/id/421777009,http://ncicb.nci.nih.gov/xml/owl/EVS/Thesaurus.owl+ACM-C574,1
4056,http://snomed.info/id/443312008,http://ncicb.nci.nih.gov/xml/owl/EVS/Thesaurus.owl+ACM-C80483,1
4057,http://snomed.info/id/443129001,http://ncicb.nci.nih.gov/xml/owl/EVS/Thesaurus.owl+ACM-C80483,1
4058,http://snomed.info/id/734513003,http://ncicb.nci.nih.gov/xml/owl/EVS/Thesaurus.owl+ACM-C357,1
4059,http://snomed.info/id/725761005,http://ncicb.nci.nih.gov/xml/owl/EVS/Thesaurus.owl+ACM-C1505,1
4060,http://snomed.info/id/429603001,http://ncicb.nci.nih.gov/xml/owl/EVS/Thesaurus.owl+ACM-C1660,1
4061,http://snomed.info/id/427805000,http://ncicb.nci.nih.gov/xml/owl/EVS/Thesaurus.owl+ACM-C63817,1
4062,http://snomed.info/id/425508009,http://ncicb.nci.nih.gov/xml/owl/EVS/Thesaurus.owl+ACM-C98086,1
4063,http://snomed.info/id/763542005,http://ncicb.nci.nih.gov/xml/owl/EVS/Thesaurus.owl+ACM-C281,1
4064,http://snomed.info/id/716121006,http://ncicb.nci.nih.gov/xml/owl/EVS/Thesaurus.owl+ACM-C281,1
4065,http://snomed.info/id/432886002,http://ncicb.nci.nih.gov/xml/owl/EVS/Thesaurus.owl+ACM-C159199,1
4066,http://snomed.info/id/703350008,http://ncicb.nci.nih.gov/xml/owl/EVS/Thesaurus.owl+ACM-C744,1
4067,http://snomed.info/id/703350008,http://ncicb.nci.nih.gov/xml/owl/EVS/Thesaurus.owl+ACM-C257,1
4068,http://snomed.info/id/714684002,http://ncicb.nci.nih.gov/xml/owl/EVS/Thesaurus.owl+ACM-C744,1
4069,http://snomed.info/id/714684002,http://ncicb.nci.nih.gov/xml/owl/EVS/Thesaurus.owl+ACM-C257,1
4070,http://snomed.info/id/420304008,http://ncicb.nci.nih.gov/xml/owl/EVS/Thesaurus.owl+ACM-C78568,1
4071,http://snomed.info/id/421856003,http://ncicb.nci.nih.gov/xml/owl/EVS/Thesaurus.owl+ACM-C78568,1
4072,http://snomed.info/id/420906000,http://ncicb.nci.nih.gov/xml/owl/EVS/Thesaurus.owl+ACM-C47793,1
4073,http://snomed.info/id/418700002,http://ncicb.nci.nih.gov/xml/owl/EVS/Thesaurus.owl+ACM-C29699,1
4074,http://snomed.info/id/418528006,http://ncicb.nci.nih.gov/xml/owl/EVS/Thesaurus.owl+ACM-C29699,1
4075,http://snomed.info/id/422284004,http://ncicb.nci.nih.gov/xml/owl/EVS/Thesaurus.owl+ACM-C835,1
4076,http://snomed.info/id/433327005,http://ncicb.nci.nih.gov/xml/owl/EVS/Thesaurus.owl+ACM-C29707,1
4077,http://snomed.info/id/430242005,http://ncicb.nci.nih.gov/xml/owl/EVS/Thesaurus.owl+ACM-C29707,1
4078,http://snomed.info/id/420813001,http://ncicb.nci.nih.gov/xml/owl/EVS/Thesaurus.owl+ACM-C1509,1
4079,http://snomed.info/id/421052000,http://ncicb.nci.nih.gov/xml/owl/EVS/Thesaurus.owl+ACM-C1509,1
4080,http://snomed.info/id/425602003,http://ncicb.nci.nih.gov/xml/owl/EVS/Thesaurus.owl+ACM-C2180,1
4081,http://snomed.info/id/421915002,http://ncicb.nci.nih.gov/xml/owl/EVS/Thesaurus.owl+ACM-C66884,1
4082,http://snomed.info/id/421924006,http://ncicb.nci.nih.gov/xml/owl/EVS/Thesaurus.owl+ACM-C66884,1
4083,http://snomed.info/id/426455008,http://ncicb.nci.nih.gov/xml/owl/EVS/Thesaurus.owl+ACM-C93259,1
4084,http://snomed.info/id/442379000,http://ncicb.nci.nih.gov/xml/owl/EVS/Thesaurus.owl+ACM-C26170,1
4085,http://snomed.info/id/442340006,http://ncicb.nci.nih.gov/xml/owl/EVS/Thesaurus.owl+ACM-C26170,1
4086,http://snomed.info/id/427882000,http://ncicb.nci.nih.gov/xml/owl/EVS/Thesaurus.owl+ACM-C159199,1
4087,http://snomed.info/id/429507005,http://ncicb.nci.nih.gov/xml/owl/EVS/Thesaurus.owl+ACM-C159198,1
4088,http://snomed.info/id/428694009,http://ncicb.nci.nih.gov/xml/owl/EVS/Thesaurus.owl+ACM-C47795,1
4089,http://snomed.info/id/429452005,http://ncicb.nci.nih.gov/xml/owl/EVS/Thesaurus.owl+ACM-C47795,1
4090,http://snomed.info/id/428712004,http://ncicb.nci.nih.gov/xml/owl/EVS/Thesaurus.owl+ACM-C28334,1
4091,http://snomed.info/id/428709002,http://ncicb.nci.nih.gov/xml/owl/EVS/Thesaurus.owl+ACM-C28334,1
4092,http://snomed.info/id/427736002,http://ncicb.nci.nih.gov/xml/owl/EVS/Thesaurus.owl+ACM-C1323,1
4093,http://snomed.info/id/428382005,http://ncicb.nci.nih.gov/xml/owl/EVS/Thesaurus.owl+ACM-C73579,1
4094,http://snomed.info/id/703786007,http://ncicb.nci.nih.gov/xml/owl/EVS/Thesaurus.owl+ACM-C471,1
4095,http://snomed.info/id/703785006,http://ncicb.nci.nih.gov/xml/owl/EVS/Thesaurus.owl+ACM-C471,1
4096,http://snomed.info/id/421093008,http://ncicb.nci.nih.gov/xml/owl/EVS/Thesaurus.owl+ACM-C45678,1
4097,http://snomed.info/id/420612008,http://ncicb.nci.nih.gov/xml/owl/EVS/Thesaurus.owl+ACM-C45678,1
4098,http://snomed.info/id/420758002,http://ncicb.nci.nih.gov/xml/owl/EVS/Thesaurus.owl+ACM-C29698,1
4099,http://snomed.info/id/725531004,http://ncicb.nci.nih.gov/xml/owl/EVS/Thesaurus.owl+ACM-C80487,1
4100,http://snomed.info/id/425235001,http://ncicb.nci.nih.gov/xml/owl/EVS/Thesaurus.owl+ACM-C851,1
4101,http://snomed.info/id/422419003,http://ncicb.nci.nih.gov/xml/owl/EVS/Thesaurus.owl+ACM-C851,1
4102,http://snomed.info/id/428826003,http://ncicb.nci.nih.gov/xml/owl/EVS/Thesaurus.owl+ACM-C759,1
4103,http://snomed.info/id/429320009,http://ncicb.nci.nih.gov/xml/owl/EVS/Thesaurus.owl+ACM-C2153,1
4104,http://snomed.info/id/895675003,http://ncicb.nci.nih.gov/xml/owl/EVS/Thesaurus.owl+ACM-C511,1
4105,http://snomed.info/id/428598004,http://ncicb.nci.nih.gov/xml/owl/EVS/Thesaurus.owl+ACM-C511,1
4106,http://snomed.info/id/427941004,http://ncicb.nci.nih.gov/xml/owl/EVS/Thesaurus.owl+ACM-C159198,1
4107,http://snomed.info/id/428468009,http://ncicb.nci.nih.gov/xml/owl/EVS/Thesaurus.owl+ACM-C159199,1
4108,http://snomed.info/id/721997002,http://ncicb.nci.nih.gov/xml/owl/EVS/Thesaurus.owl+ACM-C66885,1
4109,http://snomed.info/id/763543000,http://ncicb.nci.nih.gov/xml/owl/EVS/Thesaurus.owl+ACM-C66885,1
4110,http://snomed.info/id/445569008,http://ncicb.nci.nih.gov/xml/owl/EVS/Thesaurus.owl+ACM-C783,1
4111,http://snomed.info/id/445564003,http://ncicb.nci.nih.gov/xml/owl/EVS/Thesaurus.owl+ACM-C783,1
4112,http://snomed.info/id/443616002,http://ncicb.nci.nih.gov/xml/owl/EVS/Thesaurus.owl+ACM-C29578,1
4113,http://snomed.info/id/428318002,http://ncicb.nci.nih.gov/xml/owl/EVS/Thesaurus.owl+ACM-C97366,1
4114,http://snomed.info/id/424437001,http://ncicb.nci.nih.gov/xml/owl/EVS/Thesaurus.owl+ACM-C1660,1
4115,http://snomed.info/id/703961009,http://ncicb.nci.nih.gov/xml/owl/EVS/Thesaurus.owl+ACM-C281,1
4116,http://snomed.info/id/698183007,http://ncicb.nci.nih.gov/xml/owl/EVS/Thesaurus.owl+ACM-C281,1
4117,http://snomed.info/id/442539005,http://ncicb.nci.nih.gov/xml/owl/EVS/Thesaurus.owl+ACM-C173067,1
4118,http://snomed.info/id/442031002,http://ncicb.nci.nih.gov/xml/owl/EVS/Thesaurus.owl+ACM-C173067,1
4119,http://snomed.info/id/427427002,http://ncicb.nci.nih.gov/xml/owl/EVS/Thesaurus.owl+ACM-C47795,1
4120,http://snomed.info/id/427097003,http://ncicb.nci.nih.gov/xml/owl/EVS/Thesaurus.owl+ACM-C319,1
4121,http://snomed.info/id/426471008,http://ncicb.nci.nih.gov/xml/owl/EVS/Thesaurus.owl+ACM-C29576,1
4122,http://snomed.info/id/703128001,http://ncicb.nci.nih.gov/xml/owl/EVS/Thesaurus.owl+ACM-C155700,1
4123,http://snomed.info/id/703586005,http://ncicb.nci.nih.gov/xml/owl/EVS/Thesaurus.owl+ACM-C155700,1
4124,http://snomed.info/id/443764004,http://ncicb.nci.nih.gov/xml/owl/EVS/Thesaurus.owl+ACM-C93259,1
4125,http://snomed.info/id/443763005,http://ncicb.nci.nih.gov/xml/owl/EVS/Thesaurus.owl+ACM-C155727,1
4126,http://snomed.info/id/703906002,http://ncicb.nci.nih.gov/xml/owl/EVS/Thesaurus.owl+ACM-C173067,1
4127,http://snomed.info/id/698090000,http://ncicb.nci.nih.gov/xml/owl/EVS/Thesaurus.owl+ACM-C173067,1
4128,http://snomed.info/id/432005001,http://ncicb.nci.nih.gov/xml/owl/EVS/Thesaurus.owl+ACM-C78275,1
4129,http://snomed.info/id/441995009,http://ncicb.nci.nih.gov/xml/owl/EVS/Thesaurus.owl+ACM-C78275,1
4130,http://snomed.info/id/765386003,http://ncicb.nci.nih.gov/xml/owl/EVS/Thesaurus.owl+ACM-C514,1
4131,http://snomed.info/id/429707008,http://ncicb.nci.nih.gov/xml/owl/EVS/Thesaurus.owl+ACM-C281,1
4132,http://snomed.info/id/429368003,http://ncicb.nci.nih.gov/xml/owl/EVS/Thesaurus.owl+ACM-C281,1
4133,http://snomed.info/id/704267007,http://ncicb.nci.nih.gov/xml/owl/EVS/Thesaurus.owl+ACM-C62799,1
4134,http://snomed.info/id/704266003,http://ncicb.nci.nih.gov/xml/owl/EVS/Thesaurus.owl+ACM-C62799,1
4135,http://snomed.info/id/426682009,http://ncicb.nci.nih.gov/xml/owl/EVS/Thesaurus.owl+ACM-C271,1
4136,http://snomed.info/id/426753002,http://ncicb.nci.nih.gov/xml/owl/EVS/Thesaurus.owl+ACM-C271,1
4137,http://snomed.info/id/698806003,http://ncicb.nci.nih.gov/xml/owl/EVS/Thesaurus.owl+ACM-C281,1
4138,http://snomed.info/id/704466001,http://ncicb.nci.nih.gov/xml/owl/EVS/Thesaurus.owl+ACM-C783,1
4139,http://snomed.info/id/425981005,http://ncicb.nci.nih.gov/xml/owl/EVS/Thesaurus.owl+ACM-C270,1
4140,http://snomed.info/id/703121007,http://ncicb.nci.nih.gov/xml/owl/EVS/Thesaurus.owl+ACM-C47793,1
4141,http://snomed.info/id/434132009,http://ncicb.nci.nih.gov/xml/owl/EVS/Thesaurus.owl+ACM-C78275,1
4142,http://snomed.info/id/785688002,http://ncicb.nci.nih.gov/xml/owl/EVS/Thesaurus.owl+ACM-C66884,1
4143,http://snomed.info/id/429990006,http://ncicb.nci.nih.gov/xml/owl/EVS/Thesaurus.owl+ACM-C2078,1
4144,http://snomed.info/id/735169009,http://ncicb.nci.nih.gov/xml/owl/EVS/Thesaurus.owl+ACM-C155727,1
4145,http://snomed.info/id/432253008,http://ncicb.nci.nih.gov/xml/owl/EVS/Thesaurus.owl+ACM-C163758,1
4146,http://snomed.info/id/432251005,http://ncicb.nci.nih.gov/xml/owl/EVS/Thesaurus.owl+ACM-C163758,1
4147,http://snomed.info/id/788643002,http://ncicb.nci.nih.gov/xml/owl/EVS/Thesaurus.owl+ACM-C547,1
4148,http://snomed.info/id/704195003,http://ncicb.nci.nih.gov/xml/owl/EVS/Thesaurus.owl+ACM-C1946,1
4149,http://snomed.info/id/704194004,http://ncicb.nci.nih.gov/xml/owl/EVS/Thesaurus.owl+ACM-C1946,1
4150,http://snomed.info/id/428469001,http://ncicb.nci.nih.gov/xml/owl/EVS/Thesaurus.owl+ACM-C2021,1
4151,http://snomed.info/id/428706009,http://ncicb.nci.nih.gov/xml/owl/EVS/Thesaurus.owl+ACM-C2021,1
4152,http://snomed.info/id/426409006,http://ncicb.nci.nih.gov/xml/owl/EVS/Thesaurus.owl+ACM-C521,1
4153,http://snomed.info/id/769100005,http://ncicb.nci.nih.gov/xml/owl/EVS/Thesaurus.owl+ACM-C1937,1
4154,http://snomed.info/id/428790008,http://ncicb.nci.nih.gov/xml/owl/EVS/Thesaurus.owl+ACM-C28334,1
4155,http://snomed.info/id/763571006,http://ncicb.nci.nih.gov/xml/owl/EVS/Thesaurus.owl+ACM-C514,1
4156,http://snomed.info/id/724031004,http://ncicb.nci.nih.gov/xml/owl/EVS/Thesaurus.owl+ACM-C514,1
4157,http://snomed.info/id/702799001,http://ncicb.nci.nih.gov/xml/owl/EVS/Thesaurus.owl+ACM-C98086,1
4158,http://snomed.info/id/703669009,http://ncicb.nci.nih.gov/xml/owl/EVS/Thesaurus.owl+ACM-C98086,1
4159,http://snomed.info/id/449042005,http://ncicb.nci.nih.gov/xml/owl/EVS/Thesaurus.owl+ACM-C66930,1
4160,http://snomed.info/id/448917007,http://ncicb.nci.nih.gov/xml/owl/EVS/Thesaurus.owl+ACM-C66930,1
4161,http://snomed.info/id/426809000,http://ncicb.nci.nih.gov/xml/owl/EVS/Thesaurus.owl+ACM-C275,1
4162,http://snomed.info/id/426182008,http://ncicb.nci.nih.gov/xml/owl/EVS/Thesaurus.owl+ACM-C2127,1
4163,http://snomed.info/id/16628008,http://ncicb.nci.nih.gov/xml/owl/EVS/Thesaurus.owl+ACM-C1910,1
4164,http://snomed.info/id/439082000,http://ncicb.nci.nih.gov/xml/owl/EVS/Thesaurus.owl+ACM-C1420,1
4165,http://snomed.info/id/438943005,http://ncicb.nci.nih.gov/xml/owl/EVS/Thesaurus.owl+ACM-C155700,1
4166,http://snomed.info/id/1149432009,http://ncicb.nci.nih.gov/xml/owl/EVS/Thesaurus.owl+ACM-C281,1
4167,http://snomed.info/id/429322001,http://ncicb.nci.nih.gov/xml/owl/EVS/Thesaurus.owl+ACM-C2151,1
4168,http://snomed.info/id/428728009,http://ncicb.nci.nih.gov/xml/owl/EVS/Thesaurus.owl+ACM-C78273,1
4169,http://snomed.info/id/428726008,http://ncicb.nci.nih.gov/xml/owl/EVS/Thesaurus.owl+ACM-C78273,1
4170,http://snomed.info/id/429398005,http://ncicb.nci.nih.gov/xml/owl/EVS/Thesaurus.owl+ACM-C1946,1
4171,http://snomed.info/id/429068009,http://ncicb.nci.nih.gov/xml/owl/EVS/Thesaurus.owl+ACM-C1946,1
4172,http://snomed.info/id/427879005,http://ncicb.nci.nih.gov/xml/owl/EVS/Thesaurus.owl+ACM-C271,1
4173,http://snomed.info/id/704464003,http://ncicb.nci.nih.gov/xml/owl/EVS/Thesaurus.owl+ACM-C80483,1
4174,http://snomed.info/id/698805004,http://ncicb.nci.nih.gov/xml/owl/EVS/Thesaurus.owl+ACM-C80483,1
4175,http://snomed.info/id/443375003,http://ncicb.nci.nih.gov/xml/owl/EVS/Thesaurus.owl+ACM-C29710,1
4176,http://snomed.info/id/443374004,http://ncicb.nci.nih.gov/xml/owl/EVS/Thesaurus.owl+ACM-C29710,1
4177,http://snomed.info/id/717359004,http://ncicb.nci.nih.gov/xml/owl/EVS/Thesaurus.owl+ACM-C78568,1
4178,http://snomed.info/id/781377007,http://ncicb.nci.nih.gov/xml/owl/EVS/Thesaurus.owl+ACM-C78568,1
4179,http://snomed.info/id/703686003,http://ncicb.nci.nih.gov/xml/owl/EVS/Thesaurus.owl+ACM-C548,1
4180,http://snomed.info/id/703126002,http://ncicb.nci.nih.gov/xml/owl/EVS/Thesaurus.owl+ACM-C548,1
4181,http://snomed.info/id/441757005,http://ncicb.nci.nih.gov/xml/owl/EVS/Thesaurus.owl+ACM-C241,1
4182,http://snomed.info/id/442004000,http://ncicb.nci.nih.gov/xml/owl/EVS/Thesaurus.owl+ACM-C241,1
4183,http://snomed.info/id/698874004,http://ncicb.nci.nih.gov/xml/owl/EVS/Thesaurus.owl+ACM-C47793,1
4184,http://snomed.info/id/714783001,http://ncicb.nci.nih.gov/xml/owl/EVS/Thesaurus.owl+ACM-C2160,1
4185,http://snomed.info/id/713463006,http://ncicb.nci.nih.gov/xml/owl/EVS/Thesaurus.owl+ACM-C2160,1
4186,http://snomed.info/id/430077004,http://ncicb.nci.nih.gov/xml/owl/EVS/Thesaurus.owl+ACM-C1505,1
4187,http://snomed.info/id/430819007,http://ncicb.nci.nih.gov/xml/owl/EVS/Thesaurus.owl+ACM-C1505,1
4188,http://snomed.info/id/703115008,http://ncicb.nci.nih.gov/xml/owl/EVS/Thesaurus.owl+ACM-C66883,1
4189,http://snomed.info/id/703115008,http://ncicb.nci.nih.gov/xml/owl/EVS/Thesaurus.owl+ACM-C66885,1
4190,http://snomed.info/id/715585000,http://ncicb.nci.nih.gov/xml/owl/EVS/Thesaurus.owl+ACM-C66883,1
4191,http://snomed.info/id/766801005,http://ncicb.nci.nih.gov/xml/owl/EVS/Thesaurus.owl+ACM-C29578,1
4192,http://snomed.info/id/432676000,http://ncicb.nci.nih.gov/xml/owl/EVS/Thesaurus.owl+ACM-C263,1
4193,http://snomed.info/id/433010006,http://ncicb.nci.nih.gov/xml/owl/EVS/Thesaurus.owl+ACM-C263,1
4194,http://snomed.info/id/431069006,http://ncicb.nci.nih.gov/xml/owl/EVS/Thesaurus.owl+ACM-C17610,1
4195,http://snomed.info/id/433519000,http://ncicb.nci.nih.gov/xml/owl/EVS/Thesaurus.owl+ACM-C681,1
4196,http://snomed.info/id/895426008,http://ncicb.nci.nih.gov/xml/owl/EVS/Thesaurus.owl+ACM-C1821,1
4197,http://snomed.info/id/440186005,http://ncicb.nci.nih.gov/xml/owl/EVS/Thesaurus.owl+ACM-C1821,1
4198,http://snomed.info/id/772205006,http://ncicb.nci.nih.gov/xml/owl/EVS/Thesaurus.owl+ACM-C163758,1
4199,http://snomed.info/id/703789000,http://ncicb.nci.nih.gov/xml/owl/EVS/Thesaurus.owl+ACM-C157388,1
4200,http://snomed.info/id/703790009,http://ncicb.nci.nih.gov/xml/owl/EVS/Thesaurus.owl+ACM-C1742,1
4201,http://snomed.info/id/447209009,http://ncicb.nci.nih.gov/xml/owl/EVS/Thesaurus.owl+ACM-C257,1
4202,http://snomed.info/id/447208001,http://ncicb.nci.nih.gov/xml/owl/EVS/Thesaurus.owl+ACM-C257,1
4203,http://snomed.info/id/441863009,http://ncicb.nci.nih.gov/xml/owl/EVS/Thesaurus.owl+ACM-C29723,1
4204,http://snomed.info/id/442540007,http://ncicb.nci.nih.gov/xml/owl/EVS/Thesaurus.owl+ACM-C29723,1
4205,http://snomed.info/id/734516006,http://ncicb.nci.nih.gov/xml/owl/EVS/Thesaurus.owl+ACM-C221,1
4206,http://snomed.info/id/108505002,http://ncicb.nci.nih.gov/xml/owl/EVS/Thesaurus.owl+ACM-C241,1
4207,http://snomed.info/id/116779008,http://ncicb.nci.nih.gov/xml/owl/EVS/Thesaurus.owl+ACM-C314,1
4208,http://snomed.info/id/387041008,http://ncicb.nci.nih.gov/xml/owl/EVS/Thesaurus.owl+ACM-C314,1
4209,http://snomed.info/id/708166000,http://ncicb.nci.nih.gov/xml/owl/EVS/Thesaurus.owl+ACM-C67422,1
4210,http://snomed.info/id/767582004,http://ncicb.nci.nih.gov/xml/owl/EVS/Thesaurus.owl+ACM-C67422,1
4211,http://snomed.info/id/716226007,http://ncicb.nci.nih.gov/xml/owl/EVS/Thesaurus.owl+ACM-C47794,1
4212,http://snomed.info/id/412556009,http://ncicb.nci.nih.gov/xml/owl/EVS/Thesaurus.owl+ACM-C29631,1
4213,http://snomed.info/id/703674001,http://ncicb.nci.nih.gov/xml/owl/EVS/Thesaurus.owl+ACM-C98083,1
4214,http://snomed.info/id/703678003,http://ncicb.nci.nih.gov/xml/owl/EVS/Thesaurus.owl+ACM-C98083,1
4215,http://snomed.info/id/714706007,http://ncicb.nci.nih.gov/xml/owl/EVS/Thesaurus.owl+ACM-C29756,1
4216,http://snomed.info/id/764594003,http://ncicb.nci.nih.gov/xml/owl/EVS/Thesaurus.owl+ACM-C29756,1
4217,http://snomed.info/id/438878009,http://ncicb.nci.nih.gov/xml/owl/EVS/Thesaurus.owl+ACM-C1737,1
4218,http://snomed.info/id/418326009,http://ncicb.nci.nih.gov/xml/owl/EVS/Thesaurus.owl+ACM-C78311,1
4219,http://snomed.info/id/312063004,http://ncicb.nci.nih.gov/xml/owl/EVS/Thesaurus.owl+ACM-C78311,1
4220,http://snomed.info/id/416617005,http://ncicb.nci.nih.gov/xml/owl/EVS/Thesaurus.owl+ACM-C29640,1
4221,http://snomed.info/id/716221002,http://ncicb.nci.nih.gov/xml/owl/EVS/Thesaurus.owl+ACM-C1291,1
4222,http://snomed.info/id/714167009,http://ncicb.nci.nih.gov/xml/owl/EVS/Thesaurus.owl+ACM-C783,1
4223,http://snomed.info/id/708823009,http://ncicb.nci.nih.gov/xml/owl/EVS/Thesaurus.owl+ACM-C783,1
4224,http://snomed.info/id/715555005,http://ncicb.nci.nih.gov/xml/owl/EVS/Thesaurus.owl+ACM-C28313,1
4225,http://snomed.info/id/710283008,http://ncicb.nci.nih.gov/xml/owl/EVS/Thesaurus.owl+ACM-C28313,1
4226,http://snomed.info/id/714795001,http://ncicb.nci.nih.gov/xml/owl/EVS/Thesaurus.owl+ACM-C281,1
4227,http://snomed.info/id/708828000,http://ncicb.nci.nih.gov/xml/owl/EVS/Thesaurus.owl+ACM-C281,1
4228,http://snomed.info/id/1149151008,http://ncicb.nci.nih.gov/xml/owl/EVS/Thesaurus.owl+ACM-C574,1
4229,http://snomed.info/id/1149188006,http://ncicb.nci.nih.gov/xml/owl/EVS/Thesaurus.owl+ACM-C574,1
4230,http://snomed.info/id/699679004,http://ncicb.nci.nih.gov/xml/owl/EVS/Thesaurus.owl+ACM-C147923,1
4231,http://snomed.info/id/448800004,http://ncicb.nci.nih.gov/xml/owl/EVS/Thesaurus.owl+ACM-C67422,1
4232,http://snomed.info/id/735166002,http://ncicb.nci.nih.gov/xml/owl/EVS/Thesaurus.owl+ACM-C80483,1
4233,http://snomed.info/id/734650007,http://ncicb.nci.nih.gov/xml/owl/EVS/Thesaurus.owl+ACM-C283,1
4234,http://snomed.info/id/716227003,http://ncicb.nci.nih.gov/xml/owl/EVS/Thesaurus.owl+ACM-C47794,1
4235,http://snomed.info/id/703116009,http://ncicb.nci.nih.gov/xml/owl/EVS/Thesaurus.owl+ACM-C66885,1
4236,http://snomed.info/id/708711009,http://ncicb.nci.nih.gov/xml/owl/EVS/Thesaurus.owl+ACM-C129825,1
4237,http://snomed.info/id/715545006,http://ncicb.nci.nih.gov/xml/owl/EVS/Thesaurus.owl+ACM-C129825,1
4238,http://snomed.info/id/734458006,http://ncicb.nci.nih.gov/xml/owl/EVS/Thesaurus.owl+ACM-C47795,1
4239,http://snomed.info/id/702800002,http://ncicb.nci.nih.gov/xml/owl/EVS/Thesaurus.owl+ACM-C98086,1
4240,http://snomed.info/id/765340000,http://ncicb.nci.nih.gov/xml/owl/EVS/Thesaurus.owl+ACM-C87006,1
4241,http://snomed.info/id/773543004,http://ncicb.nci.nih.gov/xml/owl/EVS/Thesaurus.owl+ACM-C87006,1
4242,http://snomed.info/id/765341001,http://ncicb.nci.nih.gov/xml/owl/EVS/Thesaurus.owl+ACM-C87006,1
4243,http://snomed.info/id/703956007,http://ncicb.nci.nih.gov/xml/owl/EVS/Thesaurus.owl+ACM-C2127,1
4244,http://snomed.info/id/703957003,http://ncicb.nci.nih.gov/xml/owl/EVS/Thesaurus.owl+ACM-C2127,1
4245,http://snomed.info/id/449561004,http://ncicb.nci.nih.gov/xml/owl/EVS/Thesaurus.owl+ACM-C66930,1
4246,http://snomed.info/id/707083009,http://ncicb.nci.nih.gov/xml/owl/EVS/Thesaurus.owl+ACM-C29578,1
4247,http://snomed.info/id/770926005,http://ncicb.nci.nih.gov/xml/owl/EVS/Thesaurus.owl+ACM-C29578,1
4248,http://snomed.info/id/763702003,http://ncicb.nci.nih.gov/xml/owl/EVS/Thesaurus.owl+ACM-C263,1
4249,http://snomed.info/id/735227003,http://ncicb.nci.nih.gov/xml/owl/EVS/Thesaurus.owl+ACM-C263,1
4250,http://snomed.info/id/735189005,http://ncicb.nci.nih.gov/xml/owl/EVS/Thesaurus.owl+ACM-C29710,1
4251,http://snomed.info/id/710278000,http://ncicb.nci.nih.gov/xml/owl/EVS/Thesaurus.owl+ACM-C129825,1
4252,http://snomed.info/id/709283009,http://ncicb.nci.nih.gov/xml/owl/EVS/Thesaurus.owl+ACM-C129825,1
4253,http://snomed.info/id/703127006,http://ncicb.nci.nih.gov/xml/owl/EVS/Thesaurus.owl+ACM-C47795,1
4254,http://snomed.info/id/703728005,http://ncicb.nci.nih.gov/xml/owl/EVS/Thesaurus.owl+ACM-C47795,1
4255,http://snomed.info/id/734469009,http://ncicb.nci.nih.gov/xml/owl/EVS/Thesaurus.owl+ACM-C28197,1
4256,http://snomed.info/id/735063008,http://ncicb.nci.nih.gov/xml/owl/EVS/Thesaurus.owl+ACM-C2081,1
4257,http://snomed.info/id/703122000,http://ncicb.nci.nih.gov/xml/owl/EVS/Thesaurus.owl+ACM-C29756,1
4258,http://snomed.info/id/734453002,http://ncicb.nci.nih.gov/xml/owl/EVS/Thesaurus.owl+ACM-C80212,1
4259,http://snomed.info/id/442699004,http://ncicb.nci.nih.gov/xml/owl/EVS/Thesaurus.owl+ACM-C67413,1
4260,http://snomed.info/id/736632003,http://ncicb.nci.nih.gov/xml/owl/EVS/Thesaurus.owl+ACM-C159156,1
4261,http://snomed.info/id/763563007,http://ncicb.nci.nih.gov/xml/owl/EVS/Thesaurus.owl+ACM-C159156,1
4262,http://snomed.info/id/772991002,http://ncicb.nci.nih.gov/xml/owl/EVS/Thesaurus.owl+ACM-C281,1
4263,http://snomed.info/id/773289005,http://ncicb.nci.nih.gov/xml/owl/EVS/Thesaurus.owl+ACM-C281,1
4264,http://snomed.info/id/773234007,http://ncicb.nci.nih.gov/xml/owl/EVS/Thesaurus.owl+ACM-C2092,1
4265,http://snomed.info/id/773185009,http://ncicb.nci.nih.gov/xml/owl/EVS/Thesaurus.owl+ACM-C2092,1
4266,http://snomed.info/id/418027007,http://ncicb.nci.nih.gov/xml/owl/EVS/Thesaurus.owl+ACM-C257,1
4267,http://snomed.info/id/418868002,http://ncicb.nci.nih.gov/xml/owl/EVS/Thesaurus.owl+ACM-C257,1
4268,http://snomed.info/id/713333001,http://ncicb.nci.nih.gov/xml/owl/EVS/Thesaurus.owl+ACM-C29707,1
4269,http://snomed.info/id/715490004,http://ncicb.nci.nih.gov/xml/owl/EVS/Thesaurus.owl+ACM-C29707,1
4270,http://snomed.info/id/706896003,http://ncicb.nci.nih.gov/xml/owl/EVS/Thesaurus.owl+ACM-C29710,1
4271,http://snomed.info/id/734452007,http://ncicb.nci.nih.gov/xml/owl/EVS/Thesaurus.owl+ACM-C98086,1
4272,http://snomed.info/id/700402009,http://ncicb.nci.nih.gov/xml/owl/EVS/Thesaurus.owl+ACM-C1655,1
4273,http://snomed.info/id/395769006,http://ncicb.nci.nih.gov/xml/owl/EVS/Thesaurus.owl+ACM-C2078,1
4274,http://snomed.info/id/782479008,http://ncicb.nci.nih.gov/xml/owl/EVS/Thesaurus.owl+ACM-C2078,1
4275,http://snomed.info/id/703250005,http://ncicb.nci.nih.gov/xml/owl/EVS/Thesaurus.owl+ACM-C1891,1
4276,http://snomed.info/id/418888003,http://ncicb.nci.nih.gov/xml/owl/EVS/Thesaurus.owl+ACM-C78311,1
4277,http://snomed.info/id/703914008,http://ncicb.nci.nih.gov/xml/owl/EVS/Thesaurus.owl+ACM-C258,1
4278,http://snomed.info/id/703912007,http://ncicb.nci.nih.gov/xml/owl/EVS/Thesaurus.owl+ACM-C258,1
4279,http://snomed.info/id/703810000,http://ncicb.nci.nih.gov/xml/owl/EVS/Thesaurus.owl+ACM-C87006,1
4280,http://snomed.info/id/703348000,http://ncicb.nci.nih.gov/xml/owl/EVS/Thesaurus.owl+ACM-C87006,1
4281,http://snomed.info/id/703349008,http://ncicb.nci.nih.gov/xml/owl/EVS/Thesaurus.owl+ACM-C87006,1
4282,http://snomed.info/id/703667006,http://ncicb.nci.nih.gov/xml/owl/EVS/Thesaurus.owl+ACM-C98086,1
4283,http://snomed.info/id/702798009,http://ncicb.nci.nih.gov/xml/owl/EVS/Thesaurus.owl+ACM-C98086,1
4284,http://snomed.info/id/1149428003,http://ncicb.nci.nih.gov/xml/owl/EVS/Thesaurus.owl+ACM-C47794,1
4285,http://snomed.info/id/797931004,http://ncicb.nci.nih.gov/xml/owl/EVS/Thesaurus.owl+ACM-C29739,1
4286,http://snomed.info/id/432165000,http://ncicb.nci.nih.gov/xml/owl/EVS/Thesaurus.owl+ACM-C1505,1
4287,http://snomed.info/id/432164001,http://ncicb.nci.nih.gov/xml/owl/EVS/Thesaurus.owl+ACM-C1505,1
4288,http://snomed.info/id/715552008,http://ncicb.nci.nih.gov/xml/owl/EVS/Thesaurus.owl+ACM-C274,1
4289,http://snomed.info/id/710279008,http://ncicb.nci.nih.gov/xml/owl/EVS/Thesaurus.owl+ACM-C274,1
4290,http://snomed.info/id/395860001,http://ncicb.nci.nih.gov/xml/owl/EVS/Thesaurus.owl+ACM-C78311,1
4291,http://snomed.info/id/425189006,http://ncicb.nci.nih.gov/xml/owl/EVS/Thesaurus.owl+ACM-C78311,1
4292,http://snomed.info/id/415245003,http://ncicb.nci.nih.gov/xml/owl/EVS/Thesaurus.owl+ACM-C78311,1
4293,http://snomed.info/id/781164006,http://ncicb.nci.nih.gov/xml/owl/EVS/Thesaurus.owl+ACM-C78311,1
4294,http://snomed.info/id/784168005,http://ncicb.nci.nih.gov/xml/owl/EVS/Thesaurus.owl+ACM-C2160,1
4295,http://snomed.info/id/708597007,http://ncicb.nci.nih.gov/xml/owl/EVS/Thesaurus.owl+ACM-C709,1
4296,http://snomed.info/id/716228008,http://ncicb.nci.nih.gov/xml/owl/EVS/Thesaurus.owl+ACM-C29703,1
4297,http://snomed.info/id/864003008,http://ncicb.nci.nih.gov/xml/owl/EVS/Thesaurus.owl+ACM-C29703,1
4298,http://snomed.info/id/716229000,http://ncicb.nci.nih.gov/xml/owl/EVS/Thesaurus.owl+ACM-C29703,1
4299,http://snomed.info/id/444101000124101,http://ncicb.nci.nih.gov/xml/owl/EVS/Thesaurus.owl+ACM-C62695,1
4300,http://snomed.info/id/738747006,http://ncicb.nci.nih.gov/xml/owl/EVS/Thesaurus.owl+ACM-C93259,1
4301,http://snomed.info/id/763513002,http://ncicb.nci.nih.gov/xml/owl/EVS/Thesaurus.owl+ACM-C93259,1
4302,http://snomed.info/id/734978006,http://ncicb.nci.nih.gov/xml/owl/EVS/Thesaurus.owl+ACM-C1505,1
4303,http://snomed.info/id/713474002,http://ncicb.nci.nih.gov/xml/owl/EVS/Thesaurus.owl+ACM-C271,1
4304,http://snomed.info/id/447182009,http://ncicb.nci.nih.gov/xml/owl/EVS/Thesaurus.owl+ACM-C1490,1
4305,http://snomed.info/id/446706007,http://ncicb.nci.nih.gov/xml/owl/EVS/Thesaurus.owl+ACM-C1490,1
4306,http://snomed.info/id/710202000,http://ncicb.nci.nih.gov/xml/owl/EVS/Thesaurus.owl+ACM-C2166,1
4307,http://snomed.info/id/398786001,http://ncicb.nci.nih.gov/xml/owl/EVS/Thesaurus.owl+ACM-C2166,1
4308,http://snomed.info/id/703368006,http://ncicb.nci.nih.gov/xml/owl/EVS/Thesaurus.owl+ACM-C296,1
4309,http://snomed.info/id/772950004,http://ncicb.nci.nih.gov/xml/owl/EVS/Thesaurus.owl+ACM-C296,1
4310,http://snomed.info/id/703913002,http://ncicb.nci.nih.gov/xml/owl/EVS/Thesaurus.owl+ACM-C258,1
4311,http://snomed.info/id/718843009,http://ncicb.nci.nih.gov/xml/owl/EVS/Thesaurus.owl+ACM-C78281,1
4312,http://snomed.info/id/715613009,http://ncicb.nci.nih.gov/xml/owl/EVS/Thesaurus.owl+ACM-C155727,1
4313,http://snomed.info/id/712494002,http://ncicb.nci.nih.gov/xml/owl/EVS/Thesaurus.owl+ACM-C1742,1
4314,http://snomed.info/id/702806008,http://ncicb.nci.nih.gov/xml/owl/EVS/Thesaurus.owl+ACM-C125450,1
4315,http://snomed.info/id/703779004,http://ncicb.nci.nih.gov/xml/owl/EVS/Thesaurus.owl+ACM-C125450,1
4316,http://snomed.info/id/720356008,http://ncicb.nci.nih.gov/xml/owl/EVS/Thesaurus.owl+ACM-C38149,1
4317,http://snomed.info/id/763548009,http://ncicb.nci.nih.gov/xml/owl/EVS/Thesaurus.owl+ACM-C38149,1
4318,http://snomed.info/id/1149378000,http://ncicb.nci.nih.gov/xml/owl/EVS/Thesaurus.owl+ACM-C511,1
4319,http://snomed.info/id/1153617008,http://ncicb.nci.nih.gov/xml/owl/EVS/Thesaurus.owl+ACM-C511,1
4320,http://snomed.info/id/704459002,http://ncicb.nci.nih.gov/xml/owl/EVS/Thesaurus.owl+ACM-C319,1
4321,http://snomed.info/id/715600003,http://ncicb.nci.nih.gov/xml/owl/EVS/Thesaurus.owl+ACM-C319,1
4322,http://snomed.info/id/720194004,http://ncicb.nci.nih.gov/xml/owl/EVS/Thesaurus.owl+ACM-C319,1
4323,http://snomed.info/id/702408004,http://ncicb.nci.nih.gov/xml/owl/EVS/Thesaurus.owl+ACM-C319,1
4324,http://snomed.info/id/715295006,http://ncicb.nci.nih.gov/xml/owl/EVS/Thesaurus.owl+ACM-C29710,1
4325,http://snomed.info/id/763607001,http://ncicb.nci.nih.gov/xml/owl/EVS/Thesaurus.owl+ACM-C29710,1
4326,http://snomed.info/id/702838003,http://ncicb.nci.nih.gov/xml/owl/EVS/Thesaurus.owl+ACM-C47794,1
4327,http://snomed.info/id/763570007,http://ncicb.nci.nih.gov/xml/owl/EVS/Thesaurus.owl+ACM-C98085,1
4328,http://snomed.info/id/708808004,http://ncicb.nci.nih.gov/xml/owl/EVS/Thesaurus.owl+ACM-C98085,1
4329,http://snomed.info/id/703637000,http://ncicb.nci.nih.gov/xml/owl/EVS/Thesaurus.owl+ACM-C141136,1
4330,http://snomed.info/id/703638005,http://ncicb.nci.nih.gov/xml/owl/EVS/Thesaurus.owl+ACM-C143099,1
4331,http://snomed.info/id/715596008,http://ncicb.nci.nih.gov/xml/owl/EVS/Thesaurus.owl+ACM-C1327,1
4332,http://snomed.info/id/708718003,http://ncicb.nci.nih.gov/xml/owl/EVS/Thesaurus.owl+ACM-C1327,1
4333,http://snomed.info/id/703681008,http://ncicb.nci.nih.gov/xml/owl/EVS/Thesaurus.owl+ACM-C98083,1
4334,http://snomed.info/id/703676004,http://ncicb.nci.nih.gov/xml/owl/EVS/Thesaurus.owl+ACM-C98083,1
4335,http://snomed.info/id/713645002,http://ncicb.nci.nih.gov/xml/owl/EVS/Thesaurus.owl+ACM-C281,1
4336,http://snomed.info/id/710806008,http://ncicb.nci.nih.gov/xml/owl/EVS/Thesaurus.owl+ACM-C281,1
4337,http://snomed.info/id/870753001,http://ncicb.nci.nih.gov/xml/owl/EVS/Thesaurus.owl+ACM-C129825,1
4338,http://snomed.info/id/870689004,http://ncicb.nci.nih.gov/xml/owl/EVS/Thesaurus.owl+ACM-C129825,1
4339,http://snomed.info/id/703808002,http://ncicb.nci.nih.gov/xml/owl/EVS/Thesaurus.owl+ACM-C129825,1
4340,http://snomed.info/id/702804006,http://ncicb.nci.nih.gov/xml/owl/EVS/Thesaurus.owl+ACM-C1404,1
4341,http://snomed.info/id/703797007,http://ncicb.nci.nih.gov/xml/owl/EVS/Thesaurus.owl+ACM-C124800,1
4342,http://snomed.info/id/734977001,http://ncicb.nci.nih.gov/xml/owl/EVS/Thesaurus.owl+ACM-C68442,1
4343,http://snomed.info/id/714108002,http://ncicb.nci.nih.gov/xml/owl/EVS/Thesaurus.owl+ACM-C93259,1
4344,http://snomed.info/id/714109005,http://ncicb.nci.nih.gov/xml/owl/EVS/Thesaurus.owl+ACM-C93259,1
4345,http://snomed.info/id/703796003,http://ncicb.nci.nih.gov/xml/owl/EVS/Thesaurus.owl+ACM-C124800,1
4346,http://snomed.info/id/703798002,http://ncicb.nci.nih.gov/xml/owl/EVS/Thesaurus.owl+ACM-C124800,1
4347,http://snomed.info/id/781495006,http://ncicb.nci.nih.gov/xml/owl/EVS/Thesaurus.owl+ACM-C129825,1
4348,http://snomed.info/id/781492009,http://ncicb.nci.nih.gov/xml/owl/EVS/Thesaurus.owl+ACM-C2167,1
4349,http://snomed.info/id/735068004,http://ncicb.nci.nih.gov/xml/owl/EVS/Thesaurus.owl+ACM-C129825,1
4350,http://snomed.info/id/703580004,http://ncicb.nci.nih.gov/xml/owl/EVS/Thesaurus.owl+ACM-C129825,1
4351,http://snomed.info/id/703580004,http://ncicb.nci.nih.gov/xml/owl/EVS/Thesaurus.owl+ACM-C2167,1
4352,http://snomed.info/id/703579002,http://ncicb.nci.nih.gov/xml/owl/EVS/Thesaurus.owl+ACM-C129825,1
4353,http://snomed.info/id/703812008,http://ncicb.nci.nih.gov/xml/owl/EVS/Thesaurus.owl+ACM-C2189,1
4354,http://snomed.info/id/703813003,http://ncicb.nci.nih.gov/xml/owl/EVS/Thesaurus.owl+ACM-C2189,1
4355,http://snomed.info/id/703124004,http://ncicb.nci.nih.gov/xml/owl/EVS/Thesaurus.owl+ACM-C97453,1
4356,http://snomed.info/id/714771003,http://ncicb.nci.nih.gov/xml/owl/EVS/Thesaurus.owl+ACM-C471,1
4357,http://snomed.info/id/710109003,http://ncicb.nci.nih.gov/xml/owl/EVS/Thesaurus.owl+ACM-C471,1
4358,http://snomed.info/id/926369003,http://ncicb.nci.nih.gov/xml/owl/EVS/Thesaurus.owl+ACM-C1012,1
4359,http://snomed.info/id/926383001,http://ncicb.nci.nih.gov/xml/owl/EVS/Thesaurus.owl+ACM-C1012,1
4360,http://snomed.info/id/708714001,http://ncicb.nci.nih.gov/xml/owl/EVS/Thesaurus.owl+ACM-C142786,1
4361,http://snomed.info/id/715609002,http://ncicb.nci.nih.gov/xml/owl/EVS/Thesaurus.owl+ACM-C142786,1
4362,http://snomed.info/id/714080005,http://ncicb.nci.nih.gov/xml/owl/EVS/Thesaurus.owl+ACM-C98085,1
4363,http://snomed.info/id/714081009,http://ncicb.nci.nih.gov/xml/owl/EVS/Thesaurus.owl+ACM-C98085,1
4364,http://snomed.info/id/718844003,http://ncicb.nci.nih.gov/xml/owl/EVS/Thesaurus.owl+ACM-C93259,1
4365,http://snomed.info/id/763605009,http://ncicb.nci.nih.gov/xml/owl/EVS/Thesaurus.owl+ACM-C143099,1
4366,http://snomed.info/id/255842006,http://ncicb.nci.nih.gov/xml/owl/EVS/Thesaurus.owl+ACM-C66892,1
4367,http://snomed.info/id/702805007,http://ncicb.nci.nih.gov/xml/owl/EVS/Thesaurus.owl+ACM-C129825,1
4368,http://snomed.info/id/703656005,http://ncicb.nci.nih.gov/xml/owl/EVS/Thesaurus.owl+ACM-C155322,1
4369,http://snomed.info/id/709133005,http://ncicb.nci.nih.gov/xml/owl/EVS/Thesaurus.owl+ACM-C1660,1
4370,http://snomed.info/id/734494005,http://ncicb.nci.nih.gov/xml/owl/EVS/Thesaurus.owl+ACM-C129650,1
4371,http://snomed.info/id/712519008,http://ncicb.nci.nih.gov/xml/owl/EVS/Thesaurus.owl+ACM-C281,1
4372,http://snomed.info/id/714014007,http://ncicb.nci.nih.gov/xml/owl/EVS/Thesaurus.owl+ACM-C281,1
4373,http://snomed.info/id/714767001,http://ncicb.nci.nih.gov/xml/owl/EVS/Thesaurus.owl+ACM-C281,1
4374,http://snomed.info/id/713464000,http://ncicb.nci.nih.gov/xml/owl/EVS/Thesaurus.owl+ACM-C281,1
4375,http://snomed.info/id/703824001,http://ncicb.nci.nih.gov/xml/owl/EVS/Thesaurus.owl+ACM-C87006,1
4376,http://snomed.info/id/703823007,http://ncicb.nci.nih.gov/xml/owl/EVS/Thesaurus.owl+ACM-C87006,1
4377,http://snomed.info/id/713437001,http://ncicb.nci.nih.gov/xml/owl/EVS/Thesaurus.owl+ACM-C255,1
4378,http://snomed.info/id/781259000,http://ncicb.nci.nih.gov/xml/owl/EVS/Thesaurus.owl+ACM-C129819,1
4379,http://snomed.info/id/765358006,http://ncicb.nci.nih.gov/xml/owl/EVS/Thesaurus.owl+ACM-C129819,1
4380,http://snomed.info/id/714011004,http://ncicb.nci.nih.gov/xml/owl/EVS/Thesaurus.owl+ACM-C471,1
4381,http://snomed.info/id/714006001,http://ncicb.nci.nih.gov/xml/owl/EVS/Thesaurus.owl+ACM-C471,1
4382,http://snomed.info/id/863995003,http://ncicb.nci.nih.gov/xml/owl/EVS/Thesaurus.owl+ACM-C471,1
4383,http://snomed.info/id/734471009,http://ncicb.nci.nih.gov/xml/owl/EVS/Thesaurus.owl+ACM-C80483,1
4384,http://snomed.info/id/703582007,http://ncicb.nci.nih.gov/xml/owl/EVS/Thesaurus.owl+ACM-C2167,1
4385,http://snomed.info/id/768550004,http://ncicb.nci.nih.gov/xml/owl/EVS/Thesaurus.owl+ACM-C2078,1
4386,http://snomed.info/id/734665008,http://ncicb.nci.nih.gov/xml/owl/EVS/Thesaurus.owl+ACM-C667,1
4387,http://snomed.info/id/715256005,http://ncicb.nci.nih.gov/xml/owl/EVS/Thesaurus.owl+ACM-C2160,1
4388,http://snomed.info/id/781324002,http://ncicb.nci.nih.gov/xml/owl/EVS/Thesaurus.owl+ACM-C2160,1
4389,http://snomed.info/id/703881006,http://ncicb.nci.nih.gov/xml/owl/EVS/Thesaurus.owl+ACM-C514,1
4390,http://snomed.info/id/703880007,http://ncicb.nci.nih.gov/xml/owl/EVS/Thesaurus.owl+ACM-C514,1
4391,http://snomed.info/id/703646006,http://ncicb.nci.nih.gov/xml/owl/EVS/Thesaurus.owl+ACM-C129825,1
4392,http://snomed.info/id/703641001,http://ncicb.nci.nih.gov/xml/owl/EVS/Thesaurus.owl+ACM-C155322,1
4393,http://snomed.info/id/864011003,http://ncicb.nci.nih.gov/xml/owl/EVS/Thesaurus.owl+ACM-C143099,1
4394,http://snomed.info/id/420709001,http://ncicb.nci.nih.gov/xml/owl/EVS/Thesaurus.owl+ACM-C29697,1
4395,http://snomed.info/id/412302003,http://ncicb.nci.nih.gov/xml/owl/EVS/Thesaurus.owl+ACM-C29697,1
4396,http://snomed.info/id/387162007,http://ncicb.nci.nih.gov/xml/owl/EVS/Thesaurus.owl+ACM-C29697,1
4397,http://snomed.info/id/30125007,http://ncicb.nci.nih.gov/xml/owl/EVS/Thesaurus.owl+ACM-C29697,1
4398,http://snomed.info/id/782573007,http://ncicb.nci.nih.gov/xml/owl/EVS/Thesaurus.owl+ACM-C26170,1
4399,http://snomed.info/id/703894008,http://ncicb.nci.nih.gov/xml/owl/EVS/Thesaurus.owl+ACM-C98083,1
4400,http://snomed.info/id/703895009,http://ncicb.nci.nih.gov/xml/owl/EVS/Thesaurus.owl+ACM-C98083,1
4401,http://snomed.info/id/715390003,http://ncicb.nci.nih.gov/xml/owl/EVS/Thesaurus.owl+ACM-C783,1
4402,http://snomed.info/id/115532004,http://ncicb.nci.nih.gov/xml/owl/EVS/Thesaurus.owl+ACM-C552,1
4403,http://snomed.info/id/725862005,http://ncicb.nci.nih.gov/xml/owl/EVS/Thesaurus.owl+ACM-C319,1
4404,http://snomed.info/id/713371009,http://ncicb.nci.nih.gov/xml/owl/EVS/Thesaurus.owl+ACM-C314,1
4405,http://snomed.info/id/703684000,http://ncicb.nci.nih.gov/xml/owl/EVS/Thesaurus.owl+ACM-C146993,1
4406,http://snomed.info/id/703125003,http://ncicb.nci.nih.gov/xml/owl/EVS/Thesaurus.owl+ACM-C146993,1
4407,http://snomed.info/id/703585009,http://ncicb.nci.nih.gov/xml/owl/EVS/Thesaurus.owl+ACM-C155700,1
4408,http://snomed.info/id/734148003,http://ncicb.nci.nih.gov/xml/owl/EVS/Thesaurus.owl+ACM-C1660,1
4409,http://snomed.info/id/710228002,http://ncicb.nci.nih.gov/xml/owl/EVS/Thesaurus.owl+ACM-C129825,1
4410,http://snomed.info/id/715598009,http://ncicb.nci.nih.gov/xml/owl/EVS/Thesaurus.owl+ACM-C124801,1
4411,http://snomed.info/id/863993005,http://ncicb.nci.nih.gov/xml/owl/EVS/Thesaurus.owl+ACM-C1742,1
4412,http://snomed.info/id/716308007,http://ncicb.nci.nih.gov/xml/owl/EVS/Thesaurus.owl+ACM-C78272,1
4413,http://snomed.info/id/789360005,http://ncicb.nci.nih.gov/xml/owl/EVS/Thesaurus.owl+ACM-C78272,1
4414,http://snomed.info/id/716222009,http://ncicb.nci.nih.gov/xml/owl/EVS/Thesaurus.owl+ACM-C1291,1
4415,http://snomed.info/id/429941006,http://ncicb.nci.nih.gov/xml/owl/EVS/Thesaurus.owl+ACM-C45678,1
4416,http://snomed.info/id/426385002,http://ncicb.nci.nih.gov/xml/owl/EVS/Thesaurus.owl+ACM-C45678,1
4417,http://snomed.info/id/713465004,http://ncicb.nci.nih.gov/xml/owl/EVS/Thesaurus.owl+ACM-C281,1
4418,http://snomed.info/id/703675000,http://ncicb.nci.nih.gov/xml/owl/EVS/Thesaurus.owl+ACM-C98083,1
4419,http://snomed.info/id/763516005,http://ncicb.nci.nih.gov/xml/owl/EVS/Thesaurus.owl+ACM-C514,1
4420,http://snomed.info/id/716264009,http://ncicb.nci.nih.gov/xml/owl/EVS/Thesaurus.owl+ACM-C28394,1
4421,http://snomed.info/id/702409007,http://ncicb.nci.nih.gov/xml/owl/EVS/Thesaurus.owl+ACM-C319,1
4422,http://snomed.info/id/734611008,http://ncicb.nci.nih.gov/xml/owl/EVS/Thesaurus.owl+ACM-C129825,1
4423,http://snomed.info/id/703642008,http://ncicb.nci.nih.gov/xml/owl/EVS/Thesaurus.owl+ACM-C129825,1
4424,http://snomed.info/id/717190006,http://ncicb.nci.nih.gov/xml/owl/EVS/Thesaurus.owl+ACM-C521,1
4425,http://snomed.info/id/714688004,http://ncicb.nci.nih.gov/xml/owl/EVS/Thesaurus.owl+ACM-C357,1
4426,http://snomed.info/id/870523005,http://ncicb.nci.nih.gov/xml/owl/EVS/Thesaurus.owl+ACM-C80482,1
4427,http://snomed.info/id/870609002,http://ncicb.nci.nih.gov/xml/owl/EVS/Thesaurus.owl+ACM-C80482,1
4428,http://snomed.info/id/763205002,http://ncicb.nci.nih.gov/xml/owl/EVS/Thesaurus.owl+ACM-C319,1
4429,http://snomed.info/id/715696002,http://ncicb.nci.nih.gov/xml/owl/EVS/Thesaurus.owl+ACM-C29731,1
4430,http://snomed.info/id/719411008,http://ncicb.nci.nih.gov/xml/owl/EVS/Thesaurus.owl+ACM-C681,1
4431,http://snomed.info/id/763564001,http://ncicb.nci.nih.gov/xml/owl/EVS/Thesaurus.owl+ACM-C681,1
4432,http://snomed.info/id/22771000122108,http://ncicb.nci.nih.gov/xml/owl/EVS/Thesaurus.owl+ACM-C78311,1
4433,http://snomed.info/id/725134000,http://ncicb.nci.nih.gov/xml/owl/EVS/Thesaurus.owl+ACM-C78276,1
4434,http://snomed.info/id/763544006,http://ncicb.nci.nih.gov/xml/owl/EVS/Thesaurus.owl+ACM-C78276,1
4435,http://snomed.info/id/763582003,http://ncicb.nci.nih.gov/xml/owl/EVS/Thesaurus.owl+ACM-C67413,1
4436,http://snomed.info/id/716119001,http://ncicb.nci.nih.gov/xml/owl/EVS/Thesaurus.owl+ACM-C67413,1
4437,http://snomed.info/id/715220007,http://ncicb.nci.nih.gov/xml/owl/EVS/Thesaurus.owl+ACM-C97452,1
4438,http://snomed.info/id/22165008,http://ncicb.nci.nih.gov/xml/owl/EVS/Thesaurus.owl+ACM-C241,1
4439,http://snomed.info/id/420442001,http://ncicb.nci.nih.gov/xml/owl/EVS/Thesaurus.owl+ACM-C443,1
4440,http://snomed.info/id/772820008,http://ncicb.nci.nih.gov/xml/owl/EVS/Thesaurus.owl+ACM-C443,1
4441,http://snomed.info/id/772943003,http://ncicb.nci.nih.gov/xml/owl/EVS/Thesaurus.owl+ACM-C66880,1
4442,http://snomed.info/id/769097000,http://ncicb.nci.nih.gov/xml/owl/EVS/Thesaurus.owl+ACM-C66880,1
4443,http://snomed.info/id/702395005,http://ncicb.nci.nih.gov/xml/owl/EVS/Thesaurus.owl+ACM-C29726,1
4444,http://snomed.info/id/716640004,http://ncicb.nci.nih.gov/xml/owl/EVS/Thesaurus.owl+ACM-C29726,1
4445,http://snomed.info/id/718942000,http://ncicb.nci.nih.gov/xml/owl/EVS/Thesaurus.owl+ACM-C78275,1
4446,http://snomed.info/id/704310000,http://ncicb.nci.nih.gov/xml/owl/EVS/Thesaurus.owl+ACM-C129825,1
4447,http://snomed.info/id/703146007,http://ncicb.nci.nih.gov/xml/owl/EVS/Thesaurus.owl+ACM-C129825,1
4448,http://snomed.info/id/782439004,http://ncicb.nci.nih.gov/xml/owl/EVS/Thesaurus.owl+ACM-C45306,1
4449,http://snomed.info/id/712517005,http://ncicb.nci.nih.gov/xml/owl/EVS/Thesaurus.owl+ACM-C281,1
4450,http://snomed.info/id/714387002,http://ncicb.nci.nih.gov/xml/owl/EVS/Thesaurus.owl+ACM-C281,1
4451,http://snomed.info/id/714105004,http://ncicb.nci.nih.gov/xml/owl/EVS/Thesaurus.owl+ACM-C281,1
4452,http://snomed.info/id/714104000,http://ncicb.nci.nih.gov/xml/owl/EVS/Thesaurus.owl+ACM-C281,1
4453,http://snomed.info/id/714429000,http://ncicb.nci.nih.gov/xml/owl/EVS/Thesaurus.owl+ACM-C281,1
4454,http://snomed.info/id/713479007,http://ncicb.nci.nih.gov/xml/owl/EVS/Thesaurus.owl+ACM-C281,1
4455,http://snomed.info/id/788710007,http://ncicb.nci.nih.gov/xml/owl/EVS/Thesaurus.owl+ACM-C129824,1
4456,http://snomed.info/id/788703001,http://ncicb.nci.nih.gov/xml/owl/EVS/Thesaurus.owl+ACM-C129824,1
4457,http://snomed.info/id/716073005,http://ncicb.nci.nih.gov/xml/owl/EVS/Thesaurus.owl+ACM-C87006,1
4458,http://snomed.info/id/761851004,http://ncicb.nci.nih.gov/xml/owl/EVS/Thesaurus.owl+ACM-C2185,1
4459,http://snomed.info/id/763501007,http://ncicb.nci.nih.gov/xml/owl/EVS/Thesaurus.owl+ACM-C2185,1
4460,http://snomed.info/id/763568003,http://ncicb.nci.nih.gov/xml/owl/EVS/Thesaurus.owl+ACM-C281,1
4461,http://snomed.info/id/763033005,http://ncicb.nci.nih.gov/xml/owl/EVS/Thesaurus.owl+ACM-C281,1
4462,http://snomed.info/id/715958001,http://ncicb.nci.nih.gov/xml/owl/EVS/Thesaurus.owl+ACM-C129825,1
4463,http://snomed.info/id/763549001,http://ncicb.nci.nih.gov/xml/owl/EVS/Thesaurus.owl+ACM-C129825,1
4464,http://snomed.info/id/781316007,http://ncicb.nci.nih.gov/xml/owl/EVS/Thesaurus.owl+ACM-C129825,1
4465,http://snomed.info/id/716039000,http://ncicb.nci.nih.gov/xml/owl/EVS/Thesaurus.owl+ACM-C129825,1
4466,http://snomed.info/id/704315005,http://ncicb.nci.nih.gov/xml/owl/EVS/Thesaurus.owl+ACM-C129825,1
4467,http://snomed.info/id/704312008,http://ncicb.nci.nih.gov/xml/owl/EVS/Thesaurus.owl+ACM-C129825,1
4468,http://snomed.info/id/714769003,http://ncicb.nci.nih.gov/xml/owl/EVS/Thesaurus.owl+ACM-C1660,1
4469,http://snomed.info/id/713677004,http://ncicb.nci.nih.gov/xml/owl/EVS/Thesaurus.owl+ACM-C281,1
4470,http://snomed.info/id/725746009,http://ncicb.nci.nih.gov/xml/owl/EVS/Thesaurus.owl+ACM-C78311,1
4471,http://snomed.info/id/719412001,http://ncicb.nci.nih.gov/xml/owl/EVS/Thesaurus.owl+ACM-C681,1
4472,http://snomed.info/id/714428008,http://ncicb.nci.nih.gov/xml/owl/EVS/Thesaurus.owl+ACM-C783,1
4473,http://snomed.info/id/714420001,http://ncicb.nci.nih.gov/xml/owl/EVS/Thesaurus.owl+ACM-C783,1
4474,http://snomed.info/id/714430005,http://ncicb.nci.nih.gov/xml/owl/EVS/Thesaurus.owl+ACM-C281,1
4475,http://snomed.info/id/373724007,http://ncicb.nci.nih.gov/xml/owl/EVS/Thesaurus.owl+ACM-C29639,1
4476,http://snomed.info/id/714775007,http://ncicb.nci.nih.gov/xml/owl/EVS/Thesaurus.owl+ACM-C97366,1
4477,http://snomed.info/id/714773000,http://ncicb.nci.nih.gov/xml/owl/EVS/Thesaurus.owl+ACM-C97366,1
4478,http://snomed.info/id/735232002,http://ncicb.nci.nih.gov/xml/owl/EVS/Thesaurus.owl+ACM-C78311,1
4479,http://snomed.info/id/763562002,http://ncicb.nci.nih.gov/xml/owl/EVS/Thesaurus.owl+ACM-C78311,1
4480,http://snomed.info/id/733734004,http://ncicb.nci.nih.gov/xml/owl/EVS/Thesaurus.owl+ACM-C471,1
4481,http://snomed.info/id/763515009,http://ncicb.nci.nih.gov/xml/owl/EVS/Thesaurus.owl+ACM-C471,1
4482,http://snomed.info/id/781292006,http://ncicb.nci.nih.gov/xml/owl/EVS/Thesaurus.owl+ACM-C29710,1
4483,http://snomed.info/id/716069007,http://ncicb.nci.nih.gov/xml/owl/EVS/Thesaurus.owl+ACM-C29710,1
4484,http://snomed.info/id/715745009,http://ncicb.nci.nih.gov/xml/owl/EVS/Thesaurus.owl+ACM-C921,1
4485,http://snomed.info/id/715259003,http://ncicb.nci.nih.gov/xml/owl/EVS/Thesaurus.owl+ACM-C921,1
4486,http://snomed.info/id/770717002,http://ncicb.nci.nih.gov/xml/owl/EVS/Thesaurus.owl+ACM-C78275,1
4487,http://snomed.info/id/771571004,http://ncicb.nci.nih.gov/xml/owl/EVS/Thesaurus.owl+ACM-C78275,1
4488,http://snomed.info/id/789368003,http://ncicb.nci.nih.gov/xml/owl/EVS/Thesaurus.owl+ACM-C125450,1
4489,http://snomed.info/id/789359000,http://ncicb.nci.nih.gov/xml/owl/EVS/Thesaurus.owl+ACM-C125450,1
4490,http://snomed.info/id/715187001,http://ncicb.nci.nih.gov/xml/owl/EVS/Thesaurus.owl+ACM-C155725,1
4491,http://snomed.info/id/781303007,http://ncicb.nci.nih.gov/xml/owl/EVS/Thesaurus.owl+ACM-C155725,1
4492,http://snomed.info/id/708705006,http://ncicb.nci.nih.gov/xml/owl/EVS/Thesaurus.owl+ACM-C29767,1
4493,http://snomed.info/id/734519004,http://ncicb.nci.nih.gov/xml/owl/EVS/Thesaurus.owl+ACM-C1946,1
4494,http://snomed.info/id/773605008,http://ncicb.nci.nih.gov/xml/owl/EVS/Thesaurus.owl+ACM-C129821,1
4495,http://snomed.info/id/773608005,http://ncicb.nci.nih.gov/xml/owl/EVS/Thesaurus.owl+ACM-C129821,1
4496,http://snomed.info/id/1144477009,http://ncicb.nci.nih.gov/xml/owl/EVS/Thesaurus.owl+ACM-C2092,1
4497,http://snomed.info/id/1144510001,http://ncicb.nci.nih.gov/xml/owl/EVS/Thesaurus.owl+ACM-C2092,1
4498,http://snomed.info/id/782987004,http://ncicb.nci.nih.gov/xml/owl/EVS/Thesaurus.owl+ACM-C129825,1
4499,http://snomed.info/id/782974005,http://ncicb.nci.nih.gov/xml/owl/EVS/Thesaurus.owl+ACM-C129825,1
4500,http://snomed.info/id/772195005,http://ncicb.nci.nih.gov/xml/owl/EVS/Thesaurus.owl+ACM-C129825,1
4501,http://snomed.info/id/772095008,http://ncicb.nci.nih.gov/xml/owl/EVS/Thesaurus.owl+ACM-C129825,1
4502,http://snomed.info/id/724006000,http://ncicb.nci.nih.gov/xml/owl/EVS/Thesaurus.owl+ACM-C514,1
4503,http://snomed.info/id/724004002,http://ncicb.nci.nih.gov/xml/owl/EVS/Thesaurus.owl+ACM-C514,1
4504,http://snomed.info/id/763601000,http://ncicb.nci.nih.gov/xml/owl/EVS/Thesaurus.owl+ACM-C514,1
4505,http://snomed.info/id/716072000,http://ncicb.nci.nih.gov/xml/owl/EVS/Thesaurus.owl+ACM-C270,1
4506,http://snomed.info/id/763540002,http://ncicb.nci.nih.gov/xml/owl/EVS/Thesaurus.owl+ACM-C270,1
4507,http://snomed.info/id/711336001,http://ncicb.nci.nih.gov/xml/owl/EVS/Thesaurus.owl+ACM-C258,1
4508,http://snomed.info/id/715378000,http://ncicb.nci.nih.gov/xml/owl/EVS/Thesaurus.owl+ACM-C258,1
4509,http://snomed.info/id/789705000,http://ncicb.nci.nih.gov/xml/owl/EVS/Thesaurus.owl+ACM-C78276,1
4510,http://snomed.info/id/792892003,http://ncicb.nci.nih.gov/xml/owl/EVS/Thesaurus.owl+ACM-C78276,1
4511,http://snomed.info/id/781493004,http://ncicb.nci.nih.gov/xml/owl/EVS/Thesaurus.owl+ACM-C97453,1
4512,http://snomed.info/id/781500009,http://ncicb.nci.nih.gov/xml/owl/EVS/Thesaurus.owl+ACM-C97453,1
4513,http://snomed.info/id/763537002,http://ncicb.nci.nih.gov/xml/owl/EVS/Thesaurus.owl+ACM-C2185,1
4514,http://snomed.info/id/732257004,http://ncicb.nci.nih.gov/xml/owl/EVS/Thesaurus.owl+ACM-C129825,1
4515,http://snomed.info/id/774112005,http://ncicb.nci.nih.gov/xml/owl/EVS/Thesaurus.owl+ACM-C1595,1
4516,http://snomed.info/id/774115007,http://ncicb.nci.nih.gov/xml/owl/EVS/Thesaurus.owl+ACM-C1595,1
4517,http://snomed.info/id/715260008,http://ncicb.nci.nih.gov/xml/owl/EVS/Thesaurus.owl+ACM-C82130,1
4518,http://snomed.info/id/763550001,http://ncicb.nci.nih.gov/xml/owl/EVS/Thesaurus.owl+ACM-C82130,1
4519,http://snomed.info/id/895600009,http://ncicb.nci.nih.gov/xml/owl/EVS/Thesaurus.owl+ACM-C2189,1
4520,http://snomed.info/id/2799001,http://ncicb.nci.nih.gov/xml/owl/EVS/Thesaurus.owl+ACM-C45678,1
4521,http://snomed.info/id/741057007,http://ncicb.nci.nih.gov/xml/owl/EVS/Thesaurus.owl+ACM-C2152,1
4522,http://snomed.info/id/763592006,http://ncicb.nci.nih.gov/xml/owl/EVS/Thesaurus.owl+ACM-C129825,1
4523,http://snomed.info/id/715741000,http://ncicb.nci.nih.gov/xml/owl/EVS/Thesaurus.owl+ACM-C129825,1
4524,http://snomed.info/id/715257001,http://ncicb.nci.nih.gov/xml/owl/EVS/Thesaurus.owl+ACM-C129825,1
4525,http://snomed.info/id/874907006,http://ncicb.nci.nih.gov/xml/owl/EVS/Thesaurus.owl+ACM-C129825,1
4526,http://snomed.info/id/876837000,http://ncicb.nci.nih.gov/xml/owl/EVS/Thesaurus.owl+ACM-C129825,1
4527,http://snomed.info/id/788079009,http://ncicb.nci.nih.gov/xml/owl/EVS/Thesaurus.owl+ACM-C129825,1
4528,http://snomed.info/id/788050002,http://ncicb.nci.nih.gov/xml/owl/EVS/Thesaurus.owl+ACM-C129825,1
4529,http://snomed.info/id/763514008,http://ncicb.nci.nih.gov/xml/owl/EVS/Thesaurus.owl+ACM-C1557,1
4530,http://snomed.info/id/715182007,http://ncicb.nci.nih.gov/xml/owl/EVS/Thesaurus.owl+ACM-C29710,1
4531,http://snomed.info/id/724029008,http://ncicb.nci.nih.gov/xml/owl/EVS/Thesaurus.owl+ACM-C129825,1
4532,http://snomed.info/id/724030003,http://ncicb.nci.nih.gov/xml/owl/EVS/Thesaurus.owl+ACM-C129825,1
4533,http://snomed.info/id/715213000,http://ncicb.nci.nih.gov/xml/owl/EVS/Thesaurus.owl+ACM-C2843,1
4534,http://snomed.info/id/734660003,http://ncicb.nci.nih.gov/xml/owl/EVS/Thesaurus.owl+ACM-C2167,1
4535,http://snomed.info/id/716032009,http://ncicb.nci.nih.gov/xml/owl/EVS/Thesaurus.owl+ACM-C129825,1
4536,http://snomed.info/id/781312009,http://ncicb.nci.nih.gov/xml/owl/EVS/Thesaurus.owl+ACM-C129825,1
4537,http://snomed.info/id/734973002,http://ncicb.nci.nih.gov/xml/owl/EVS/Thesaurus.owl+ACM-C97452,1
4538,http://snomed.info/id/734511001,http://ncicb.nci.nih.gov/xml/owl/EVS/Thesaurus.owl+ACM-C129825,1
4539,http://snomed.info/id/763502000,http://ncicb.nci.nih.gov/xml/owl/EVS/Thesaurus.owl+ACM-C129825,1
4540,http://snomed.info/id/763037006,http://ncicb.nci.nih.gov/xml/owl/EVS/Thesaurus.owl+ACM-C124801,1
4541,http://snomed.info/id/763512007,http://ncicb.nci.nih.gov/xml/owl/EVS/Thesaurus.owl+ACM-C78272,1
4542,http://snomed.info/id/733727001,http://ncicb.nci.nih.gov/xml/owl/EVS/Thesaurus.owl+ACM-C78272,1
4543,http://snomed.info/id/1145164000,http://ncicb.nci.nih.gov/xml/owl/EVS/Thesaurus.owl+ACM-C29707,1
4544,http://snomed.info/id/1145150000,http://ncicb.nci.nih.gov/xml/owl/EVS/Thesaurus.owl+ACM-C29707,1
4545,http://snomed.info/id/772201002,http://ncicb.nci.nih.gov/xml/owl/EVS/Thesaurus.owl+ACM-C129825,1
4546,http://snomed.info/id/772091004,http://ncicb.nci.nih.gov/xml/owl/EVS/Thesaurus.owl+ACM-C129825,1
4547,http://snomed.info/id/719641001,http://ncicb.nci.nih.gov/xml/owl/EVS/Thesaurus.owl+ACM-C281,1
4548,http://snomed.info/id/816105002,http://ncicb.nci.nih.gov/xml/owl/EVS/Thesaurus.owl+ACM-C783,1
4549,http://snomed.info/id/764275009,http://ncicb.nci.nih.gov/xml/owl/EVS/Thesaurus.owl+ACM-C98083,1
4550,http://snomed.info/id/764274008,http://ncicb.nci.nih.gov/xml/owl/EVS/Thesaurus.owl+ACM-C98083,1
4551,http://snomed.info/id/763511000,http://ncicb.nci.nih.gov/xml/owl/EVS/Thesaurus.owl+ACM-C159200,1
4552,http://snomed.info/id/720491001,http://ncicb.nci.nih.gov/xml/owl/EVS/Thesaurus.owl+ACM-C159200,1
4553,http://snomed.info/id/781364003,http://ncicb.nci.nih.gov/xml/owl/EVS/Thesaurus.owl+ACM-C2152,1
4554,http://snomed.info/id/781354007,http://ncicb.nci.nih.gov/xml/owl/EVS/Thesaurus.owl+ACM-C2152,1
4555,http://snomed.info/id/783678000,http://ncicb.nci.nih.gov/xml/owl/EVS/Thesaurus.owl+ACM-C307,1
4556,http://snomed.info/id/783691004,http://ncicb.nci.nih.gov/xml/owl/EVS/Thesaurus.owl+ACM-C307,1
4557,http://snomed.info/id/816100007,http://ncicb.nci.nih.gov/xml/owl/EVS/Thesaurus.owl+ACM-C281,1
4558,http://snomed.info/id/716042006,http://ncicb.nci.nih.gov/xml/owl/EVS/Thesaurus.owl+ACM-C281,1
4559,http://snomed.info/id/716041004,http://ncicb.nci.nih.gov/xml/owl/EVS/Thesaurus.owl+ACM-C783,1
4560,http://snomed.info/id/816104003,http://ncicb.nci.nih.gov/xml/owl/EVS/Thesaurus.owl+ACM-C783,1
4561,http://snomed.info/id/782976007,http://ncicb.nci.nih.gov/xml/owl/EVS/Thesaurus.owl+ACM-C141136,1
4562,http://snomed.info/id/782995000,http://ncicb.nci.nih.gov/xml/owl/EVS/Thesaurus.owl+ACM-C129825,1
4563,http://snomed.info/id/781224000,http://ncicb.nci.nih.gov/xml/owl/EVS/Thesaurus.owl+ACM-C281,1
4564,http://snomed.info/id/789356007,http://ncicb.nci.nih.gov/xml/owl/EVS/Thesaurus.owl+ACM-C141136,1
4565,http://snomed.info/id/789364001,http://ncicb.nci.nih.gov/xml/owl/EVS/Thesaurus.owl+ACM-C129825,1
4566,http://snomed.info/id/830158005,http://ncicb.nci.nih.gov/xml/owl/EVS/Thesaurus.owl+ACM-C307,1
4567,http://snomed.info/id/830211009,http://ncicb.nci.nih.gov/xml/owl/EVS/Thesaurus.owl+ACM-C307,1
4568,http://snomed.info/id/840407002,http://ncicb.nci.nih.gov/xml/owl/EVS/Thesaurus.owl+ACM-C156804,1
4569,http://snomed.info/id/840405005,http://ncicb.nci.nih.gov/xml/owl/EVS/Thesaurus.owl+ACM-C156804,1
4570,http://snomed.info/id/717036000,http://ncicb.nci.nih.gov/xml/owl/EVS/Thesaurus.owl+ACM-C263,1
4571,http://snomed.info/id/733658007,http://ncicb.nci.nih.gov/xml/owl/EVS/Thesaurus.owl+ACM-C29710,1
4572,http://snomed.info/id/764363002,http://ncicb.nci.nih.gov/xml/owl/EVS/Thesaurus.owl+ACM-C29710,1
4573,http://snomed.info/id/870525003,http://ncicb.nci.nih.gov/xml/owl/EVS/Thesaurus.owl+ACM-C574,1
4574,http://snomed.info/id/871800005,http://ncicb.nci.nih.gov/xml/owl/EVS/Thesaurus.owl+ACM-C574,1
4575,http://snomed.info/id/763040006,http://ncicb.nci.nih.gov/xml/owl/EVS/Thesaurus.owl+ACM-C29705,1
4576,http://snomed.info/id/763567008,http://ncicb.nci.nih.gov/xml/owl/EVS/Thesaurus.owl+ACM-C29705,1
4577,http://snomed.info/id/108872009,http://ncicb.nci.nih.gov/xml/owl/EVS/Thesaurus.owl+ACM-C45678,1
4578,http://snomed.info/id/386927006,http://ncicb.nci.nih.gov/xml/owl/EVS/Thesaurus.owl+ACM-C45678,1
4579,http://snomed.info/id/733765008,http://ncicb.nci.nih.gov/xml/owl/EVS/Thesaurus.owl+ACM-C29730,1
4580,http://snomed.info/id/400848002,http://ncicb.nci.nih.gov/xml/owl/EVS/Thesaurus.owl+ACM-C82130,1
4581,http://snomed.info/id/37433002,http://ncicb.nci.nih.gov/xml/owl/EVS/Thesaurus.owl+ACM-C82130,1
4582,http://snomed.info/id/763585001,http://ncicb.nci.nih.gov/xml/owl/EVS/Thesaurus.owl+ACM-C1291,1
4583,http://snomed.info/id/724033001,http://ncicb.nci.nih.gov/xml/owl/EVS/Thesaurus.owl+ACM-C1291,1
4584,http://snomed.info/id/1148545002,http://ncicb.nci.nih.gov/xml/owl/EVS/Thesaurus.owl+ACM-C129825,1
4585,http://snomed.info/id/1148537007,http://ncicb.nci.nih.gov/xml/owl/EVS/Thesaurus.owl+ACM-C129825,1
4586,http://snomed.info/id/789195002,http://ncicb.nci.nih.gov/xml/owl/EVS/Thesaurus.owl+ACM-C129825,1
4587,http://snomed.info/id/789180004,http://ncicb.nci.nih.gov/xml/owl/EVS/Thesaurus.owl+ACM-C129825,1
4588,http://snomed.info/id/736634002,http://ncicb.nci.nih.gov/xml/owl/EVS/Thesaurus.owl+ACM-C141136,1
4589,http://snomed.info/id/763704002,http://ncicb.nci.nih.gov/xml/owl/EVS/Thesaurus.owl+ACM-C129825,1
4590,http://snomed.info/id/723985005,http://ncicb.nci.nih.gov/xml/owl/EVS/Thesaurus.owl+ACM-C1291,1
4591,http://snomed.info/id/763556007,http://ncicb.nci.nih.gov/xml/owl/EVS/Thesaurus.owl+ACM-C1291,1
4592,http://snomed.info/id/763593001,http://ncicb.nci.nih.gov/xml/owl/EVS/Thesaurus.owl+ACM-C744,1
4593,http://snomed.info/id/724007009,http://ncicb.nci.nih.gov/xml/owl/EVS/Thesaurus.owl+ACM-C744,1
4594,http://snomed.info/id/838463000,http://ncicb.nci.nih.gov/xml/owl/EVS/Thesaurus.owl+ACM-C29710,1
4595,http://snomed.info/id/838474009,http://ncicb.nci.nih.gov/xml/owl/EVS/Thesaurus.owl+ACM-C29710,1
4596,http://snomed.info/id/773265003,http://ncicb.nci.nih.gov/xml/owl/EVS/Thesaurus.owl+ACM-C78275,1
4597,http://snomed.info/id/773263005,http://ncicb.nci.nih.gov/xml/owl/EVS/Thesaurus.owl+ACM-C78275,1
4598,http://snomed.info/id/1145127006,http://ncicb.nci.nih.gov/xml/owl/EVS/Thesaurus.owl+ACM-C1660,1
4599,http://snomed.info/id/1145347005,http://ncicb.nci.nih.gov/xml/owl/EVS/Thesaurus.owl+ACM-C1660,1
4600,http://snomed.info/id/725667002,http://ncicb.nci.nih.gov/xml/owl/EVS/Thesaurus.owl+ACM-C38149,1
4601,http://snomed.info/id/725861003,http://ncicb.nci.nih.gov/xml/owl/EVS/Thesaurus.owl+ACM-C2843,1
4602,http://snomed.info/id/733879005,http://ncicb.nci.nih.gov/xml/owl/EVS/Thesaurus.owl+ACM-C471,1
4603,http://snomed.info/id/1156090004,http://ncicb.nci.nih.gov/xml/owl/EVS/Thesaurus.owl+ACM-C78275,1
4604,http://snomed.info/id/732258009,http://ncicb.nci.nih.gov/xml/owl/EVS/Thesaurus.owl+ACM-C2185,1
4605,http://snomed.info/id/763565000,http://ncicb.nci.nih.gov/xml/owl/EVS/Thesaurus.owl+ACM-C681,1
4606,http://snomed.info/id/733465009,http://ncicb.nci.nih.gov/xml/owl/EVS/Thesaurus.owl+ACM-C681,1
4607,http://snomed.info/id/766972001,http://ncicb.nci.nih.gov/xml/owl/EVS/Thesaurus.owl+ACM-C146993,1
4608,http://snomed.info/id/766973006,http://ncicb.nci.nih.gov/xml/owl/EVS/Thesaurus.owl+ACM-C146993,1
4609,http://snomed.info/id/863938004,http://ncicb.nci.nih.gov/xml/owl/EVS/Thesaurus.owl+ACM-C471,1
4610,http://snomed.info/id/863916001,http://ncicb.nci.nih.gov/xml/owl/EVS/Thesaurus.owl+ACM-C471,1
4611,http://snomed.info/id/789396009,http://ncicb.nci.nih.gov/xml/owl/EVS/Thesaurus.owl+ACM-C52588,1
4612,http://snomed.info/id/789501006,http://ncicb.nci.nih.gov/xml/owl/EVS/Thesaurus.owl+ACM-C52588,1
4613,http://snomed.info/id/838467004,http://ncicb.nci.nih.gov/xml/owl/EVS/Thesaurus.owl+ACM-C241,1
4614,http://snomed.info/id/838488008,http://ncicb.nci.nih.gov/xml/owl/EVS/Thesaurus.owl+ACM-C241,1
4615,http://snomed.info/id/816106001,http://ncicb.nci.nih.gov/xml/owl/EVS/Thesaurus.owl+ACM-C281,1
4616,http://snomed.info/id/736536005,http://ncicb.nci.nih.gov/xml/owl/EVS/Thesaurus.owl+ACM-C281,1
4617,http://snomed.info/id/432884004,http://ncicb.nci.nih.gov/xml/owl/EVS/Thesaurus.owl+ACM-C2124,1
4618,http://snomed.info/id/432553007,http://ncicb.nci.nih.gov/xml/owl/EVS/Thesaurus.owl+ACM-C2124,1
4619,http://snomed.info/id/724005001,http://ncicb.nci.nih.gov/xml/owl/EVS/Thesaurus.owl+ACM-C514,1
4620,http://snomed.info/id/725745008,http://ncicb.nci.nih.gov/xml/owl/EVS/Thesaurus.owl+ACM-C29711,1
4621,http://snomed.info/id/764807007,http://ncicb.nci.nih.gov/xml/owl/EVS/Thesaurus.owl+ACM-C129819,1
4622,http://snomed.info/id/860757001,http://ncicb.nci.nih.gov/xml/owl/EVS/Thesaurus.owl+ACM-C241,1
4623,http://snomed.info/id/860726001,http://ncicb.nci.nih.gov/xml/owl/EVS/Thesaurus.owl+ACM-C241,1
4624,http://snomed.info/id/871715004,http://ncicb.nci.nih.gov/xml/owl/EVS/Thesaurus.owl+ACM-C159156,1
4625,http://snomed.info/id/871698009,http://ncicb.nci.nih.gov/xml/owl/EVS/Thesaurus.owl+ACM-C159156,1
4626,http://snomed.info/id/771596001,http://ncicb.nci.nih.gov/xml/owl/EVS/Thesaurus.owl+ACM-C87006,1
4627,http://snomed.info/id/823027003,http://ncicb.nci.nih.gov/xml/owl/EVS/Thesaurus.owl+ACM-C47794,1
4628,http://snomed.info/id/823028008,http://ncicb.nci.nih.gov/xml/owl/EVS/Thesaurus.owl+ACM-C47794,1
4629,http://snomed.info/id/818975009,http://ncicb.nci.nih.gov/xml/owl/EVS/Thesaurus.owl+ACM-C804,1
4630,http://snomed.info/id/818968008,http://ncicb.nci.nih.gov/xml/owl/EVS/Thesaurus.owl+ACM-C804,1
4631,http://snomed.info/id/890266008,http://ncicb.nci.nih.gov/xml/owl/EVS/Thesaurus.owl+ACM-C1660,1
4632,http://snomed.info/id/890270000,http://ncicb.nci.nih.gov/xml/owl/EVS/Thesaurus.owl+ACM-C1660,1
4633,http://snomed.info/id/770965008,http://ncicb.nci.nih.gov/xml/owl/EVS/Thesaurus.owl+ACM-C307,1
4634,http://snomed.info/id/771573001,http://ncicb.nci.nih.gov/xml/owl/EVS/Thesaurus.owl+ACM-C307,1
4635,http://snomed.info/id/838492001,http://ncicb.nci.nih.gov/xml/owl/EVS/Thesaurus.owl+ACM-C142786,1
4636,http://snomed.info/id/838465007,http://ncicb.nci.nih.gov/xml/owl/EVS/Thesaurus.owl+ACM-C142786,1
4637,http://snomed.info/id/782978008,http://ncicb.nci.nih.gov/xml/owl/EVS/Thesaurus.owl+ACM-C155725,1
4638,http://snomed.info/id/783019002,http://ncicb.nci.nih.gov/xml/owl/EVS/Thesaurus.owl+ACM-C155725,1
4639,http://snomed.info/id/781643008,http://ncicb.nci.nih.gov/xml/owl/EVS/Thesaurus.owl+ACM-C1595,1
4640,http://snomed.info/id/781650007,http://ncicb.nci.nih.gov/xml/owl/EVS/Thesaurus.owl+ACM-C1595,1
4641,http://snomed.info/id/787742003,http://ncicb.nci.nih.gov/xml/owl/EVS/Thesaurus.owl+ACM-C129825,1
4642,http://snomed.info/id/787731007,http://ncicb.nci.nih.gov/xml/owl/EVS/Thesaurus.owl+ACM-C129825,1
4643,http://snomed.info/id/763039009,http://ncicb.nci.nih.gov/xml/owl/EVS/Thesaurus.owl+ACM-C168619,1
4644,http://snomed.info/id/763038001,http://ncicb.nci.nih.gov/xml/owl/EVS/Thesaurus.owl+ACM-C168619,1
4645,http://snomed.info/id/763583008,http://ncicb.nci.nih.gov/xml/owl/EVS/Thesaurus.owl+ACM-C168619,1
4646,http://snomed.info/id/736837006,http://ncicb.nci.nih.gov/xml/owl/EVS/Thesaurus.owl+ACM-C281,1
4647,http://snomed.info/id/816101006,http://ncicb.nci.nih.gov/xml/owl/EVS/Thesaurus.owl+ACM-C281,1
4648,http://snomed.info/id/816102004,http://ncicb.nci.nih.gov/xml/owl/EVS/Thesaurus.owl+ACM-C281,1
4649,http://snomed.info/id/736836002,http://ncicb.nci.nih.gov/xml/owl/EVS/Thesaurus.owl+ACM-C281,1
4650,http://snomed.info/id/736633008,http://ncicb.nci.nih.gov/xml/owl/EVS/Thesaurus.owl+ACM-C129825,1
4651,http://snomed.info/id/763580006,http://ncicb.nci.nih.gov/xml/owl/EVS/Thesaurus.owl+ACM-C783,1
4652,http://snomed.info/id/782991009,http://ncicb.nci.nih.gov/xml/owl/EVS/Thesaurus.owl+ACM-C155765,1
4653,http://snomed.info/id/782977003,http://ncicb.nci.nih.gov/xml/owl/EVS/Thesaurus.owl+ACM-C155765,1
4654,http://snomed.info/id/1149274001,http://ncicb.nci.nih.gov/xml/owl/EVS/Thesaurus.owl+ACM-C129825,1
4655,http://snomed.info/id/1149152001,http://ncicb.nci.nih.gov/xml/owl/EVS/Thesaurus.owl+ACM-C2185,1
4656,http://snomed.info/id/741058002,http://ncicb.nci.nih.gov/xml/owl/EVS/Thesaurus.owl+ACM-C2152,1
4657,http://snomed.info/id/781253004,http://ncicb.nci.nih.gov/xml/owl/EVS/Thesaurus.owl+ACM-C29705,1
4658,http://snomed.info/id/781270007,http://ncicb.nci.nih.gov/xml/owl/EVS/Thesaurus.owl+ACM-C29705,1
4659,http://snomed.info/id/773957006,http://ncicb.nci.nih.gov/xml/owl/EVS/Thesaurus.owl+ACM-C2259,1
4660,http://snomed.info/id/773954004,http://ncicb.nci.nih.gov/xml/owl/EVS/Thesaurus.owl+ACM-C2259,1
4661,http://snomed.info/id/734303007,http://ncicb.nci.nih.gov/xml/owl/EVS/Thesaurus.owl+ACM-C29697,1
4662,http://snomed.info/id/789148001,http://ncicb.nci.nih.gov/xml/owl/EVS/Thesaurus.owl+ACM-C146993,1
4663,http://snomed.info/id/789166006,http://ncicb.nci.nih.gov/xml/owl/EVS/Thesaurus.owl+ACM-C146993,1
4664,http://snomed.info/id/787054008,http://ncicb.nci.nih.gov/xml/owl/EVS/Thesaurus.owl+ACM-C78272,1
4665,http://snomed.info/id/787064004,http://ncicb.nci.nih.gov/xml/owl/EVS/Thesaurus.owl+ACM-C78272,1
4666,http://snomed.info/id/772194009,http://ncicb.nci.nih.gov/xml/owl/EVS/Thesaurus.owl+ACM-C1660,1
4667,http://snomed.info/id/771599008,http://ncicb.nci.nih.gov/xml/owl/EVS/Thesaurus.owl+ACM-C67413,1
4668,http://snomed.info/id/1148656009,http://ncicb.nci.nih.gov/xml/owl/EVS/Thesaurus.owl+ACM-C129825,1
4669,http://snomed.info/id/1148709002,http://ncicb.nci.nih.gov/xml/owl/EVS/Thesaurus.owl+ACM-C129825,1
4670,http://snomed.info/id/773137008,http://ncicb.nci.nih.gov/xml/owl/EVS/Thesaurus.owl+ACM-C168618,1
4671,http://snomed.info/id/773232006,http://ncicb.nci.nih.gov/xml/owl/EVS/Thesaurus.owl+ACM-C168618,1
4672,http://snomed.info/id/895433008,http://ncicb.nci.nih.gov/xml/owl/EVS/Thesaurus.owl+ACM-C78275,1
4673,http://snomed.info/id/830100005,http://ncicb.nci.nih.gov/xml/owl/EVS/Thesaurus.owl+ACM-C307,1
4674,http://snomed.info/id/830239005,http://ncicb.nci.nih.gov/xml/owl/EVS/Thesaurus.owl+ACM-C307,1
4675,http://snomed.info/id/782500006,http://ncicb.nci.nih.gov/xml/owl/EVS/Thesaurus.owl+ACM-C281,1
4676,http://snomed.info/id/773235008,http://ncicb.nci.nih.gov/xml/owl/EVS/Thesaurus.owl+ACM-C2092,1
4677,http://snomed.info/id/771382006,http://ncicb.nci.nih.gov/xml/owl/EVS/Thesaurus.owl+ACM-C1708,1
4678,http://snomed.info/id/833304007,http://ncicb.nci.nih.gov/xml/owl/EVS/Thesaurus.owl+ACM-C78275,1
4679,http://snomed.info/id/833284006,http://ncicb.nci.nih.gov/xml/owl/EVS/Thesaurus.owl+ACM-C78275,1
4680,http://snomed.info/id/871709004,http://ncicb.nci.nih.gov/xml/owl/EVS/Thesaurus.owl+ACM-C155727,1
4681,http://snomed.info/id/871699001,http://ncicb.nci.nih.gov/xml/owl/EVS/Thesaurus.owl+ACM-C155727,1
4682,http://snomed.info/id/870518005,http://ncicb.nci.nih.gov/xml/owl/EVS/Thesaurus.owl+ACM-C281,1
4683,http://snomed.info/id/870592005,http://ncicb.nci.nih.gov/xml/owl/EVS/Thesaurus.owl+ACM-C281,1
4684,http://snomed.info/id/897285009,http://ncicb.nci.nih.gov/xml/owl/EVS/Thesaurus.owl+ACM-C241,1
4685,http://snomed.info/id/787053002,http://ncicb.nci.nih.gov/xml/owl/EVS/Thesaurus.owl+ACM-C78272,1
4686,http://snomed.info/id/787070005,http://ncicb.nci.nih.gov/xml/owl/EVS/Thesaurus.owl+ACM-C78272,1
4687,http://snomed.info/id/1148712004,http://ncicb.nci.nih.gov/xml/owl/EVS/Thesaurus.owl+ACM-C2152,1
4688,http://snomed.info/id/898156008,http://ncicb.nci.nih.gov/xml/owl/EVS/Thesaurus.owl+ACM-C146993,1
4689,http://snomed.info/id/898164002,http://ncicb.nci.nih.gov/xml/owl/EVS/Thesaurus.owl+ACM-C146993,1
4690,http://snomed.info/id/782797001,http://ncicb.nci.nih.gov/xml/owl/EVS/Thesaurus.owl+ACM-C1291,1
4691,http://snomed.info/id/782581008,http://ncicb.nci.nih.gov/xml/owl/EVS/Thesaurus.owl+ACM-C1291,1
4692,http://snomed.info/id/782583006,http://ncicb.nci.nih.gov/xml/owl/EVS/Thesaurus.owl+ACM-C1291,1
4693,http://snomed.info/id/838462005,http://ncicb.nci.nih.gov/xml/owl/EVS/Thesaurus.owl+ACM-C159198,1
4694,http://snomed.info/id/838409003,http://ncicb.nci.nih.gov/xml/owl/EVS/Thesaurus.owl+ACM-C159199,1
4695,http://snomed.info/id/421000220103,http://ncicb.nci.nih.gov/xml/owl/EVS/Thesaurus.owl+ACM-C78272,1
4696,http://snomed.info/id/787057001,http://ncicb.nci.nih.gov/xml/owl/EVS/Thesaurus.owl+ACM-C78272,1
4697,http://snomed.info/id/896965008,http://ncicb.nci.nih.gov/xml/owl/EVS/Thesaurus.owl+ACM-C78272,1
4698,http://snomed.info/id/896813005,http://ncicb.nci.nih.gov/xml/owl/EVS/Thesaurus.owl+ACM-C78272,1
4699,http://snomed.info/id/827070004,http://ncicb.nci.nih.gov/xml/owl/EVS/Thesaurus.owl+ACM-C87006,1
4700,http://snomed.info/id/874906002,http://ncicb.nci.nih.gov/xml/owl/EVS/Thesaurus.owl+ACM-C1742,1
4701,http://snomed.info/id/876860008,http://ncicb.nci.nih.gov/xml/owl/EVS/Thesaurus.owl+ACM-C1742,1
4702,http://snomed.info/id/897127005,http://ncicb.nci.nih.gov/xml/owl/EVS/Thesaurus.owl+ACM-C1291,1
4703,http://snomed.info/id/897124003,http://ncicb.nci.nih.gov/xml/owl/EVS/Thesaurus.owl+ACM-C1291,1
4704,http://snomed.info/id/789426004,http://ncicb.nci.nih.gov/xml/owl/EVS/Thesaurus.owl+ACM-C1962,1
4705,http://snomed.info/id/788110002,http://ncicb.nci.nih.gov/xml/owl/EVS/Thesaurus.owl+ACM-C1962,1
4706,http://snomed.info/id/895592002,http://ncicb.nci.nih.gov/xml/owl/EVS/Thesaurus.owl+ACM-C125450,1
4707,http://snomed.info/id/838482009,http://ncicb.nci.nih.gov/xml/owl/EVS/Thesaurus.owl+ACM-C1291,1
4708,http://snomed.info/id/838470000,http://ncicb.nci.nih.gov/xml/owl/EVS/Thesaurus.owl+ACM-C1291,1
4709,http://snomed.info/id/890332002,http://ncicb.nci.nih.gov/xml/owl/EVS/Thesaurus.owl+ACM-C1557,1
4710,http://snomed.info/id/926312002,http://ncicb.nci.nih.gov/xml/owl/EVS/Thesaurus.owl+ACM-C159438,1
4711,http://snomed.info/id/926317008,http://ncicb.nci.nih.gov/xml/owl/EVS/Thesaurus.owl+ACM-C159438,1
4712,http://snomed.info/id/1156228008,http://ncicb.nci.nih.gov/xml/owl/EVS/Thesaurus.owl+ACM-C142078,1
4713,http://snomed.info/id/879948007,http://ncicb.nci.nih.gov/xml/owl/EVS/Thesaurus.owl+ACM-C156804,1
4714,http://snomed.info/id/876867006,http://ncicb.nci.nih.gov/xml/owl/EVS/Thesaurus.owl+ACM-C159438,1
4715,http://snomed.info/id/876841001,http://ncicb.nci.nih.gov/xml/owl/EVS/Thesaurus.owl+ACM-C159438,1
4716,http://snomed.info/id/871794001,http://ncicb.nci.nih.gov/xml/owl/EVS/Thesaurus.owl+ACM-C308,1
4717,http://snomed.info/id/1144613007,http://ncicb.nci.nih.gov/xml/owl/EVS/Thesaurus.owl+ACM-C129825,1
4718,http://snomed.info/id/1144610005,http://ncicb.nci.nih.gov/xml/owl/EVS/Thesaurus.owl+ACM-C129825,1
4719,http://snomed.info/id/863942001,http://ncicb.nci.nih.gov/xml/owl/EVS/Thesaurus.owl+ACM-C471,1
4720,http://snomed.info/id/926385008,http://ncicb.nci.nih.gov/xml/owl/EVS/Thesaurus.owl+ACM-C1012,1
4721,http://snomed.info/id/890335000,http://ncicb.nci.nih.gov/xml/owl/EVS/Thesaurus.owl+ACM-C2083,1
4722,http://snomed.info/id/1144607003,http://ncicb.nci.nih.gov/xml/owl/EVS/Thesaurus.owl+ACM-C783,1
4723,http://snomed.info/id/1144618003,http://ncicb.nci.nih.gov/xml/owl/EVS/Thesaurus.owl+ACM-C783,1
4724,http://snomed.info/id/1137588005,http://ncicb.nci.nih.gov/xml/owl/EVS/Thesaurus.owl+ACM-C307,1
4725,http://snomed.info/id/1137368005,http://ncicb.nci.nih.gov/xml/owl/EVS/Thesaurus.owl+ACM-C307,1
4726,http://snomed.info/id/1148549008,http://ncicb.nci.nih.gov/xml/owl/EVS/Thesaurus.owl+ACM-C143099,1
4727,http://snomed.info/id/1144608008,http://ncicb.nci.nih.gov/xml/owl/EVS/Thesaurus.owl+ACM-C783,1
