,O2,O1,rel
0,http://snomed.info/id/80622005,http://purl.org/sig/ont/fma/fma5865,1
1,http://snomed.info/id/15119000,http://purl.org/sig/ont/fma/fma61284,1
2,http://snomed.info/id/15119000,http://purl.org/sig/ont/fma/fma63819,1
3,http://snomed.info/id/37783008,http://purl.org/sig/ont/fma/fma16588,1
4,http://snomed.info/id/61352006,http://purl.org/sig/ont/fma/fma25624,1
5,http://snomed.info/id/8598002,http://purl.org/sig/ont/fma/fma5865,1
6,http://snomed.info/id/31934006,http://purl.org/sig/ont/fma/fma13451,1
7,http://snomed.info/id/55940004,http://purl.org/sig/ont/fma/fma9609,1
8,http://snomed.info/id/23043003,http://purl.org/sig/ont/fma/fma64989,1
9,http://snomed.info/id/68594002,http://purl.org/sig/ont/fma/fma61109,1
10,http://snomed.info/id/23451007,http://purl.org/sig/ont/fma/fma70779,1
11,http://snomed.info/id/23451007,http://purl.org/sig/ont/fma/fma55663,1
12,http://snomed.info/id/38254008,http://purl.org/sig/ont/fma/fma61108,1
13,http://snomed.info/id/4958002,http://purl.org/sig/ont/fma/fma62514,1
14,http://snomed.info/id/31636006,http://purl.org/sig/ont/fma/fma58071,1
15,http://snomed.info/id/32259006,http://purl.org/sig/ont/fma/fma86144,1
16,http://snomed.info/id/53505006,http://purl.org/sig/ont/fma/fma3724,1
17,http://snomed.info/id/15825003,http://purl.org/sig/ont/fma/fma49918,1
18,http://snomed.info/id/261051005,http://purl.org/sig/ont/fma/fma49918,1
19,http://snomed.info/id/7832008,http://purl.org/sig/ont/fma/fma13087,1
20,http://snomed.info/id/57034009,http://purl.org/sig/ont/fma/fma68045,1
21,http://snomed.info/id/34202007,http://purl.org/sig/ont/fma/fma7110,1
22,http://snomed.info/id/66754008,http://purl.org/sig/ont/fma/fma55672,1
23,http://snomed.info/id/75042008,http://purl.org/sig/ont/fma/fma266091,1
24,http://snomed.info/id/41149000,http://purl.org/sig/ont/fma/fma83840,1
25,http://snomed.info/id/41149000,http://purl.org/sig/ont/fma/fma258762,1
26,http://snomed.info/id/371195002,http://purl.org/sig/ont/fma/fma23880,1
27,http://snomed.info/id/51114001,http://purl.org/sig/ont/fma/fma78562,1
28,http://snomed.info/id/51114001,http://purl.org/sig/ont/fma/fma86187,1
29,http://snomed.info/id/28225005,http://purl.org/sig/ont/fma/fma86187,1
30,http://snomed.info/id/77578007,http://purl.org/sig/ont/fma/fma55108,1
31,http://snomed.info/id/54247002,http://purl.org/sig/ont/fma/fma68045,1
32,http://snomed.info/id/14806007,http://purl.org/sig/ont/fma/fma9915,1
33,http://snomed.info/id/181818007,http://purl.org/sig/ont/fma/fma9915,1
34,http://snomed.info/id/25943004,http://purl.org/sig/ont/fma/fma321959,1
35,http://snomed.info/id/35112002,http://purl.org/sig/ont/fma/fma323931,1
36,http://snomed.info/id/279255008,http://purl.org/sig/ont/fma/fma323931,1
37,http://snomed.info/id/67937003,http://purl.org/sig/ont/fma/fma82594,1
38,http://snomed.info/id/68705008,http://purl.org/sig/ont/fma/fma77884,1
39,http://snomed.info/id/39976000,http://purl.org/sig/ont/fma/fma9915,1
40,http://snomed.info/id/72107004,http://purl.org/sig/ont/fma/fma78048,1
41,http://snomed.info/id/87176006,http://purl.org/sig/ont/fma/fma20020,1
42,http://snomed.info/id/32610002,http://purl.org/sig/ont/fma/fma83840,1
43,http://snomed.info/id/32610002,http://purl.org/sig/ont/fma/fma256381,1
44,http://snomed.info/id/29023000,http://purl.org/sig/ont/fma/fma83840,1
45,http://snomed.info/id/10992007,http://purl.org/sig/ont/fma/fma50989,1
46,http://snomed.info/id/59011009,http://purl.org/sig/ont/fma/fma70345,1
47,http://snomed.info/id/33898000,http://purl.org/sig/ont/fma/fma52857,1
48,http://snomed.info/id/50862003,http://purl.org/sig/ont/fma/fma63871,1
49,http://snomed.info/id/87746007,http://purl.org/sig/ont/fma/fma17555,1
50,http://snomed.info/id/28273000,http://purl.org/sig/ont/fma/fma30320,1
51,http://snomed.info/id/34707002,http://purl.org/sig/ont/fma/fma45619,1
52,http://snomed.info/id/34707002,http://purl.org/sig/ont/fma/fma55677,1
53,http://snomed.info/id/89837001,http://purl.org/sig/ont/fma/fma55672,1
54,http://snomed.info/id/59820001,http://purl.org/sig/ont/fma/fma312599,1
55,http://snomed.info/id/17137000,http://purl.org/sig/ont/fma/fma82594,1
56,http://snomed.info/id/36582005,http://purl.org/sig/ont/fma/fma5905,1
57,http://snomed.info/id/12691009,http://purl.org/sig/ont/fma/fma66464,1
58,http://snomed.info/id/8887007,http://purl.org/sig/ont/fma/fma78048,1
59,http://snomed.info/id/12738006,http://purl.org/sig/ont/fma/fma256237,1
60,http://snomed.info/id/15926001,http://purl.org/sig/ont/fma/fma55676,1
61,http://snomed.info/id/76752008,http://purl.org/sig/ont/fma/fma61478,1
62,http://snomed.info/id/34411009,http://purl.org/sig/ont/fma/fma7144,1
63,http://snomed.info/id/82880006,http://purl.org/sig/ont/fma/fma242193,1
64,http://snomed.info/id/955009,http://purl.org/sig/ont/fma/fma78562,1
65,http://snomed.info/id/955009,http://purl.org/sig/ont/fma/fma12224,1
66,http://snomed.info/id/64468002,http://purl.org/sig/ont/fma/fma66464,1
67,http://snomed.info/id/33594008,http://purl.org/sig/ont/fma/fma12224,1
68,http://snomed.info/id/33594008,http://purl.org/sig/ont/fma/fma78565,1
69,http://snomed.info/id/367597008,http://purl.org/sig/ont/fma/fma12224,1
70,http://snomed.info/id/367597008,http://purl.org/sig/ont/fma/fma78565,1
71,http://snomed.info/id/55214000,http://purl.org/sig/ont/fma/fma12224,1
72,http://snomed.info/id/55214000,http://purl.org/sig/ont/fma/fma78565,1
73,http://snomed.info/id/66997005,http://purl.org/sig/ont/fma/fma55662,1
74,http://snomed.info/id/345000,http://purl.org/sig/ont/fma/fma6266,1
75,http://snomed.info/id/8225009,http://purl.org/sig/ont/fma/fma6266,1
76,http://snomed.info/id/13351007,http://purl.org/sig/ont/fma/fma70779,1
77,http://snomed.info/id/13351007,http://purl.org/sig/ont/fma/fma66760,1
78,http://snomed.info/id/80144004,http://purl.org/sig/ont/fma/fma24491,1
79,http://snomed.info/id/80144004,http://purl.org/sig/ont/fma/fma231887,1
80,http://snomed.info/id/69105007,http://purl.org/sig/ont/fma/fma29733,1
81,http://snomed.info/id/22286001,http://purl.org/sig/ont/fma/fma70504,1
82,http://snomed.info/id/86117002,http://purl.org/sig/ont/fma/fma70504,1
83,http://snomed.info/id/51345006,http://purl.org/sig/ont/fma/fma55664,1
84,http://snomed.info/id/21479005,http://purl.org/sig/ont/fma/fma70507,1
85,http://snomed.info/id/83936004,http://purl.org/sig/ont/fma/fma24162,1
86,http://snomed.info/id/83936004,http://purl.org/sig/ont/fma/fma7475,1
87,http://snomed.info/id/7173007,http://purl.org/sig/ont/fma/fma14462,1
88,http://snomed.info/id/11000004,http://purl.org/sig/ont/fma/fma83840,1
89,http://snomed.info/id/32713005,http://purl.org/sig/ont/fma/fma14540,1
90,http://snomed.info/id/57850000,http://purl.org/sig/ont/fma/fma66464,1
91,http://snomed.info/id/57850000,http://purl.org/sig/ont/fma/fma49918,1
92,http://snomed.info/id/50534001,http://purl.org/sig/ont/fma/fma78551,1
93,http://snomed.info/id/50534001,http://purl.org/sig/ont/fma/fma5892,1
94,http://snomed.info/id/4150005,http://purl.org/sig/ont/fma/fma5910,1
95,http://snomed.info/id/25991003,http://purl.org/sig/ont/fma/fma83142,1
96,http://snomed.info/id/279220006,http://purl.org/sig/ont/fma/fma83840,1
97,http://snomed.info/id/279220006,http://purl.org/sig/ont/fma/fma256381,1
98,http://snomed.info/id/113305005,http://purl.org/sig/ont/fma/fma67942,1
99,http://snomed.info/id/40146001,http://purl.org/sig/ont/fma/fma83142,1
100,http://snomed.info/id/36159002,http://purl.org/sig/ont/fma/fma83860,1
101,http://snomed.info/id/68351006,http://purl.org/sig/ont/fma/fma63814,1
102,http://snomed.info/id/68351006,http://purl.org/sig/ont/fma/fma77883,1
103,http://snomed.info/id/72260008,http://purl.org/sig/ont/fma/fma5903,1
104,http://snomed.info/id/71252005,http://purl.org/sig/ont/fma/fma17559,1
105,http://snomed.info/id/6739000,http://purl.org/sig/ont/fma/fma53438,1
106,http://snomed.info/id/102298001,http://purl.org/sig/ont/fma/fma82485,1
107,http://snomed.info/id/102298001,http://purl.org/sig/ont/fma/fma78568,1
108,http://snomed.info/id/68703001,http://purl.org/sig/ont/fma/fma265400,1
109,http://snomed.info/id/29534007,http://purl.org/sig/ont/fma/fma265400,1
110,http://snomed.info/id/11279006,http://purl.org/sig/ont/fma/fma66464,1
111,http://snomed.info/id/65686003,http://purl.org/sig/ont/fma/fma66156,1
112,http://snomed.info/id/72038000,http://purl.org/sig/ont/fma/fma62514,1
113,http://snomed.info/id/51299004,http://purl.org/sig/ont/fma/fma83117,1
114,http://snomed.info/id/51299004,http://purl.org/sig/ont/fma/fma7474,1
115,http://snomed.info/id/65439009,http://purl.org/sig/ont/fma/fma24201,1
116,http://snomed.info/id/64688005,http://purl.org/sig/ont/fma/fma7477,1
117,http://snomed.info/id/80169004,http://purl.org/sig/ont/fma/fma60182,1
118,http://snomed.info/id/29921000,http://purl.org/sig/ont/fma/fma53165,1
119,http://snomed.info/id/39831001,http://purl.org/sig/ont/fma/fma79788,1
120,http://snomed.info/id/279770008,http://purl.org/sig/ont/fma/fma79788,1
121,http://snomed.info/id/113313006,http://purl.org/sig/ont/fma/fma53400,1
122,http://snomed.info/id/71854001,http://purl.org/sig/ont/fma/fma14540,1
123,http://snomed.info/id/263977005,http://purl.org/sig/ont/fma/fma14540,1
124,http://snomed.info/id/79741001,http://purl.org/sig/ont/fma/fma14678,1
125,http://snomed.info/id/29445007,http://purl.org/sig/ont/fma/fma82482,1
126,http://snomed.info/id/28726007,http://purl.org/sig/ont/fma/fma58102,1
127,http://snomed.info/id/50546002,http://purl.org/sig/ont/fma/fma63829,1
128,http://snomed.info/id/44718000,http://purl.org/sig/ont/fma/fma83153,1
129,http://snomed.info/id/88442005,http://purl.org/sig/ont/fma/fma83930,1
130,http://snomed.info/id/19931006,http://purl.org/sig/ont/fma/fma14065,1
131,http://snomed.info/id/31428008,http://purl.org/sig/ont/fma/fma75735,1
132,http://snomed.info/id/25238003,http://purl.org/sig/ont/fma/fma79879,1
133,http://snomed.info/id/54944003,http://purl.org/sig/ont/fma/fma77883,1
134,http://snomed.info/id/54944003,http://purl.org/sig/ont/fma/fma71918,1
135,http://snomed.info/id/36743005,http://purl.org/sig/ont/fma/fma52889,1
136,http://snomed.info/id/45208001,http://purl.org/sig/ont/fma/fma12516,1
137,http://snomed.info/id/77452001,http://purl.org/sig/ont/fma/fma14678,1
138,http://snomed.info/id/34863009,http://purl.org/sig/ont/fma/fma85537,1
139,http://snomed.info/id/44375006,http://purl.org/sig/ont/fma/fma83858,1
140,http://snomed.info/id/246001,http://purl.org/sig/ont/fma/fma54602,1
141,http://snomed.info/id/26671000,http://purl.org/sig/ont/fma/fma19783,1
142,http://snomed.info/id/42983006,http://purl.org/sig/ont/fma/fma63872,1
143,http://snomed.info/id/281130003,http://purl.org/sig/ont/fma/fma13087,1
144,http://snomed.info/id/263734003,http://purl.org/sig/ont/fma/fma9619,1
145,http://snomed.info/id/5798000,http://purl.org/sig/ont/fma/fma9619,1
146,http://snomed.info/id/87563008,http://purl.org/sig/ont/fma/fma61996,1
147,http://snomed.info/id/31416000,http://purl.org/sig/ont/fma/fma258762,1
148,http://snomed.info/id/33657005,http://purl.org/sig/ont/fma/fma15953,1
149,http://snomed.info/id/417632006,http://purl.org/sig/ont/fma/fma15953,1
150,http://snomed.info/id/38848004,http://purl.org/sig/ont/fma/fma14092,1
151,http://snomed.info/id/263989007,http://purl.org/sig/ont/fma/fma14092,1
152,http://snomed.info/id/18545000,http://purl.org/sig/ont/fma/fma7145,1
153,http://snomed.info/id/117590005,http://purl.org/sig/ont/fma/fma61708,1
154,http://snomed.info/id/117590005,http://purl.org/sig/ont/fma/fma64989,1
155,http://snomed.info/id/84301002,http://purl.org/sig/ont/fma/fma61705,1
156,http://snomed.info/id/41845008,http://purl.org/sig/ont/fma/fma272821,1
157,http://snomed.info/id/41845008,http://purl.org/sig/ont/fma/fma7477,1
158,http://snomed.info/id/28347008,http://purl.org/sig/ont/fma/fma61708,1
159,http://snomed.info/id/2759004,http://purl.org/sig/ont/fma/fma59152,1
160,http://snomed.info/id/1511004,http://purl.org/sig/ont/fma/fma30320,1
161,http://snomed.info/id/387910009,http://purl.org/sig/ont/fma/fma71481,1
162,http://snomed.info/id/387910009,http://purl.org/sig/ont/fma/fma7146,1
163,http://snomed.info/id/78539006,http://purl.org/sig/ont/fma/fma61111,1
164,http://snomed.info/id/36214001,http://purl.org/sig/ont/fma/fma61111,1
165,http://snomed.info/id/2739003,http://purl.org/sig/ont/fma/fma82485,1
166,http://snomed.info/id/87644002,http://purl.org/sig/ont/fma/fma30320,1
167,http://snomed.info/id/61563008,http://purl.org/sig/ont/fma/fma55053,1
168,http://snomed.info/id/43719000,http://purl.org/sig/ont/fma/fma24008,1
169,http://snomed.info/id/32849002,http://purl.org/sig/ont/fma/fma55672,1
170,http://snomed.info/id/52374004,http://purl.org/sig/ont/fma/fma7478,1
171,http://snomed.info/id/91207004,http://purl.org/sig/ont/fma/fma55672,1
172,http://snomed.info/id/362938003,http://purl.org/sig/ont/fma/fma29733,1
173,http://snomed.info/id/87516006,http://purl.org/sig/ont/fma/fma83848,1
174,http://snomed.info/id/66019005,http://purl.org/sig/ont/fma/fma7153,1
175,http://snomed.info/id/371398005,http://purl.org/sig/ont/fma/fma55672,1
176,http://snomed.info/id/81745001,http://purl.org/sig/ont/fma/fma55672,1
177,http://snomed.info/id/392262008,http://purl.org/sig/ont/fma/fma70741,1
178,http://snomed.info/id/392262008,http://purl.org/sig/ont/fma/fma70752,1
179,http://snomed.info/id/85803001,http://purl.org/sig/ont/fma/fma54241,1
180,http://snomed.info/id/85803001,http://purl.org/sig/ont/fma/fma70741,1
181,http://snomed.info/id/368785007,http://purl.org/sig/ont/fma/fma54241,1
182,http://snomed.info/id/368785007,http://purl.org/sig/ont/fma/fma70741,1
183,http://snomed.info/id/80243003,http://purl.org/sig/ont/fma/fma54393,1
184,http://snomed.info/id/80243003,http://purl.org/sig/ont/fma/fma284644,1
185,http://snomed.info/id/91397008,http://purl.org/sig/ont/fma/fma272821,1
186,http://snomed.info/id/56052001,http://purl.org/sig/ont/fma/fma5865,1
187,http://snomed.info/id/31435000,http://purl.org/sig/ont/fma/fma55672,1
188,http://snomed.info/id/84820005,http://purl.org/sig/ont/fma/fma42603,1
189,http://snomed.info/id/84820005,http://purl.org/sig/ont/fma/fma14065,1
190,http://snomed.info/id/84820005,http://purl.org/sig/ont/fma/fma55665,1
191,http://snomed.info/id/84820005,http://purl.org/sig/ont/fma/fma29733,1
192,http://snomed.info/id/261078007,http://purl.org/sig/ont/fma/fma42603,1
193,http://snomed.info/id/261078007,http://purl.org/sig/ont/fma/fma14065,1
194,http://snomed.info/id/261078007,http://purl.org/sig/ont/fma/fma55665,1
195,http://snomed.info/id/261078007,http://purl.org/sig/ont/fma/fma29733,1
196,http://snomed.info/id/85695001,http://purl.org/sig/ont/fma/fma58741,1
197,http://snomed.info/id/7657000,http://purl.org/sig/ont/fma/fma69458,1
198,http://snomed.info/id/113319005,http://purl.org/sig/ont/fma/fma65239,1
199,http://snomed.info/id/83419000,http://purl.org/sig/ont/fma/fma78204,1
200,http://snomed.info/id/421235005,http://purl.org/sig/ont/fma/fma7474,1
201,http://snomed.info/id/261080001,http://purl.org/sig/ont/fma/fma7474,1
202,http://snomed.info/id/71341001,http://purl.org/sig/ont/fma/fma7474,1
203,http://snomed.info/id/2812003,http://purl.org/sig/ont/fma/fma302060,1
204,http://snomed.info/id/29627003,http://purl.org/sig/ont/fma/fma302060,1
205,http://snomed.info/id/87342007,http://purl.org/sig/ont/fma/fma23133,1
206,http://snomed.info/id/87342007,http://purl.org/sig/ont/fma/fma7474,1
207,http://snomed.info/id/13726009,http://purl.org/sig/ont/fma/fma231564,1
208,http://snomed.info/id/7569003,http://purl.org/sig/ont/fma/fma24945,1
209,http://snomed.info/id/7569003,http://purl.org/sig/ont/fma/fma78541,1
210,http://snomed.info/id/125685002,http://purl.org/sig/ont/fma/fma24945,1
211,http://snomed.info/id/125685002,http://purl.org/sig/ont/fma/fma78541,1
212,http://snomed.info/id/56459004,http://purl.org/sig/ont/fma/fma0329094,1
213,http://snomed.info/id/14975008,http://purl.org/sig/ont/fma/fma0329072,1
214,http://snomed.info/id/14975008,http://purl.org/sig/ont/fma/fma78541,1
215,http://snomed.info/id/67046006,http://purl.org/sig/ont/fma/fma58669,1
216,http://snomed.info/id/74872008,http://purl.org/sig/ont/fma/fma7476,1
217,http://snomed.info/id/83251001,http://purl.org/sig/ont/fma/fma61823,1
218,http://snomed.info/id/65784005,http://purl.org/sig/ont/fma/fma322157,1
219,http://snomed.info/id/28231008,http://purl.org/sig/ont/fma/fma55672,1
220,http://snomed.info/id/64274004,http://purl.org/sig/ont/fma/fma11195,1
221,http://snomed.info/id/78094009,http://purl.org/sig/ont/fma/fma5889,1
222,http://snomed.info/id/244455004,http://purl.org/sig/ont/fma/fma78562,1
223,http://snomed.info/id/244455004,http://purl.org/sig/ont/fma/fma5885,1
224,http://snomed.info/id/71710004,http://purl.org/sig/ont/fma/fma78562,1
225,http://snomed.info/id/71710004,http://purl.org/sig/ont/fma/fma5885,1
226,http://snomed.info/id/55139000,http://purl.org/sig/ont/fma/fma5889,1
227,http://snomed.info/id/414003,http://purl.org/sig/ont/fma/fma14558,1
228,http://snomed.info/id/39509000,http://purl.org/sig/ont/fma/fma256693,1
229,http://snomed.info/id/113312001,http://purl.org/sig/ont/fma/fma54502,1
230,http://snomed.info/id/14738005,http://purl.org/sig/ont/fma/fma83840,1
231,http://snomed.info/id/18602000,http://purl.org/sig/ont/fma/fma81494,1
232,http://snomed.info/id/21161002,http://purl.org/sig/ont/fma/fma5865,1
233,http://snomed.info/id/37419002,http://purl.org/sig/ont/fma/fma85595,1
234,http://snomed.info/id/43174007,http://purl.org/sig/ont/fma/fma29733,1
235,http://snomed.info/id/24162005,http://purl.org/sig/ont/fma/fma14065,1
236,http://snomed.info/id/711190000,http://purl.org/sig/ont/fma/fma32808,1
237,http://snomed.info/id/25221002,http://purl.org/sig/ont/fma/fma274528,1
238,http://snomed.info/id/386045008,http://purl.org/sig/ont/fma/fma71012,1
239,http://snomed.info/id/78883009,http://purl.org/sig/ont/fma/fma25046,1
240,http://snomed.info/id/85562004,http://purl.org/sig/ont/fma/fma0329033,1
241,http://snomed.info/id/80891009,http://purl.org/sig/ont/fma/fma55673,1
242,http://snomed.info/id/59652004,http://purl.org/sig/ont/fma/fma29733,1
243,http://snomed.info/id/59652004,http://purl.org/sig/ont/fma/fma7095,1
244,http://snomed.info/id/10746000,http://purl.org/sig/ont/fma/fma82484,1
245,http://snomed.info/id/21814001,http://purl.org/sig/ont/fma/fma7095,1
246,http://snomed.info/id/76853006,http://purl.org/sig/ont/fma/fma24993,1
247,http://snomed.info/id/76015000,http://purl.org/sig/ont/fma/fma14837,1
248,http://snomed.info/id/56732008,http://purl.org/sig/ont/fma/fma14678,1
249,http://snomed.info/id/8993003,http://purl.org/sig/ont/fma/fma78049,1
250,http://snomed.info/id/8993003,http://purl.org/sig/ont/fma/fma63814,1
251,http://snomed.info/id/29836001,http://purl.org/sig/ont/fma/fma24960,1
252,http://snomed.info/id/24136001,http://purl.org/sig/ont/fma/fma24960,1
253,http://snomed.info/id/5366008,http://purl.org/sig/ont/fma/fma274528,1
254,http://snomed.info/id/85050009,http://purl.org/sig/ont/fma/fma7474,1
255,http://snomed.info/id/27907006,http://purl.org/sig/ont/fma/fma19969,1
256,http://snomed.info/id/21387005,http://purl.org/sig/ont/fma/fma7477,1
257,http://snomed.info/id/37899009,http://purl.org/sig/ont/fma/fma5865,1
258,http://snomed.info/id/42967006,http://purl.org/sig/ont/fma/fma258762,1
259,http://snomed.info/id/67923007,http://purl.org/sig/ont/fma/fma83153,1
260,http://snomed.info/id/23153004,http://purl.org/sig/ont/fma/fma67611,1
261,http://snomed.info/id/34516001,http://purl.org/sig/ont/fma/fma14092,1
262,http://snomed.info/id/22356005,http://purl.org/sig/ont/fma/fma0327641,1
263,http://snomed.info/id/78509001,http://purl.org/sig/ont/fma/fma12516,1
264,http://snomed.info/id/36528006,http://purl.org/sig/ont/fma/fma62398,1
265,http://snomed.info/id/36169008,http://purl.org/sig/ont/fma/fma256204,1
266,http://snomed.info/id/36169008,http://purl.org/sig/ont/fma/fma61823,1
267,http://snomed.info/id/86419007,http://purl.org/sig/ont/fma/fma9619,1
268,http://snomed.info/id/360499006,http://purl.org/sig/ont/fma/fma67396,1
269,http://snomed.info/id/14742008,http://purl.org/sig/ont/fma/fma55672,1
270,http://snomed.info/id/264196002,http://purl.org/sig/ont/fma/fma55672,1
271,http://snomed.info/id/30315005,http://purl.org/sig/ont/fma/fma55672,1
272,http://snomed.info/id/113276009,http://purl.org/sig/ont/fma/fma45619,1
273,http://snomed.info/id/261093006,http://purl.org/sig/ont/fma/fma45619,1
274,http://snomed.info/id/256876008,http://purl.org/sig/ont/fma/fma45619,1
275,http://snomed.info/id/41296002,http://purl.org/sig/ont/fma/fma265400,1
276,http://snomed.info/id/85710004,http://purl.org/sig/ont/fma/fma0327641,1
277,http://snomed.info/id/78696007,http://purl.org/sig/ont/fma/fma14065,1
278,http://snomed.info/id/78696007,http://purl.org/sig/ont/fma/fma78561,1
279,http://snomed.info/id/78696007,http://purl.org/sig/ont/fma/fma29733,1
280,http://snomed.info/id/661005,http://purl.org/sig/ont/fma/fma32406,1
281,http://snomed.info/id/261103000,http://purl.org/sig/ont/fma/fma14092,1
282,http://snomed.info/id/21306003,http://purl.org/sig/ont/fma/fma14092,1
283,http://snomed.info/id/63303001,http://purl.org/sig/ont/fma/fma62799,1
284,http://snomed.info/id/64033007,http://purl.org/sig/ont/fma/fma55663,1
285,http://snomed.info/id/2334006,http://purl.org/sig/ont/fma/fma15881,1
286,http://snomed.info/id/276832000,http://purl.org/sig/ont/fma/fma15881,1
287,http://snomed.info/id/50403003,http://purl.org/sig/ont/fma/fma86309,1
288,http://snomed.info/id/68288006,http://purl.org/sig/ont/fma/fma42603,1
289,http://snomed.info/id/30737000,http://purl.org/sig/ont/fma/fma78590,1
290,http://snomed.info/id/32041000,http://purl.org/sig/ont/fma/fma86309,1
291,http://snomed.info/id/58471003,http://purl.org/sig/ont/fma/fma86307,1
292,http://snomed.info/id/60297009,http://purl.org/sig/ont/fma/fma86307,1
293,http://snomed.info/id/81495001,http://purl.org/sig/ont/fma/fma17692,1
294,http://snomed.info/id/50468005,http://purl.org/sig/ont/fma/fma17692,1
295,http://snomed.info/id/304679005,http://purl.org/sig/ont/fma/fma24877,1
296,http://snomed.info/id/24166008,http://purl.org/sig/ont/fma/fma85595,1
297,http://snomed.info/id/7652006,http://purl.org/sig/ont/fma/fma60027,1
298,http://snomed.info/id/22945000,http://purl.org/sig/ont/fma/fma64989,1
299,http://snomed.info/id/302462009,http://purl.org/sig/ont/fma/fma64989,1
300,http://snomed.info/id/13561001,http://purl.org/sig/ont/fma/fma55662,1
301,http://snomed.info/id/36847003,http://purl.org/sig/ont/fma/fma303662,1
302,http://snomed.info/id/36514000,http://purl.org/sig/ont/fma/fma9617,1
303,http://snomed.info/id/36514000,http://purl.org/sig/ont/fma/fma32558,1
304,http://snomed.info/id/261115001,http://purl.org/sig/ont/fma/fma64989,1
305,http://snomed.info/id/4596009,http://purl.org/sig/ont/fma/fma64989,1
306,http://snomed.info/id/73451009,http://purl.org/sig/ont/fma/fma321693,1
307,http://snomed.info/id/33347001,http://purl.org/sig/ont/fma/fma280309,1
308,http://snomed.info/id/56707006,http://purl.org/sig/ont/fma/fma280309,1
309,http://snomed.info/id/78076003,http://purl.org/sig/ont/fma/fma322156,1
310,http://snomed.info/id/1159005,http://purl.org/sig/ont/fma/fma54666,1
311,http://snomed.info/id/6598008,http://purl.org/sig/ont/fma/fma52999,1
312,http://snomed.info/id/261114002,http://purl.org/sig/ont/fma/fma46490,1
313,http://snomed.info/id/261114002,http://purl.org/sig/ont/fma/fma286121,1
314,http://snomed.info/id/48477009,http://purl.org/sig/ont/fma/fma46490,1
315,http://snomed.info/id/48477009,http://purl.org/sig/ont/fma/fma286121,1
316,http://snomed.info/id/10200004,http://purl.org/sig/ont/fma/fma55662,1
317,http://snomed.info/id/11548008,http://purl.org/sig/ont/fma/fma83840,1
318,http://snomed.info/id/21694000,http://purl.org/sig/ont/fma/fma17692,1
319,http://snomed.info/id/73903008,http://purl.org/sig/ont/fma/fma16201,1
320,http://snomed.info/id/73903008,http://purl.org/sig/ont/fma/fma9914,1
321,http://snomed.info/id/73903008,http://purl.org/sig/ont/fma/fma71515,1
322,http://snomed.info/id/45272004,http://purl.org/sig/ont/fma/fma5905,1
323,http://snomed.info/id/39607008,http://purl.org/sig/ont/fma/fma55564,1
324,http://snomed.info/id/39607008,http://purl.org/sig/ont/fma/fma55662,1
325,http://snomed.info/id/59441001,http://purl.org/sig/ont/fma/fma278572,1
326,http://snomed.info/id/279306001,http://purl.org/sig/ont/fma/fma83915,1
327,http://snomed.info/id/39803005,http://purl.org/sig/ont/fma/fma83915,1
328,http://snomed.info/id/91609006,http://purl.org/sig/ont/fma/fma7477,1
329,http://snomed.info/id/67183008,http://purl.org/sig/ont/fma/fma59469,1
330,http://snomed.info/id/1173001,http://purl.org/sig/ont/fma/fma52607,1
331,http://snomed.info/id/37285002,http://purl.org/sig/ont/fma/fma12215,1
332,http://snomed.info/id/79368004,http://purl.org/sig/ont/fma/fma46751,1
333,http://snomed.info/id/244769003,http://purl.org/sig/ont/fma/fma55600,1
334,http://snomed.info/id/53894007,http://purl.org/sig/ont/fma/fma55600,1
335,http://snomed.info/id/70925003,http://purl.org/sig/ont/fma/fma7478,1
336,http://snomed.info/id/63082002,http://purl.org/sig/ont/fma/fma70505,1
337,http://snomed.info/id/91622003,http://purl.org/sig/ont/fma/fma52607,1
338,http://snomed.info/id/38067004,http://purl.org/sig/ont/fma/fma83844,1
339,http://snomed.info/id/43466000,http://purl.org/sig/ont/fma/fma74633,1
340,http://snomed.info/id/38464002,http://purl.org/sig/ont/fma/fma65239,1
341,http://snomed.info/id/26519002,http://purl.org/sig/ont/fma/fma61998,1
342,http://snomed.info/id/1110006,http://purl.org/sig/ont/fma/fma59160,1
343,http://snomed.info/id/1110006,http://purl.org/sig/ont/fma/fma71481,1
344,http://snomed.info/id/1231004,http://purl.org/sig/ont/fma/fma29733,1
345,http://snomed.info/id/363824000,http://purl.org/sig/ont/fma/fma29733,1
346,http://snomed.info/id/61962009,http://purl.org/sig/ont/fma/fma61815,1
347,http://snomed.info/id/245457004,http://purl.org/sig/ont/fma/fma20570,1
348,http://snomed.info/id/33437000,http://purl.org/sig/ont/fma/fma20570,1
349,http://snomed.info/id/245459001,http://purl.org/sig/ont/fma/fma0327175,1
350,http://snomed.info/id/85033007,http://purl.org/sig/ont/fma/fma0327175,1
351,http://snomed.info/id/36455000,http://purl.org/sig/ont/fma/fma7474,1
352,http://snomed.info/id/53884002,http://purl.org/sig/ont/fma/fma7474,1
353,http://snomed.info/id/91134007,http://purl.org/sig/ont/fma/fma7233,1
354,http://snomed.info/id/76928009,http://purl.org/sig/ont/fma/fma12516,1
355,http://snomed.info/id/421456005,http://purl.org/sig/ont/fma/fma12516,1
356,http://snomed.info/id/113277000,http://purl.org/sig/ont/fma/fma85361,1
357,http://snomed.info/id/66667004,http://purl.org/sig/ont/fma/fma65239,1
358,http://snomed.info/id/69854003,http://purl.org/sig/ont/fma/fma61926,1
359,http://snomed.info/id/27232003,http://purl.org/sig/ont/fma/fma82485,1
360,http://snomed.info/id/314410003,http://purl.org/sig/ont/fma/fma71012,1
361,http://snomed.info/id/314410003,http://purl.org/sig/ont/fma/fma60802,1
362,http://snomed.info/id/74386004,http://purl.org/sig/ont/fma/fma7476,1
363,http://snomed.info/id/68426009,http://purl.org/sig/ont/fma/fma14462,1
364,http://snomed.info/id/15753006,http://purl.org/sig/ont/fma/fma86195,1
365,http://snomed.info/id/264105008,http://purl.org/sig/ont/fma/fma54877,1
366,http://snomed.info/id/71836000,http://purl.org/sig/ont/fma/fma54877,1
367,http://snomed.info/id/81727001,http://purl.org/sig/ont/fma/fma32558,1
368,http://snomed.info/id/54018001,http://purl.org/sig/ont/fma/fma0329127,1
369,http://snomed.info/id/3057000,http://purl.org/sig/ont/fma/fma11195,1
370,http://snomed.info/id/12945004,http://purl.org/sig/ont/fma/fma84655,1
371,http://snomed.info/id/72364001,http://purl.org/sig/ont/fma/fma84655,1
372,http://snomed.info/id/24142002,http://purl.org/sig/ont/fma/fma62112,1
373,http://snomed.info/id/14420006,http://purl.org/sig/ont/fma/fma53472,1
374,http://snomed.info/id/45206002,http://purl.org/sig/ont/fma/fma54393,1
375,http://snomed.info/id/260540009,http://purl.org/sig/ont/fma/fma54393,1
376,http://snomed.info/id/427667007,http://purl.org/sig/ont/fma/fma83840,1
377,http://snomed.info/id/60272005,http://purl.org/sig/ont/fma/fma65239,1
378,http://snomed.info/id/31640002,http://purl.org/sig/ont/fma/fma7476,1
379,http://snomed.info/id/31065004,http://purl.org/sig/ont/fma/fma61823,1
380,http://snomed.info/id/67833000,http://purl.org/sig/ont/fma/fma55600,1
381,http://snomed.info/id/67833000,http://purl.org/sig/ont/fma/fma46751,1
382,http://snomed.info/id/56193007,http://purl.org/sig/ont/fma/fma5865,1
383,http://snomed.info/id/51807001,http://purl.org/sig/ont/fma/fma14687,1
384,http://snomed.info/id/1172006,http://purl.org/sig/ont/fma/fma86143,1
385,http://snomed.info/id/113302008,http://purl.org/sig/ont/fma/fma11195,1
386,http://snomed.info/id/11522000,http://purl.org/sig/ont/fma/fma11195,1
387,http://snomed.info/id/11522000,http://purl.org/sig/ont/fma/fma63819,1
388,http://snomed.info/id/261142000,http://purl.org/sig/ont/fma/fma86140,1
389,http://snomed.info/id/27398004,http://purl.org/sig/ont/fma/fma86140,1
390,http://snomed.info/id/53549008,http://purl.org/sig/ont/fma/fma70523,1
391,http://snomed.info/id/10056005,http://purl.org/sig/ont/fma/fma52607,1
392,http://snomed.info/id/244453006,http://purl.org/sig/ont/fma/fma5913,1
393,http://snomed.info/id/81016008,http://purl.org/sig/ont/fma/fma58707,1
394,http://snomed.info/id/81016008,http://purl.org/sig/ont/fma/fma58633,1
395,http://snomed.info/id/18234004,http://purl.org/sig/ont/fma/fma5913,1
396,http://snomed.info/id/67788009,http://purl.org/sig/ont/fma/fma14065,1
397,http://snomed.info/id/11398005,http://purl.org/sig/ont/fma/fma63863,1
398,http://snomed.info/id/1610007,http://purl.org/sig/ont/fma/fma63863,1
399,http://snomed.info/id/1610007,http://purl.org/sig/ont/fma/fma302416,1
400,http://snomed.info/id/15497006,http://purl.org/sig/ont/fma/fma55663,1
401,http://snomed.info/id/22437001,http://purl.org/sig/ont/fma/fma85595,1
402,http://snomed.info/id/49460000,http://purl.org/sig/ont/fma/fma14462,1
403,http://snomed.info/id/15776009,http://purl.org/sig/ont/fma/fma55662,1
404,http://snomed.info/id/69930009,http://purl.org/sig/ont/fma/fma30320,1
405,http://snomed.info/id/35054001,http://purl.org/sig/ont/fma/fma83563,1
406,http://snomed.info/id/90769006,http://purl.org/sig/ont/fma/fma70779,1
407,http://snomed.info/id/90769006,http://purl.org/sig/ont/fma/fma55664,1
408,http://snomed.info/id/33805007,http://purl.org/sig/ont/fma/fma55664,1
409,http://snomed.info/id/111002,http://purl.org/sig/ont/fma/fma55664,1
410,http://snomed.info/id/181121007,http://purl.org/sig/ont/fma/fma55664,1
411,http://snomed.info/id/51171003,http://purl.org/sig/ont/fma/fma0327526,1
412,http://snomed.info/id/24924006,http://purl.org/sig/ont/fma/fma7476,1
413,http://snomed.info/id/16630005,http://purl.org/sig/ont/fma/fma61823,1
414,http://snomed.info/id/45289007,http://purl.org/sig/ont/fma/fma59788,1
415,http://snomed.info/id/421413000,http://purl.org/sig/ont/fma/fma32672,1
416,http://snomed.info/id/81802002,http://purl.org/sig/ont/fma/fma37347,1
417,http://snomed.info/id/28254004,http://purl.org/sig/ont/fma/fma7477,1
418,http://snomed.info/id/18911002,http://purl.org/sig/ont/fma/fma24199,1
419,http://snomed.info/id/76848001,http://purl.org/sig/ont/fma/fma9689,1
420,http://snomed.info/id/76848001,http://purl.org/sig/ont/fma/fma32406,1
421,http://snomed.info/id/24949005,http://purl.org/sig/ont/fma/fma9689,1
422,http://snomed.info/id/24949005,http://purl.org/sig/ont/fma/fma32406,1
423,http://snomed.info/id/245775004,http://purl.org/sig/ont/fma/fma25624,1
424,http://snomed.info/id/245775004,http://purl.org/sig/ont/fma/fma70773,1
425,http://snomed.info/id/27841004,http://purl.org/sig/ont/fma/fma44678,1
426,http://snomed.info/id/25516004,http://purl.org/sig/ont/fma/fma52870,1
427,http://snomed.info/id/267190001,http://purl.org/sig/ont/fma/fma62820,1
428,http://snomed.info/id/267190001,http://purl.org/sig/ont/fma/fma78560,1
429,http://snomed.info/id/60494004,http://purl.org/sig/ont/fma/fma64989,1
430,http://snomed.info/id/60494004,http://purl.org/sig/ont/fma/fma32558,1
431,http://snomed.info/id/60494004,http://purl.org/sig/ont/fma/fma9617,1
432,http://snomed.info/id/54066008,http://purl.org/sig/ont/fma/fma61607,1
433,http://snomed.info/id/54066008,http://purl.org/sig/ont/fma/fma64989,1
434,http://snomed.info/id/50230006,http://purl.org/sig/ont/fma/fma65239,1
435,http://snomed.info/id/23180006,http://purl.org/sig/ont/fma/fma266091,1
436,http://snomed.info/id/45793000,http://purl.org/sig/ont/fma/fma84081,1
437,http://snomed.info/id/56329008,http://purl.org/sig/ont/fma/fma55662,1
438,http://snomed.info/id/62818001,http://purl.org/sig/ont/fma/fma45728,1
439,http://snomed.info/id/37512009,http://purl.org/sig/ont/fma/fma45728,1
440,http://snomed.info/id/49557009,http://purl.org/sig/ont/fma/fma67942,1
441,http://snomed.info/id/43899006,http://purl.org/sig/ont/fma/fma69458,1
442,http://snomed.info/id/56849005,http://purl.org/sig/ont/fma/fma322144,1
443,http://snomed.info/id/32764006,http://purl.org/sig/ont/fma/fma66645,1
444,http://snomed.info/id/42292003,http://purl.org/sig/ont/fma/fma258749,1
445,http://snomed.info/id/279689003,http://purl.org/sig/ont/fma/fma55662,1
446,http://snomed.info/id/41216001,http://purl.org/sig/ont/fma/fma55662,1
447,http://snomed.info/id/263847000,http://purl.org/sig/ont/fma/fma55662,1
448,http://snomed.info/id/76738006,http://purl.org/sig/ont/fma/fma46751,1
449,http://snomed.info/id/66040006,http://purl.org/sig/ont/fma/fma0327641,1
450,http://snomed.info/id/66040006,http://purl.org/sig/ont/fma/fma224804,1
451,http://snomed.info/id/113253006,http://purl.org/sig/ont/fma/fma82493,1
452,http://snomed.info/id/45341000,http://purl.org/sig/ont/fma/fma30313,1
453,http://snomed.info/id/81040000,http://purl.org/sig/ont/fma/fma30313,1
454,http://snomed.info/id/39057004,http://purl.org/sig/ont/fma/fma7110,1
455,http://snomed.info/id/53603007,http://purl.org/sig/ont/fma/fma50723,1
456,http://snomed.info/id/53603007,http://purl.org/sig/ont/fma/fma279937,1
457,http://snomed.info/id/122972007,http://purl.org/sig/ont/fma/fma50723,1
458,http://snomed.info/id/122972007,http://purl.org/sig/ont/fma/fma279937,1
459,http://snomed.info/id/392406005,http://purl.org/sig/ont/fma/fma9338,1
460,http://snomed.info/id/35146001,http://purl.org/sig/ont/fma/fma9338,1
461,http://snomed.info/id/89278009,http://purl.org/sig/ont/fma/fma83840,1
462,http://snomed.info/id/66051006,http://purl.org/sig/ont/fma/fma14558,1
463,http://snomed.info/id/280119005,http://purl.org/sig/ont/fma/fma14558,1
464,http://snomed.info/id/72217004,http://purl.org/sig/ont/fma/fma83848,1
465,http://snomed.info/id/8079007,http://purl.org/sig/ont/fma/fma65239,1
466,http://snomed.info/id/62413002,http://purl.org/sig/ont/fma/fma83117,1
467,http://snomed.info/id/62413002,http://purl.org/sig/ont/fma/fma7474,1
468,http://snomed.info/id/34402009,http://purl.org/sig/ont/fma/fma14540,1
469,http://snomed.info/id/24227007,http://purl.org/sig/ont/fma/fma6228,1
470,http://snomed.info/id/24432006,http://purl.org/sig/ont/fma/fma258768,1
471,http://snomed.info/id/2841007,http://purl.org/sig/ont/fma/fma66464,1
472,http://snomed.info/id/56400007,http://purl.org/sig/ont/fma/fma63814,1
473,http://snomed.info/id/56400007,http://purl.org/sig/ont/fma/fma78049,1
474,http://snomed.info/id/14221007,http://purl.org/sig/ont/fma/fma11337,1
475,http://snomed.info/id/360564009,http://purl.org/sig/ont/fma/fma84054,1
476,http://snomed.info/id/5665001,http://purl.org/sig/ont/fma/fma58101,1
477,http://snomed.info/id/76117006,http://purl.org/sig/ont/fma/fma49872,1
478,http://snomed.info/id/27988004,http://purl.org/sig/ont/fma/fma49872,1
479,http://snomed.info/id/41275009,http://purl.org/sig/ont/fma/fma58617,1
480,http://snomed.info/id/62869001,http://purl.org/sig/ont/fma/fma51728,1
481,http://snomed.info/id/85003000,http://purl.org/sig/ont/fma/fma51728,1
482,http://snomed.info/id/28758002,http://purl.org/sig/ont/fma/fma78562,1
483,http://snomed.info/id/91362006,http://purl.org/sig/ont/fma/fma61996,1
484,http://snomed.info/id/303456008,http://purl.org/sig/ont/fma/fma61815,1
485,http://snomed.info/id/113197003,http://purl.org/sig/ont/fma/fma7474,1
486,http://snomed.info/id/50840003,http://purl.org/sig/ont/fma/fma25625,1
487,http://snomed.info/id/54458009,http://purl.org/sig/ont/fma/fma61111,1
488,http://snomed.info/id/54735007,http://purl.org/sig/ont/fma/fma16201,1
489,http://snomed.info/id/75535001,http://purl.org/sig/ont/fma/fma55662,1
490,http://snomed.info/id/385294005,http://purl.org/sig/ont/fma/fma55662,1
491,http://snomed.info/id/87626005,http://purl.org/sig/ont/fma/fma320423,1
492,http://snomed.info/id/81985002,http://purl.org/sig/ont/fma/fma61268,1
493,http://snomed.info/id/41695006,http://purl.org/sig/ont/fma/fma14462,1
494,http://snomed.info/id/79601000,http://purl.org/sig/ont/fma/fma7476,1
495,http://snomed.info/id/79601000,http://purl.org/sig/ont/fma/fma224804,1
496,http://snomed.info/id/30474000,http://purl.org/sig/ont/fma/fma54502,1
497,http://snomed.info/id/24446006,http://purl.org/sig/ont/fma/fma54602,1
498,http://snomed.info/id/41519007,http://purl.org/sig/ont/fma/fma80177,1
499,http://snomed.info/id/18619003,http://purl.org/sig/ont/fma/fma58102,1
500,http://snomed.info/id/20233005,http://purl.org/sig/ont/fma/fma24199,1
501,http://snomed.info/id/264191007,http://purl.org/sig/ont/fma/fma24199,1
502,http://snomed.info/id/1028005,http://purl.org/sig/ont/fma/fma71481,1
503,http://snomed.info/id/42575006,http://purl.org/sig/ont/fma/fma54710,1
504,http://snomed.info/id/42575006,http://purl.org/sig/ont/fma/fma52866,1
505,http://snomed.info/id/279726004,http://purl.org/sig/ont/fma/fma75357,1
506,http://snomed.info/id/279726004,http://purl.org/sig/ont/fma/fma60182,1
507,http://snomed.info/id/81468006,http://purl.org/sig/ont/fma/fma75357,1
508,http://snomed.info/id/81468006,http://purl.org/sig/ont/fma/fma60182,1
509,http://snomed.info/id/52181001,http://purl.org/sig/ont/fma/fma321023,1
510,http://snomed.info/id/52181001,http://purl.org/sig/ont/fma/fma33302,1
511,http://snomed.info/id/64739004,http://purl.org/sig/ont/fma/fma7146,1
512,http://snomed.info/id/51722002,http://purl.org/sig/ont/fma/fma78562,1
513,http://snomed.info/id/51722002,http://purl.org/sig/ont/fma/fma19811,1
514,http://snomed.info/id/70146006,http://purl.org/sig/ont/fma/fma83904,1
515,http://snomed.info/id/88210001,http://purl.org/sig/ont/fma/fma321959,1
516,http://snomed.info/id/81128002,http://purl.org/sig/ont/fma/fma14171,1
517,http://snomed.info/id/89546000,http://purl.org/sig/ont/fma/fma25569,1
518,http://snomed.info/id/89546000,http://purl.org/sig/ont/fma/fma23133,1
519,http://snomed.info/id/89546000,http://purl.org/sig/ont/fma/fma78585,1
520,http://snomed.info/id/49957000,http://purl.org/sig/ont/fma/fma14462,1
521,http://snomed.info/id/73117003,http://purl.org/sig/ont/fma/fma7478,1
522,http://snomed.info/id/2748008,http://purl.org/sig/ont/fma/fma256237,1
523,http://snomed.info/id/69733000,http://purl.org/sig/ont/fma/fma5981,1
524,http://snomed.info/id/3169005,http://purl.org/sig/ont/fma/fma61284,1
525,http://snomed.info/id/3169005,http://purl.org/sig/ont/fma/fma79879,1
526,http://snomed.info/id/421060004,http://purl.org/sig/ont/fma/fma302079,1
527,http://snomed.info/id/280417000,http://purl.org/sig/ont/fma/fma83676,1
528,http://snomed.info/id/35761005,http://purl.org/sig/ont/fma/fma54502,1
529,http://snomed.info/id/264198001,http://purl.org/sig/ont/fma/fma5866,1
530,http://snomed.info/id/78961009,http://purl.org/sig/ont/fma/fma55664,1
531,http://snomed.info/id/22083002,http://purl.org/sig/ont/fma/fma70429,1
532,http://snomed.info/id/35819009,http://purl.org/sig/ont/fma/fma50736,1
533,http://snomed.info/id/81931002,http://purl.org/sig/ont/fma/fma49026,1
534,http://snomed.info/id/33961002,http://purl.org/sig/ont/fma/fma6470,1
535,http://snomed.info/id/56873002,http://purl.org/sig/ont/fma/fma7476,1
536,http://snomed.info/id/88528000,http://purl.org/sig/ont/fma/fma79804,1
537,http://snomed.info/id/36765005,http://purl.org/sig/ont/fma/fma66464,1
538,http://snomed.info/id/9454009,http://purl.org/sig/ont/fma/fma77883,1
539,http://snomed.info/id/67892008,http://purl.org/sig/ont/fma/fma84081,1
540,http://snomed.info/id/88481005,http://purl.org/sig/ont/fma/fma59788,1
541,http://snomed.info/id/54019009,http://purl.org/sig/ont/fma/fma59788,1
542,http://snomed.info/id/385296007,http://purl.org/sig/ont/fma/fma59788,1
543,http://snomed.info/id/280409008,http://purl.org/sig/ont/fma/fma256698,1
544,http://snomed.info/id/33138000,http://purl.org/sig/ont/fma/fma256698,1
545,http://snomed.info/id/70007007,http://purl.org/sig/ont/fma/fma83840,1
546,http://snomed.info/id/53224005,http://purl.org/sig/ont/fma/fma5910,1
547,http://snomed.info/id/13229001,http://purl.org/sig/ont/fma/fma258762,1
548,http://snomed.info/id/75740006,http://purl.org/sig/ont/fma/fma258762,1
549,http://snomed.info/id/82097001,http://purl.org/sig/ont/fma/fma44686,1
550,http://snomed.info/id/28195005,http://purl.org/sig/ont/fma/fma51244,1
551,http://snomed.info/id/64331004,http://purl.org/sig/ont/fma/fma9581,1
552,http://snomed.info/id/67453005,http://purl.org/sig/ont/fma/fma231887,1
553,http://snomed.info/id/67453005,http://purl.org/sig/ont/fma/fma24491,1
554,http://snomed.info/id/108371006,http://purl.org/sig/ont/fma/fma24171,1
555,http://snomed.info/id/49475008,http://purl.org/sig/ont/fma/fma14065,1
556,http://snomed.info/id/36205006,http://purl.org/sig/ont/fma/fma63871,1
557,http://snomed.info/id/19785001,http://purl.org/sig/ont/fma/fma61997,1
558,http://snomed.info/id/50972004,http://purl.org/sig/ont/fma/fma61997,1
559,http://snomed.info/id/11628009,http://purl.org/sig/ont/fma/fma61996,1
560,http://snomed.info/id/60911003,http://purl.org/sig/ont/fma/fma7478,1
561,http://snomed.info/id/78277001,http://purl.org/sig/ont/fma/fma61823,1
562,http://snomed.info/id/78277001,http://purl.org/sig/ont/fma/fma312867,1
563,http://snomed.info/id/52927003,http://purl.org/sig/ont/fma/fma57791,1
564,http://snomed.info/id/13024002,http://purl.org/sig/ont/fma/fma14065,1
565,http://snomed.info/id/5942008,http://purl.org/sig/ont/fma/fma49026,1
566,http://snomed.info/id/40689003,http://purl.org/sig/ont/fma/fma55662,1
567,http://snomed.info/id/42695009,http://purl.org/sig/ont/fma/fma83153,1
568,http://snomed.info/id/1732005,http://purl.org/sig/ont/fma/fma312612,1
569,http://snomed.info/id/35769007,http://purl.org/sig/ont/fma/fma9914,1
570,http://snomed.info/id/35769007,http://purl.org/sig/ont/fma/fma71515,1
571,http://snomed.info/id/9875009,http://purl.org/sig/ont/fma/fma55663,1
572,http://snomed.info/id/69748006,http://purl.org/sig/ont/fma/fma55662,1
573,http://snomed.info/id/12611008,http://purl.org/sig/ont/fma/fma7474,1
574,http://snomed.info/id/12611008,http://purl.org/sig/ont/fma/fma23133,1
575,http://snomed.info/id/45684006,http://purl.org/sig/ont/fma/fma44678,1
576,http://snomed.info/id/29707007,http://purl.org/sig/ont/fma/fma78541,1
577,http://snomed.info/id/21974007,http://purl.org/sig/ont/fma/fma64989,1
578,http://snomed.info/id/75573002,http://purl.org/sig/ont/fma/fma9609,1
579,http://snomed.info/id/245543004,http://purl.org/sig/ont/fma/fma70779,1
580,http://snomed.info/id/38199008,http://purl.org/sig/ont/fma/fma70779,1
581,http://snomed.info/id/85077000,http://purl.org/sig/ont/fma/fma55622,1
582,http://snomed.info/id/44567001,http://purl.org/sig/ont/fma/fma12224,1
583,http://snomed.info/id/46030003,http://purl.org/sig/ont/fma/fma7233,1
584,http://snomed.info/id/36615005,http://purl.org/sig/ont/fma/fma54502,1
585,http://snomed.info/id/27612005,http://purl.org/sig/ont/fma/fma5865,1
586,http://snomed.info/id/280164007,http://purl.org/sig/ont/fma/fma84059,1
587,http://snomed.info/id/52041005,http://purl.org/sig/ont/fma/fma54501,1
588,http://snomed.info/id/39322007,http://purl.org/sig/ont/fma/fma5865,1
589,http://snomed.info/id/68064002,http://purl.org/sig/ont/fma/fma74866,1
590,http://snomed.info/id/42859004,http://purl.org/sig/ont/fma/fma7145,1
591,http://snomed.info/id/23416004,http://purl.org/sig/ont/fma/fma83117,1
592,http://snomed.info/id/23416004,http://purl.org/sig/ont/fma/fma7474,1
593,http://snomed.info/id/58696008,http://purl.org/sig/ont/fma/fma65239,1
594,http://snomed.info/id/87953007,http://purl.org/sig/ont/fma/fma55672,1
595,http://snomed.info/id/264254009,http://purl.org/sig/ont/fma/fma55672,1
596,http://snomed.info/id/264255005,http://purl.org/sig/ont/fma/fma55672,1
597,http://snomed.info/id/13648007,http://purl.org/sig/ont/fma/fma55672,1
598,http://snomed.info/id/35039007,http://purl.org/sig/ont/fma/fma55672,1
599,http://snomed.info/id/81955007,http://purl.org/sig/ont/fma/fma61111,1
600,http://snomed.info/id/74862005,http://purl.org/sig/ont/fma/fma58101,1
601,http://snomed.info/id/26140008,http://purl.org/sig/ont/fma/fma293461,1
602,http://snomed.info/id/76784001,http://purl.org/sig/ont/fma/fma55672,1
603,http://snomed.info/id/88882009,http://purl.org/sig/ont/fma/fma5865,1
604,http://snomed.info/id/57671007,http://purl.org/sig/ont/fma/fma30320,1
605,http://snomed.info/id/340365001,http://purl.org/sig/ont/fma/fma281111,1
606,http://snomed.info/id/67109009,http://purl.org/sig/ont/fma/fma71893,1
607,http://snomed.info/id/56341001,http://purl.org/sig/ont/fma/fma50989,1
608,http://snomed.info/id/244396002,http://purl.org/sig/ont/fma/fma50989,1
609,http://snomed.info/id/64131007,http://purl.org/sig/ont/fma/fma62512,1
610,http://snomed.info/id/48345005,http://purl.org/sig/ont/fma/fma62512,1
611,http://snomed.info/id/35532006,http://purl.org/sig/ont/fma/fma62512,1
612,http://snomed.info/id/62284004,http://purl.org/sig/ont/fma/fma258762,1
613,http://snomed.info/id/57766006,http://purl.org/sig/ont/fma/fma86188,1
614,http://snomed.info/id/85234005,http://purl.org/sig/ont/fma/fma70345,1
615,http://snomed.info/id/81686004,http://purl.org/sig/ont/fma/fma53400,1
616,http://snomed.info/id/21746006,http://purl.org/sig/ont/fma/fma84059,1
617,http://snomed.info/id/47538007,http://purl.org/sig/ont/fma/fma20111,1
618,http://snomed.info/id/46105003,http://purl.org/sig/ont/fma/fma78561,1
619,http://snomed.info/id/46105003,http://purl.org/sig/ont/fma/fma64854,1
620,http://snomed.info/id/45292006,http://purl.org/sig/ont/fma/fma20463,1
621,http://snomed.info/id/279258005,http://purl.org/sig/ont/fma/fma242193,1
622,http://snomed.info/id/20298003,http://purl.org/sig/ont/fma/fma12215,1
623,http://snomed.info/id/56069004,http://purl.org/sig/ont/fma/fma69086,1
624,http://snomed.info/id/21476003,http://purl.org/sig/ont/fma/fma69086,1
625,http://snomed.info/id/47325000,http://purl.org/sig/ont/fma/fma69086,1
626,http://snomed.info/id/13881006,http://purl.org/sig/ont/fma/fma7477,1
627,http://snomed.info/id/895007,http://purl.org/sig/ont/fma/fma44611,1
628,http://snomed.info/id/16219000,http://purl.org/sig/ont/fma/fma44611,1
629,http://snomed.info/id/81861006,http://purl.org/sig/ont/fma/fma61815,1
630,http://snomed.info/id/36278009,http://purl.org/sig/ont/fma/fma32514,1
631,http://snomed.info/id/59952002,http://purl.org/sig/ont/fma/fma11337,1
632,http://snomed.info/id/7885001,http://purl.org/sig/ont/fma/fma42603,1
633,http://snomed.info/id/68053000,http://purl.org/sig/ont/fma/fma69458,1
634,http://snomed.info/id/40245009,http://purl.org/sig/ont/fma/fma258762,1
635,http://snomed.info/id/360452004,http://purl.org/sig/ont/fma/fma258762,1
636,http://snomed.info/id/13363002,http://purl.org/sig/ont/fma/fma69458,1
637,http://snomed.info/id/82038008,http://purl.org/sig/ont/fma/fma61417,1
638,http://snomed.info/id/72175008,http://purl.org/sig/ont/fma/fma74882,1
639,http://snomed.info/id/48459004,http://purl.org/sig/ont/fma/fma74882,1
640,http://snomed.info/id/25866004,http://purl.org/sig/ont/fma/fma74882,1
641,http://snomed.info/id/34497009,http://purl.org/sig/ont/fma/fma74882,1
642,http://snomed.info/id/43119007,http://purl.org/sig/ont/fma/fma70523,1
643,http://snomed.info/id/59920002,http://purl.org/sig/ont/fma/fma70523,1
644,http://snomed.info/id/60176003,http://purl.org/sig/ont/fma/fma70523,1
645,http://snomed.info/id/8012006,http://purl.org/sig/ont/fma/fma50031,1
646,http://snomed.info/id/17232002,http://purl.org/sig/ont/fma/fma70523,1
647,http://snomed.info/id/45242005,http://purl.org/sig/ont/fma/fma76264,1
648,http://snomed.info/id/51691006,http://purl.org/sig/ont/fma/fma76269,1
649,http://snomed.info/id/70382005,http://purl.org/sig/ont/fma/fma76269,1
650,http://snomed.info/id/78776006,http://purl.org/sig/ont/fma/fma50996,1
651,http://snomed.info/id/78776006,http://purl.org/sig/ont/fma/fma63814,1
652,http://snomed.info/id/74761005,http://purl.org/sig/ont/fma/fma85310,1
653,http://snomed.info/id/32516000,http://purl.org/sig/ont/fma/fma62420,1
654,http://snomed.info/id/17388009,http://purl.org/sig/ont/fma/fma76264,1
655,http://snomed.info/id/12164006,http://purl.org/sig/ont/fma/fma67951,1
656,http://snomed.info/id/34803007,http://purl.org/sig/ont/fma/fma78451,1
657,http://snomed.info/id/30399003,http://purl.org/sig/ont/fma/fma78451,1
658,http://snomed.info/id/52943005,http://purl.org/sig/ont/fma/fma78451,1
659,http://snomed.info/id/53118009,http://purl.org/sig/ont/fma/fma78451,1
660,http://snomed.info/id/57478006,http://purl.org/sig/ont/fma/fma72547,1
661,http://snomed.info/id/40268000,http://purl.org/sig/ont/fma/fma72547,1
662,http://snomed.info/id/369272004,http://purl.org/sig/ont/fma/fma83705,1
663,http://snomed.info/id/17168001,http://purl.org/sig/ont/fma/fma242849,1
664,http://snomed.info/id/369273009,http://purl.org/sig/ont/fma/fma78460,1
665,http://snomed.info/id/27155005,http://purl.org/sig/ont/fma/fma242849,1
666,http://snomed.info/id/369274003,http://purl.org/sig/ont/fma/fma78476,1
667,http://snomed.info/id/43926006,http://purl.org/sig/ont/fma/fma242849,1
668,http://snomed.info/id/36181007,http://purl.org/sig/ont/fma/fma274516,1
669,http://snomed.info/id/74528000,http://purl.org/sig/ont/fma/fma274516,1
670,http://snomed.info/id/5336001,http://purl.org/sig/ont/fma/fma274516,1
671,http://snomed.info/id/465006,http://purl.org/sig/ont/fma/fma274516,1
672,http://snomed.info/id/30130006,http://purl.org/sig/ont/fma/fma274516,1
673,http://snomed.info/id/45343002,http://purl.org/sig/ont/fma/fma274516,1
674,http://snomed.info/id/280372002,http://purl.org/sig/ont/fma/fma274516,1
675,http://snomed.info/id/56884009,http://purl.org/sig/ont/fma/fma274520,1
676,http://snomed.info/id/16925009,http://purl.org/sig/ont/fma/fma274520,1
677,http://snomed.info/id/51102009,http://purl.org/sig/ont/fma/fma274520,1
678,http://snomed.info/id/59024009,http://purl.org/sig/ont/fma/fma274530,1
679,http://snomed.info/id/17292004,http://purl.org/sig/ont/fma/fma274520,1
680,http://snomed.info/id/74493001,http://purl.org/sig/ont/fma/fma274522,1
681,http://snomed.info/id/7344002,http://purl.org/sig/ont/fma/fma274522,1
682,http://snomed.info/id/30143006,http://purl.org/sig/ont/fma/fma274518,1
683,http://snomed.info/id/35305002,http://purl.org/sig/ont/fma/fma274518,1
684,http://snomed.info/id/73516003,http://purl.org/sig/ont/fma/fma274518,1
685,http://snomed.info/id/89081005,http://purl.org/sig/ont/fma/fma275028,1
686,http://snomed.info/id/19015001,http://purl.org/sig/ont/fma/fma83465,1
687,http://snomed.info/id/72562001,http://purl.org/sig/ont/fma/fma275026,1
688,http://snomed.info/id/84013004,http://purl.org/sig/ont/fma/fma62466,1
689,http://snomed.info/id/23347006,http://purl.org/sig/ont/fma/fma61943,1
690,http://snomed.info/id/74938001,http://purl.org/sig/ont/fma/fma61943,1
691,http://snomed.info/id/70215001,http://purl.org/sig/ont/fma/fma61943,1
692,http://snomed.info/id/59326000,http://purl.org/sig/ont/fma/fma61943,1
693,http://snomed.info/id/361483008,http://purl.org/sig/ont/fma/fma67951,1
694,http://snomed.info/id/42932006,http://purl.org/sig/ont/fma/fma61943,1
695,http://snomed.info/id/279336005,http://purl.org/sig/ont/fma/fma62445,1
696,http://snomed.info/id/44670009,http://purl.org/sig/ont/fma/fma75735,1
697,http://snomed.info/id/44670009,http://purl.org/sig/ont/fma/fma323281,1
698,http://snomed.info/id/57213007,http://purl.org/sig/ont/fma/fma323281,1
699,http://snomed.info/id/54714005,http://purl.org/sig/ont/fma/fma323281,1
700,http://snomed.info/id/2686008,http://purl.org/sig/ont/fma/fma83874,1
701,http://snomed.info/id/34380004,http://purl.org/sig/ont/fma/fma274528,1
702,http://snomed.info/id/87463005,http://purl.org/sig/ont/fma/fma83865,1
703,http://snomed.info/id/62872008,http://purl.org/sig/ont/fma/fma83930,1
704,http://snomed.info/id/88017005,http://purl.org/sig/ont/fma/fma61851,1
705,http://snomed.info/id/26356007,http://purl.org/sig/ont/fma/fma61851,1
706,http://snomed.info/id/31476009,http://purl.org/sig/ont/fma/fma61851,1
707,http://snomed.info/id/53351006,http://purl.org/sig/ont/fma/fma67951,1
708,http://snomed.info/id/74334008,http://purl.org/sig/ont/fma/fma67951,1
709,http://snomed.info/id/85637007,http://purl.org/sig/ont/fma/fma62466,1
710,http://snomed.info/id/3003007,http://purl.org/sig/ont/fma/fma61951,1
711,http://snomed.info/id/47170004,http://purl.org/sig/ont/fma/fma61951,1
712,http://snomed.info/id/54728004,http://purl.org/sig/ont/fma/fma61951,1
713,http://snomed.info/id/279300007,http://purl.org/sig/ont/fma/fma62466,1
714,http://snomed.info/id/113303003,http://purl.org/sig/ont/fma/fma83840,1
715,http://snomed.info/id/64214009,http://purl.org/sig/ont/fma/fma256693,1
716,http://snomed.info/id/78066001,http://purl.org/sig/ont/fma/fma258760,1
717,http://snomed.info/id/369191008,http://purl.org/sig/ont/fma/fma75735,1
718,http://snomed.info/id/369191008,http://purl.org/sig/ont/fma/fma258760,1
719,http://snomed.info/id/369188008,http://purl.org/sig/ont/fma/fma62451,1
720,http://snomed.info/id/81015007,http://purl.org/sig/ont/fma/fma83844,1
721,http://snomed.info/id/41140001,http://purl.org/sig/ont/fma/fma83844,1
722,http://snomed.info/id/16769007,http://purl.org/sig/ont/fma/fma272306,1
723,http://snomed.info/id/42981008,http://purl.org/sig/ont/fma/fma62444,1
724,http://snomed.info/id/56198003,http://purl.org/sig/ont/fma/fma83153,1
725,http://snomed.info/id/17879008,http://purl.org/sig/ont/fma/fma74866,1
726,http://snomed.info/id/6866008,http://purl.org/sig/ont/fma/fma62445,1
727,http://snomed.info/id/81230007,http://purl.org/sig/ont/fma/fma83848,1
728,http://snomed.info/id/81871008,http://purl.org/sig/ont/fma/fma83906,1
729,http://snomed.info/id/72719000,http://purl.org/sig/ont/fma/fma83906,1
730,http://snomed.info/id/25949000,http://purl.org/sig/ont/fma/fma258768,1
731,http://snomed.info/id/24377007,http://purl.org/sig/ont/fma/fma83936,1
732,http://snomed.info/id/61122006,http://purl.org/sig/ont/fma/fma75735,1
733,http://snomed.info/id/61122006,http://purl.org/sig/ont/fma/fma83858,1
734,http://snomed.info/id/21631006,http://purl.org/sig/ont/fma/fma83858,1
735,http://snomed.info/id/28390009,http://purl.org/sig/ont/fma/fma83844,1
736,http://snomed.info/id/61577006,http://purl.org/sig/ont/fma/fma83858,1
737,http://snomed.info/id/86136007,http://purl.org/sig/ont/fma/fma83676,1
738,http://snomed.info/id/74214005,http://purl.org/sig/ont/fma/fma83848,1
739,http://snomed.info/id/83142001,http://purl.org/sig/ont/fma/fma83848,1
740,http://snomed.info/id/20800006,http://purl.org/sig/ont/fma/fma83848,1
741,http://snomed.info/id/68465007,http://purl.org/sig/ont/fma/fma83465,1
742,http://snomed.info/id/52894002,http://purl.org/sig/ont/fma/fma83848,1
743,http://snomed.info/id/33060004,http://purl.org/sig/ont/fma/fma83929,1
744,http://snomed.info/id/89649002,http://purl.org/sig/ont/fma/fma278629,1
745,http://snomed.info/id/66171000,http://purl.org/sig/ont/fma/fma272300,1
746,http://snomed.info/id/28587004,http://purl.org/sig/ont/fma/fma256150,1
747,http://snomed.info/id/46564005,http://purl.org/sig/ont/fma/fma242392,1
748,http://snomed.info/id/28949004,http://purl.org/sig/ont/fma/fma242392,1
749,http://snomed.info/id/53762009,http://purl.org/sig/ont/fma/fma242392,1
750,http://snomed.info/id/62542008,http://purl.org/sig/ont/fma/fma83871,1
751,http://snomed.info/id/11089000,http://purl.org/sig/ont/fma/fma272298,1
752,http://snomed.info/id/33723005,http://purl.org/sig/ont/fma/fma272298,1
753,http://snomed.info/id/67701001,http://purl.org/sig/ont/fma/fma272298,1
754,http://snomed.info/id/110687007,http://purl.org/sig/ont/fma/fma83465,1
755,http://snomed.info/id/47640005,http://purl.org/sig/ont/fma/fma258772,1
756,http://snomed.info/id/71662007,http://purl.org/sig/ont/fma/fma258772,1
757,http://snomed.info/id/369073000,http://purl.org/sig/ont/fma/fma258772,1
758,http://snomed.info/id/75089005,http://purl.org/sig/ont/fma/fma258772,1
759,http://snomed.info/id/2083001,http://purl.org/sig/ont/fma/fma54501,1
760,http://snomed.info/id/52884007,http://purl.org/sig/ont/fma/fma54585,1
761,http://snomed.info/id/461002,http://purl.org/sig/ont/fma/fma265592,1
762,http://snomed.info/id/37181003,http://purl.org/sig/ont/fma/fma83847,1
763,http://snomed.info/id/37181003,http://purl.org/sig/ont/fma/fma265592,1
764,http://snomed.info/id/3315000,http://purl.org/sig/ont/fma/fma83848,1
765,http://snomed.info/id/53238003,http://purl.org/sig/ont/fma/fma5913,1
766,http://snomed.info/id/31976003,http://purl.org/sig/ont/fma/fma54501,1
767,http://snomed.info/id/31456003,http://purl.org/sig/ont/fma/fma54501,1
768,http://snomed.info/id/17661006,http://purl.org/sig/ont/fma/fma54501,1
769,http://snomed.info/id/78293005,http://purl.org/sig/ont/fma/fma7146,1
770,http://snomed.info/id/41648007,http://purl.org/sig/ont/fma/fma256381,1
771,http://snomed.info/id/41648007,http://purl.org/sig/ont/fma/fma83840,1
772,http://snomed.info/id/49792003,http://purl.org/sig/ont/fma/fma63819,1
773,http://snomed.info/id/49792003,http://purl.org/sig/ont/fma/fma53224,1
774,http://snomed.info/id/280235006,http://purl.org/sig/ont/fma/fma63819,1
775,http://snomed.info/id/280235006,http://purl.org/sig/ont/fma/fma52727,1
776,http://snomed.info/id/3960005,http://purl.org/sig/ont/fma/fma83848,1
777,http://snomed.info/id/3960005,http://purl.org/sig/ont/fma/fma75735,1
778,http://snomed.info/id/51204001,http://purl.org/sig/ont/fma/fma317194,1
779,http://snomed.info/id/45631007,http://purl.org/sig/ont/fma/fma70345,1
780,http://snomed.info/id/44984001,http://purl.org/sig/ont/fma/fma70345,1
781,http://snomed.info/id/32062004,http://purl.org/sig/ont/fma/fma66464,1
782,http://snomed.info/id/33795007,http://purl.org/sig/ont/fma/fma66464,1
783,http://snomed.info/id/42258001,http://purl.org/sig/ont/fma/fma66464,1
784,http://snomed.info/id/3937002,http://purl.org/sig/ont/fma/fma323931,1
785,http://snomed.info/id/34380004,http://purl.org/sig/ont/fma/fma277772,1
786,http://snomed.info/id/422867004,http://purl.org/sig/ont/fma/fma277770,1
787,http://snomed.info/id/74548007,http://purl.org/sig/ont/fma/fma274528,1
788,http://snomed.info/id/74548007,http://purl.org/sig/ont/fma/fma277772,1
789,http://snomed.info/id/110684000,http://purl.org/sig/ont/fma/fma83840,1
790,http://snomed.info/id/7378008,http://purl.org/sig/ont/fma/fma83840,1
791,http://snomed.info/id/425243006,http://purl.org/sig/ont/fma/fma83840,1
792,http://snomed.info/id/3295003,http://purl.org/sig/ont/fma/fma83840,1
793,http://snomed.info/id/279131008,http://purl.org/sig/ont/fma/fma83840,1
794,http://snomed.info/id/279146001,http://purl.org/sig/ont/fma/fma62201,1
795,http://snomed.info/id/4775000,http://purl.org/sig/ont/fma/fma256693,1
796,http://snomed.info/id/425308008,http://purl.org/sig/ont/fma/fma256693,1
797,http://snomed.info/id/8024004,http://purl.org/sig/ont/fma/fma83840,1
798,http://snomed.info/id/425175001,http://purl.org/sig/ont/fma/fma83840,1
799,http://snomed.info/id/279151007,http://purl.org/sig/ont/fma/fma83840,1
800,http://snomed.info/id/79783006,http://purl.org/sig/ont/fma/fma83840,1
801,http://snomed.info/id/23718002,http://purl.org/sig/ont/fma/fma83840,1
802,http://snomed.info/id/49243008,http://purl.org/sig/ont/fma/fma83840,1
803,http://snomed.info/id/52187002,http://purl.org/sig/ont/fma/fma272306,1
804,http://snomed.info/id/56746008,http://purl.org/sig/ont/fma/fma83857,1
805,http://snomed.info/id/12850009,http://purl.org/sig/ont/fma/fma83857,1
806,http://snomed.info/id/361568001,http://purl.org/sig/ont/fma/fma83676,1
807,http://snomed.info/id/360477003,http://purl.org/sig/ont/fma/fma72246,1
808,http://snomed.info/id/280175006,http://purl.org/sig/ont/fma/fma54602,1
809,http://snomed.info/id/61538008,http://purl.org/sig/ont/fma/fma84059,1
810,http://snomed.info/id/61538008,http://purl.org/sig/ont/fma/fma83840,1
811,http://snomed.info/id/28144008,http://purl.org/sig/ont/fma/fma83847,1
812,http://snomed.info/id/127959004,http://purl.org/sig/ont/fma/fma83848,1
813,http://snomed.info/id/70762009,http://purl.org/sig/ont/fma/fma12165,1
814,http://snomed.info/id/43081002,http://purl.org/sig/ont/fma/fma269271,1
815,http://snomed.info/id/86381001,http://purl.org/sig/ont/fma/fma269271,1
816,http://snomed.info/id/41801008,http://purl.org/sig/ont/fma/fma66464,1
817,http://snomed.info/id/78904004,http://purl.org/sig/ont/fma/fma64989,1
818,http://snomed.info/id/78904004,http://purl.org/sig/ont/fma/fma20358,1
819,http://snomed.info/id/47881004,http://purl.org/sig/ont/fma/fma5910,1
820,http://snomed.info/id/72343000,http://purl.org/sig/ont/fma/fma6228,1
821,http://snomed.info/id/16676009,http://purl.org/sig/ont/fma/fma65230,1
822,http://snomed.info/id/62397004,http://purl.org/sig/ont/fma/fma65230,1
823,http://snomed.info/id/41421000,http://purl.org/sig/ont/fma/fma85595,1
824,http://snomed.info/id/181381004,http://purl.org/sig/ont/fma/fma50804,1
825,http://snomed.info/id/10927008,http://purl.org/sig/ont/fma/fma54964,1
826,http://snomed.info/id/25938006,http://purl.org/sig/ont/fma/fma29733,1
827,http://snomed.info/id/53608003,http://purl.org/sig/ont/fma/fma29733,1
828,http://snomed.info/id/31243008,http://purl.org/sig/ont/fma/fma20278,1
829,http://snomed.info/id/16014003,http://purl.org/sig/ont/fma/fma71856,1
830,http://snomed.info/id/39352004,http://purl.org/sig/ont/fma/fma302986,1
831,http://snomed.info/id/32551008,http://purl.org/sig/ont/fma/fma302986,1
832,http://snomed.info/id/12461007,http://purl.org/sig/ont/fma/fma64989,1
833,http://snomed.info/id/87770006,http://purl.org/sig/ont/fma/fma64989,1
834,http://snomed.info/id/53520000,http://purl.org/sig/ont/fma/fma63819,1
835,http://snomed.info/id/84959000,http://purl.org/sig/ont/fma/fma6470,1
836,http://snomed.info/id/17051003,http://purl.org/sig/ont/fma/fma70773,1
837,http://snomed.info/id/17051003,http://purl.org/sig/ont/fma/fma13422,1
838,http://snomed.info/id/71310002,http://purl.org/sig/ont/fma/fma44058,1
839,http://snomed.info/id/41933003,http://purl.org/sig/ont/fma/fma31892,1
840,http://snomed.info/id/48259001,http://purl.org/sig/ont/fma/fma31892,1
841,http://snomed.info/id/18033002,http://purl.org/sig/ont/fma/fma44580,1
842,http://snomed.info/id/1627004,http://purl.org/sig/ont/fma/fma44580,1
843,http://snomed.info/id/15263002,http://purl.org/sig/ont/fma/fma49523,1
844,http://snomed.info/id/49094006,http://purl.org/sig/ont/fma/fma63194,1
845,http://snomed.info/id/4360006,http://purl.org/sig/ont/fma/fma69056,1
846,http://snomed.info/id/76455009,http://purl.org/sig/ont/fma/fma63173,1
847,http://snomed.info/id/63761000,http://purl.org/sig/ont/fma/fma3731,1
848,http://snomed.info/id/33416008,http://purl.org/sig/ont/fma/fma64989,1
849,http://snomed.info/id/58344004,http://purl.org/sig/ont/fma/fma70946,1
850,http://snomed.info/id/31050000,http://purl.org/sig/ont/fma/fma70644,1
851,http://snomed.info/id/5427004,http://purl.org/sig/ont/fma/fma70644,1
852,http://snomed.info/id/37111008,http://purl.org/sig/ont/fma/fma70715,1
853,http://snomed.info/id/90749001,http://purl.org/sig/ont/fma/fma70721,1
854,http://snomed.info/id/73653000,http://purl.org/sig/ont/fma/fma70715,1
855,http://snomed.info/id/58353006,http://purl.org/sig/ont/fma/fma70715,1
856,http://snomed.info/id/6359004,http://purl.org/sig/ont/fma/fma70715,1
857,http://snomed.info/id/67290009,http://purl.org/sig/ont/fma/fma70593,1
858,http://snomed.info/id/78722006,http://purl.org/sig/ont/fma/fma70721,1
859,http://snomed.info/id/59002009,http://purl.org/sig/ont/fma/fma70720,1
860,http://snomed.info/id/1840006,http://purl.org/sig/ont/fma/fma14070,1
861,http://snomed.info/id/86793008,http://purl.org/sig/ont/fma/fma322868,1
862,http://snomed.info/id/62961004,http://purl.org/sig/ont/fma/fma54241,1
863,http://snomed.info/id/368911001,http://purl.org/sig/ont/fma/fma70668,1
864,http://snomed.info/id/367576007,http://purl.org/sig/ont/fma/fma70741,1
865,http://snomed.info/id/368912008,http://purl.org/sig/ont/fma/fma70741,1
866,http://snomed.info/id/17167006,http://purl.org/sig/ont/fma/fma322868,1
867,http://snomed.info/id/75703003,http://purl.org/sig/ont/fma/fma54251,1
868,http://snomed.info/id/75703003,http://purl.org/sig/ont/fma/fma70752,1
869,http://snomed.info/id/36724005,http://purl.org/sig/ont/fma/fma322868,1
870,http://snomed.info/id/78954005,http://purl.org/sig/ont/fma/fma322868,1
871,http://snomed.info/id/57559008,http://purl.org/sig/ont/fma/fma322868,1
872,http://snomed.info/id/75776007,http://purl.org/sig/ont/fma/fma70752,1
873,http://snomed.info/id/66333004,http://purl.org/sig/ont/fma/fma60120,1
874,http://snomed.info/id/89699003,http://purl.org/sig/ont/fma/fma53666,1
875,http://snomed.info/id/770831006,http://purl.org/sig/ont/fma/fma54327,1
876,http://snomed.info/id/770832004,http://purl.org/sig/ont/fma/fma54327,1
877,http://snomed.info/id/770833009,http://purl.org/sig/ont/fma/fma54327,1
878,http://snomed.info/id/770834003,http://purl.org/sig/ont/fma/fma54327,1
879,http://snomed.info/id/770835002,http://purl.org/sig/ont/fma/fma54327,1
880,http://snomed.info/id/770843007,http://purl.org/sig/ont/fma/fma54328,1
881,http://snomed.info/id/770844001,http://purl.org/sig/ont/fma/fma54328,1
882,http://snomed.info/id/68698007,http://purl.org/sig/ont/fma/fma63881,1
883,http://snomed.info/id/61719002,http://purl.org/sig/ont/fma/fma59345,1
884,http://snomed.info/id/181486008,http://purl.org/sig/ont/fma/fma59345,1
885,http://snomed.info/id/79951008,http://purl.org/sig/ont/fma/fma59345,1
886,http://snomed.info/id/73897004,http://purl.org/sig/ont/fma/fma24756,1
887,http://snomed.info/id/36141000,http://purl.org/sig/ont/fma/fma59349,1
888,http://snomed.info/id/17018007,http://purl.org/sig/ont/fma/fma322487,1
889,http://snomed.info/id/51360009,http://purl.org/sig/ont/fma/fma59349,1
890,http://snomed.info/id/19701007,http://purl.org/sig/ont/fma/fma322487,1
891,http://snomed.info/id/27887005,http://purl.org/sig/ont/fma/fma322531,1
892,http://snomed.info/id/37671003,http://purl.org/sig/ont/fma/fma322531,1
893,http://snomed.info/id/113179006,http://purl.org/sig/ont/fma/fma59349,1
894,http://snomed.info/id/245501006,http://purl.org/sig/ont/fma/fma59349,1
895,http://snomed.info/id/37108007,http://purl.org/sig/ont/fma/fma59349,1
896,http://snomed.info/id/79283007,http://purl.org/sig/ont/fma/fma59530,1
897,http://snomed.info/id/40021003,http://purl.org/sig/ont/fma/fma59530,1
898,http://snomed.info/id/88089004,http://purl.org/sig/ont/fma/fma59355,1
899,http://snomed.info/id/84365009,http://purl.org/sig/ont/fma/fma59373,1
900,http://snomed.info/id/23747009,http://purl.org/sig/ont/fma/fma59355,1
901,http://snomed.info/id/51215006,http://purl.org/sig/ont/fma/fma59355,1
902,http://snomed.info/id/41935005,http://purl.org/sig/ont/fma/fma59355,1
903,http://snomed.info/id/1902009,http://purl.org/sig/ont/fma/fma63885,1
904,http://snomed.info/id/44737009,http://purl.org/sig/ont/fma/fma61314,1
905,http://snomed.info/id/79313003,http://purl.org/sig/ont/fma/fma0326016,1
906,http://snomed.info/id/25987008,http://purl.org/sig/ont/fma/fma322486,1
907,http://snomed.info/id/89342002,http://purl.org/sig/ont/fma/fma322486,1
908,http://snomed.info/id/33294007,http://purl.org/sig/ont/fma/fma61314,1
909,http://snomed.info/id/26461005,http://purl.org/sig/ont/fma/fma61314,1
910,http://snomed.info/id/20166000,http://purl.org/sig/ont/fma/fma61314,1
911,http://snomed.info/id/79502000,http://purl.org/sig/ont/fma/fma61314,1
912,http://snomed.info/id/45591000,http://purl.org/sig/ont/fma/fma61314,1
913,http://snomed.info/id/38407007,http://purl.org/sig/ont/fma/fma61314,1
914,http://snomed.info/id/57726007,http://purl.org/sig/ont/fma/fma322486,1
915,http://snomed.info/id/86409001,http://purl.org/sig/ont/fma/fma61314,1
916,http://snomed.info/id/17697002,http://purl.org/sig/ont/fma/fma23022,1
917,http://snomed.info/id/11584001,http://purl.org/sig/ont/fma/fma23022,1
918,http://snomed.info/id/4658004,http://purl.org/sig/ont/fma/fma23022,1
919,http://snomed.info/id/54440003,http://purl.org/sig/ont/fma/fma23093,1
920,http://snomed.info/id/58403004,http://purl.org/sig/ont/fma/fma23093,1
921,http://snomed.info/id/76552005,http://purl.org/sig/ont/fma/fma37753,1
922,http://snomed.info/id/76261009,http://purl.org/sig/ont/fma/fma301685,1
923,http://snomed.info/id/54468004,http://purl.org/sig/ont/fma/fma61418,1
924,http://snomed.info/id/72005009,http://purl.org/sig/ont/fma/fma61418,1
925,http://snomed.info/id/66643007,http://purl.org/sig/ont/fma/fma269271,1
926,http://snomed.info/id/49812005,http://purl.org/sig/ont/fma/fma45281,1
927,http://snomed.info/id/22180002,http://purl.org/sig/ont/fma/fma45281,1
928,http://snomed.info/id/75093004,http://purl.org/sig/ont/fma/fma322354,1
929,http://snomed.info/id/75093004,http://purl.org/sig/ont/fma/fma258970,1
930,http://snomed.info/id/315003,http://purl.org/sig/ont/fma/fma23000,1
931,http://snomed.info/id/13408007,http://purl.org/sig/ont/fma/fma23093,1
932,http://snomed.info/id/48014002,http://purl.org/sig/ont/fma/fma23093,1
933,http://snomed.info/id/82654007,http://purl.org/sig/ont/fma/fma258970,1
934,http://snomed.info/id/82654007,http://purl.org/sig/ont/fma/fma259173,1
935,http://snomed.info/id/59112000,http://purl.org/sig/ont/fma/fma78531,1
936,http://snomed.info/id/128252004,http://purl.org/sig/ont/fma/fma269302,1
937,http://snomed.info/id/73058008,http://purl.org/sig/ont/fma/fma269302,1
938,http://snomed.info/id/128253009,http://purl.org/sig/ont/fma/fma269302,1
939,http://snomed.info/id/91030001,http://purl.org/sig/ont/fma/fma322264,1
940,http://snomed.info/id/19245008,http://purl.org/sig/ont/fma/fma322264,1
941,http://snomed.info/id/29353003,http://purl.org/sig/ont/fma/fma269302,1
942,http://snomed.info/id/65469002,http://purl.org/sig/ont/fma/fma23014,1
943,http://snomed.info/id/76723005,http://purl.org/sig/ont/fma/fma23014,1
944,http://snomed.info/id/2484000,http://purl.org/sig/ont/fma/fma322264,1
945,http://snomed.info/id/35900000,http://purl.org/sig/ont/fma/fma269300,1
946,http://snomed.info/id/74742006,http://purl.org/sig/ont/fma/fma23012,1
947,http://snomed.info/id/81992007,http://purl.org/sig/ont/fma/fma269300,1
948,http://snomed.info/id/371311000,http://purl.org/sig/ont/fma/fma74663,1
949,http://snomed.info/id/371311000,http://purl.org/sig/ont/fma/fma23100,1
950,http://snomed.info/id/371309009,http://purl.org/sig/ont/fma/fma37750,1
951,http://snomed.info/id/74757004,http://purl.org/sig/ont/fma/fma37750,1
952,http://snomed.info/id/5742000,http://purl.org/sig/ont/fma/fma37750,1
953,http://snomed.info/id/24785000,http://purl.org/sig/ont/fma/fma37750,1
954,http://snomed.info/id/33712006,http://purl.org/sig/ont/fma/fma37750,1
955,http://snomed.info/id/21548009,http://purl.org/sig/ont/fma/fma322225,1
956,http://snomed.info/id/70887009,http://purl.org/sig/ont/fma/fma322225,1
957,http://snomed.info/id/56213003,http://purl.org/sig/ont/fma/fma322225,1
958,http://snomed.info/id/371305003,http://purl.org/sig/ont/fma/fma37758,1
959,http://snomed.info/id/61248009,http://purl.org/sig/ont/fma/fma322273,1
960,http://snomed.info/id/4578000,http://purl.org/sig/ont/fma/fma322273,1
961,http://snomed.info/id/63464009,http://purl.org/sig/ont/fma/fma37758,1
962,http://snomed.info/id/75144006,http://purl.org/sig/ont/fma/fma37758,1
963,http://snomed.info/id/67269001,http://purl.org/sig/ont/fma/fma37758,1
964,http://snomed.info/id/60496002,http://purl.org/sig/ont/fma/fma37758,1
965,http://snomed.info/id/22266000,http://purl.org/sig/ont/fma/fma322227,1
966,http://snomed.info/id/37136002,http://purl.org/sig/ont/fma/fma322227,1
967,http://snomed.info/id/52034004,http://purl.org/sig/ont/fma/fma322227,1
968,http://snomed.info/id/42972002,http://purl.org/sig/ont/fma/fma259149,1
969,http://snomed.info/id/113186003,http://purl.org/sig/ont/fma/fma259149,1
970,http://snomed.info/id/73056007,http://purl.org/sig/ont/fma/fma57983,1
971,http://snomed.info/id/73056007,http://purl.org/sig/ont/fma/fma286452,1
972,http://snomed.info/id/80248007,http://purl.org/sig/ont/fma/fma57983,1
973,http://snomed.info/id/80248007,http://purl.org/sig/ont/fma/fma286452,1
974,http://snomed.info/id/22044004,http://purl.org/sig/ont/fma/fma3729,1
975,http://snomed.info/id/29745008,http://purl.org/sig/ont/fma/fma62112,1
976,http://snomed.info/id/38412008,http://purl.org/sig/ont/fma/fma64989,1
977,http://snomed.info/id/64633006,http://purl.org/sig/ont/fma/fma86193,1
978,http://snomed.info/id/68219007,http://purl.org/sig/ont/fma/fma78562,1
979,http://snomed.info/id/68219007,http://purl.org/sig/ont/fma/fma55662,1
980,http://snomed.info/id/68219007,http://purl.org/sig/ont/fma/fma78559,1
981,http://snomed.info/id/79802009,http://purl.org/sig/ont/fma/fma45737,1
982,http://snomed.info/id/58487000,http://purl.org/sig/ont/fma/fma7646,1
983,http://snomed.info/id/58487000,http://purl.org/sig/ont/fma/fma70773,1
984,http://snomed.info/id/6834003,http://purl.org/sig/ont/fma/fma23879,1
985,http://snomed.info/id/38781007,http://purl.org/sig/ont/fma/fma23879,1
986,http://snomed.info/id/65000005,http://purl.org/sig/ont/fma/fma10483,1
987,http://snomed.info/id/33251002,http://purl.org/sig/ont/fma/fma85563,1
988,http://snomed.info/id/70687006,http://purl.org/sig/ont/fma/fma242873,1
989,http://snomed.info/id/35925009,http://purl.org/sig/ont/fma/fma24008,1
990,http://snomed.info/id/28641004,http://purl.org/sig/ont/fma/fma7474,1
991,http://snomed.info/id/35665005,http://purl.org/sig/ont/fma/fma53165,1
992,http://snomed.info/id/18422009,http://purl.org/sig/ont/fma/fma52847,1
993,http://snomed.info/id/27919003,http://purl.org/sig/ont/fma/fma52847,1
994,http://snomed.info/id/51136003,http://purl.org/sig/ont/fma/fma52847,1
995,http://snomed.info/id/70707000,http://purl.org/sig/ont/fma/fma53131,1
996,http://snomed.info/id/67570004,http://purl.org/sig/ont/fma/fma52847,1
997,http://snomed.info/id/32181009,http://purl.org/sig/ont/fma/fma52847,1
998,http://snomed.info/id/53033004,http://purl.org/sig/ont/fma/fma57068,1
999,http://snomed.info/id/91664003,http://purl.org/sig/ont/fma/fma52870,1
1000,http://snomed.info/id/28479003,http://purl.org/sig/ont/fma/fma52870,1
1001,http://snomed.info/id/84371003,http://purl.org/sig/ont/fma/fma53165,1
1002,http://snomed.info/id/113194005,http://purl.org/sig/ont/fma/fma7476,1
1003,http://snomed.info/id/38715006,http://purl.org/sig/ont/fma/fma52857,1
1004,http://snomed.info/id/64312005,http://purl.org/sig/ont/fma/fma10483,1
1005,http://snomed.info/id/40460005,http://purl.org/sig/ont/fma/fma80358,1
1006,http://snomed.info/id/52206001,http://purl.org/sig/ont/fma/fma52857,1
1007,http://snomed.info/id/4430002,http://purl.org/sig/ont/fma/fma52866,1
1008,http://snomed.info/id/89953002,http://purl.org/sig/ont/fma/fma52866,1
1009,http://snomed.info/id/37724000,http://purl.org/sig/ont/fma/fma52866,1
1010,http://snomed.info/id/68751009,http://purl.org/sig/ont/fma/fma52866,1
1011,http://snomed.info/id/8854008,http://purl.org/sig/ont/fma/fma52889,1
1012,http://snomed.info/id/41828003,http://purl.org/sig/ont/fma/fma52889,1
1013,http://snomed.info/id/6229007,http://purl.org/sig/ont/fma/fma7477,1
1014,http://snomed.info/id/51283005,http://purl.org/sig/ont/fma/fma7477,1
1015,http://snomed.info/id/51283005,http://purl.org/sig/ont/fma/fma272821,1
1016,http://snomed.info/id/23083006,http://purl.org/sig/ont/fma/fma52898,1
1017,http://snomed.info/id/28346004,http://purl.org/sig/ont/fma/fma52898,1
1018,http://snomed.info/id/47480008,http://purl.org/sig/ont/fma/fma52845,1
1019,http://snomed.info/id/62380005,http://purl.org/sig/ont/fma/fma52845,1
1020,http://snomed.info/id/23224007,http://purl.org/sig/ont/fma/fma284637,1
1021,http://snomed.info/id/63231007,http://purl.org/sig/ont/fma/fma284637,1
1022,http://snomed.info/id/288541004,http://purl.org/sig/ont/fma/fma65073,1
1023,http://snomed.info/id/415636008,http://purl.org/sig/ont/fma/fma65073,1
1024,http://snomed.info/id/52982007,http://purl.org/sig/ont/fma/fma57771,1
1025,http://snomed.info/id/52982007,http://purl.org/sig/ont/fma/fma313923,1
1026,http://snomed.info/id/41151001,http://purl.org/sig/ont/fma/fma284639,1
1027,http://snomed.info/id/11048003,http://purl.org/sig/ont/fma/fma52826,1
1028,http://snomed.info/id/37728002,http://purl.org/sig/ont/fma/fma313923,1
1029,http://snomed.info/id/37728002,http://purl.org/sig/ont/fma/fma59425,1
1030,http://snomed.info/id/23938008,http://purl.org/sig/ont/fma/fma52826,1
1031,http://snomed.info/id/51354009,http://purl.org/sig/ont/fma/fma318957,1
1032,http://snomed.info/id/49200000,http://purl.org/sig/ont/fma/fma318957,1
1033,http://snomed.info/id/124002,http://purl.org/sig/ont/fma/fma59469,1
1034,http://snomed.info/id/288546009,http://purl.org/sig/ont/fma/fma59425,1
1035,http://snomed.info/id/414650007,http://purl.org/sig/ont/fma/fma59425,1
1036,http://snomed.info/id/415635007,http://purl.org/sig/ont/fma/fma59425,1
1037,http://snomed.info/id/61763006,http://purl.org/sig/ont/fma/fma59494,1
1038,http://snomed.info/id/81298002,http://purl.org/sig/ont/fma/fma59494,1
1039,http://snomed.info/id/77684002,http://purl.org/sig/ont/fma/fma59494,1
1040,http://snomed.info/id/60413009,http://purl.org/sig/ont/fma/fma302079,1
1041,http://snomed.info/id/52509009,http://purl.org/sig/ont/fma/fma12215,1
1042,http://snomed.info/id/44612009,http://purl.org/sig/ont/fma/fma66125,1
1043,http://snomed.info/id/47057005,http://purl.org/sig/ont/fma/fma7591,1
1044,http://snomed.info/id/66823003,http://purl.org/sig/ont/fma/fma7591,1
1045,http://snomed.info/id/113196007,http://purl.org/sig/ont/fma/fma7591,1
1046,http://snomed.info/id/19292007,http://purl.org/sig/ont/fma/fma7591,1
1047,http://snomed.info/id/28764009,http://purl.org/sig/ont/fma/fma7591,1
1048,http://snomed.info/id/67327003,http://purl.org/sig/ont/fma/fma7591,1
1049,http://snomed.info/id/5574005,http://purl.org/sig/ont/fma/fma7591,1
1050,http://snomed.info/id/40420009,http://purl.org/sig/ont/fma/fma7591,1
1051,http://snomed.info/id/54306002,http://purl.org/sig/ont/fma/fma7591,1
1052,http://snomed.info/id/90946004,http://purl.org/sig/ont/fma/fma7591,1
1053,http://snomed.info/id/47570007,http://purl.org/sig/ont/fma/fma7591,1
1054,http://snomed.info/id/66785004,http://purl.org/sig/ont/fma/fma7591,1
1055,http://snomed.info/id/12872006,http://purl.org/sig/ont/fma/fma12155,1
1056,http://snomed.info/id/27098007,http://purl.org/sig/ont/fma/fma12155,1
1057,http://snomed.info/id/72184008,http://purl.org/sig/ont/fma/fma12155,1
1058,http://snomed.info/id/69585000,http://purl.org/sig/ont/fma/fma66089,1
1059,http://snomed.info/id/69177000,http://purl.org/sig/ont/fma/fma66089,1
1060,http://snomed.info/id/48535007,http://purl.org/sig/ont/fma/fma7596,1
1061,http://snomed.info/id/367905001,http://purl.org/sig/ont/fma/fma323270,1
1062,http://snomed.info/id/367955009,http://purl.org/sig/ont/fma/fma7589,1
1063,http://snomed.info/id/367980009,http://purl.org/sig/ont/fma/fma7577,1
1064,http://snomed.info/id/78247007,http://purl.org/sig/ont/fma/fma7596,1
1065,http://snomed.info/id/367906000,http://purl.org/sig/ont/fma/fma7578,1
1066,http://snomed.info/id/367956005,http://purl.org/sig/ont/fma/fma7589,1
1067,http://snomed.info/id/367981008,http://purl.org/sig/ont/fma/fma7577,1
1068,http://snomed.info/id/25888004,http://purl.org/sig/ont/fma/fma7593,1
1069,http://snomed.info/id/367907009,http://purl.org/sig/ont/fma/fma7578,1
1070,http://snomed.info/id/72665006,http://purl.org/sig/ont/fma/fma7583,1
1071,http://snomed.info/id/367957001,http://purl.org/sig/ont/fma/fma7589,1
1072,http://snomed.info/id/367970005,http://purl.org/sig/ont/fma/fma7588,1
1073,http://snomed.info/id/367982001,http://purl.org/sig/ont/fma/fma7577,1
1074,http://snomed.info/id/25523003,http://purl.org/sig/ont/fma/fma7593,1
1075,http://snomed.info/id/367908004,http://purl.org/sig/ont/fma/fma7578,1
1076,http://snomed.info/id/367958006,http://purl.org/sig/ont/fma/fma7589,1
1077,http://snomed.info/id/367983006,http://purl.org/sig/ont/fma/fma7577,1
1078,http://snomed.info/id/15339008,http://purl.org/sig/ont/fma/fma7593,1
1079,http://snomed.info/id/367909007,http://purl.org/sig/ont/fma/fma7578,1
1080,http://snomed.info/id/367984000,http://purl.org/sig/ont/fma/fma7577,1
1081,http://snomed.info/id/59558009,http://purl.org/sig/ont/fma/fma7593,1
1082,http://snomed.info/id/367910002,http://purl.org/sig/ont/fma/fma7578,1
1083,http://snomed.info/id/367960008,http://purl.org/sig/ont/fma/fma7589,1
1084,http://snomed.info/id/367985004,http://purl.org/sig/ont/fma/fma7577,1
1085,http://snomed.info/id/24915002,http://purl.org/sig/ont/fma/fma7593,1
1086,http://snomed.info/id/367911003,http://purl.org/sig/ont/fma/fma7578,1
1087,http://snomed.info/id/367961007,http://purl.org/sig/ont/fma/fma7589,1
1088,http://snomed.info/id/367986003,http://purl.org/sig/ont/fma/fma7577,1
1089,http://snomed.info/id/5953002,http://purl.org/sig/ont/fma/fma7594,1
1090,http://snomed.info/id/367912005,http://purl.org/sig/ont/fma/fma7578,1
1091,http://snomed.info/id/367962000,http://purl.org/sig/ont/fma/fma7589,1
1092,http://snomed.info/id/367975000,http://purl.org/sig/ont/fma/fma7588,1
1093,http://snomed.info/id/367987007,http://purl.org/sig/ont/fma/fma7577,1
1094,http://snomed.info/id/22565002,http://purl.org/sig/ont/fma/fma7594,1
1095,http://snomed.info/id/367913000,http://purl.org/sig/ont/fma/fma7578,1
1096,http://snomed.info/id/367963005,http://purl.org/sig/ont/fma/fma7589,1
1097,http://snomed.info/id/367976004,http://purl.org/sig/ont/fma/fma7588,1
1098,http://snomed.info/id/367988002,http://purl.org/sig/ont/fma/fma7577,1
1099,http://snomed.info/id/77644006,http://purl.org/sig/ont/fma/fma7594,1
1100,http://snomed.info/id/367964004,http://purl.org/sig/ont/fma/fma7589,1
1101,http://snomed.info/id/367989005,http://purl.org/sig/ont/fma/fma7577,1
1102,http://snomed.info/id/58830002,http://purl.org/sig/ont/fma/fma7595,1
1103,http://snomed.info/id/367965003,http://purl.org/sig/ont/fma/fma7589,1
1104,http://snomed.info/id/367990001,http://purl.org/sig/ont/fma/fma7577,1
1105,http://snomed.info/id/43993008,http://purl.org/sig/ont/fma/fma7595,1
1106,http://snomed.info/id/367991002,http://purl.org/sig/ont/fma/fma7577,1
1107,http://snomed.info/id/40265002,http://purl.org/sig/ont/fma/fma86143,1
1108,http://snomed.info/id/55678000,http://purl.org/sig/ont/fma/fma24530,1
1109,http://snomed.info/id/73400003,http://purl.org/sig/ont/fma/fma24530,1
1110,http://snomed.info/id/89340005,http://purl.org/sig/ont/fma/fma86143,1
1111,http://snomed.info/id/78972004,http://purl.org/sig/ont/fma/fma86143,1
1112,http://snomed.info/id/72871002,http://purl.org/sig/ont/fma/fma11952,1
1113,http://snomed.info/id/317665004,http://purl.org/sig/ont/fma/fma11952,1
1114,http://snomed.info/id/317766009,http://purl.org/sig/ont/fma/fma11952,1
1115,http://snomed.info/id/3572006,http://purl.org/sig/ont/fma/fma85304,1
1116,http://snomed.info/id/62217003,http://purl.org/sig/ont/fma/fma14065,1
1117,http://snomed.info/id/54536005,http://purl.org/sig/ont/fma/fma29733,1
1118,http://snomed.info/id/54536005,http://purl.org/sig/ont/fma/fma14065,1
1119,http://snomed.info/id/20561003,http://purl.org/sig/ont/fma/fma23893,1
1120,http://snomed.info/id/40349000,http://purl.org/sig/ont/fma/fma85304,1
1121,http://snomed.info/id/35475002,http://purl.org/sig/ont/fma/fma23893,1
1122,http://snomed.info/id/69856001,http://purl.org/sig/ont/fma/fma23894,1
1123,http://snomed.info/id/181901007,http://purl.org/sig/ont/fma/fma23970,1
1124,http://snomed.info/id/28172001,http://purl.org/sig/ont/fma/fma23970,1
1125,http://snomed.info/id/32753008,http://purl.org/sig/ont/fma/fma23893,1
1126,http://snomed.info/id/25181008,http://purl.org/sig/ont/fma/fma13458,1
1127,http://snomed.info/id/69722003,http://purl.org/sig/ont/fma/fma23894,1
1128,http://snomed.info/id/31631001,http://purl.org/sig/ont/fma/fma23962,1
1129,http://snomed.info/id/3279003,http://purl.org/sig/ont/fma/fma23961,1
1130,http://snomed.info/id/63660005,http://purl.org/sig/ont/fma/fma321450,1
1131,http://snomed.info/id/21214007,http://purl.org/sig/ont/fma/fma23969,1
1132,http://snomed.info/id/81544000,http://purl.org/sig/ont/fma/fma23970,1
1133,http://snomed.info/id/91116008,http://purl.org/sig/ont/fma/fma13457,1
1134,http://snomed.info/id/58820006,http://purl.org/sig/ont/fma/fma13895,1
1135,http://snomed.info/id/17847004,http://purl.org/sig/ont/fma/fma13554,1
1136,http://snomed.info/id/61278000,http://purl.org/sig/ont/fma/fma13555,1
1137,http://snomed.info/id/22397003,http://purl.org/sig/ont/fma/fma23893,1
1138,http://snomed.info/id/86048008,http://purl.org/sig/ont/fma/fma13458,1
1139,http://snomed.info/id/24287009,http://purl.org/sig/ont/fma/fma23894,1
1140,http://snomed.info/id/87077004,http://purl.org/sig/ont/fma/fma23962,1
1141,http://snomed.info/id/29597003,http://purl.org/sig/ont/fma/fma23961,1
1142,http://snomed.info/id/27403003,http://purl.org/sig/ont/fma/fma321450,1
1143,http://snomed.info/id/11465001,http://purl.org/sig/ont/fma/fma23969,1
1144,http://snomed.info/id/42487002,http://purl.org/sig/ont/fma/fma23970,1
1145,http://snomed.info/id/14705001,http://purl.org/sig/ont/fma/fma13457,1
1146,http://snomed.info/id/49400002,http://purl.org/sig/ont/fma/fma13895,1
1147,http://snomed.info/id/41219008,http://purl.org/sig/ont/fma/fma13554,1
1148,http://snomed.info/id/16897007,http://purl.org/sig/ont/fma/fma13555,1
1149,http://snomed.info/id/15439007,http://purl.org/sig/ont/fma/fma23893,1
1150,http://snomed.info/id/13469002,http://purl.org/sig/ont/fma/fma13458,1
1151,http://snomed.info/id/84248002,http://purl.org/sig/ont/fma/fma23894,1
1152,http://snomed.info/id/70840002,http://purl.org/sig/ont/fma/fma23962,1
1153,http://snomed.info/id/71484001,http://purl.org/sig/ont/fma/fma23961,1
1154,http://snomed.info/id/11532007,http://purl.org/sig/ont/fma/fma321450,1
1155,http://snomed.info/id/90211001,http://purl.org/sig/ont/fma/fma23969,1
1156,http://snomed.info/id/89827006,http://purl.org/sig/ont/fma/fma23970,1
1157,http://snomed.info/id/67479001,http://purl.org/sig/ont/fma/fma13457,1
1158,http://snomed.info/id/73959003,http://purl.org/sig/ont/fma/fma13895,1
1159,http://snomed.info/id/71704004,http://purl.org/sig/ont/fma/fma13554,1
1160,http://snomed.info/id/5611001,http://purl.org/sig/ont/fma/fma13555,1
1161,http://snomed.info/id/113206008,http://purl.org/sig/ont/fma/fma23893,1
1162,http://snomed.info/id/88182006,http://purl.org/sig/ont/fma/fma13458,1
1163,http://snomed.info/id/21183003,http://purl.org/sig/ont/fma/fma23894,1
1164,http://snomed.info/id/88588002,http://purl.org/sig/ont/fma/fma23962,1
1165,http://snomed.info/id/76130007,http://purl.org/sig/ont/fma/fma23961,1
1166,http://snomed.info/id/23626002,http://purl.org/sig/ont/fma/fma321450,1
1167,http://snomed.info/id/51914000,http://purl.org/sig/ont/fma/fma23969,1
1168,http://snomed.info/id/1243003,http://purl.org/sig/ont/fma/fma23970,1
1169,http://snomed.info/id/88298007,http://purl.org/sig/ont/fma/fma13457,1
1170,http://snomed.info/id/75095006,http://purl.org/sig/ont/fma/fma13895,1
1171,http://snomed.info/id/51015002,http://purl.org/sig/ont/fma/fma13554,1
1172,http://snomed.info/id/87391001,http://purl.org/sig/ont/fma/fma9915,1
1173,http://snomed.info/id/15621009,http://purl.org/sig/ont/fma/fma23893,1
1174,http://snomed.info/id/54277008,http://purl.org/sig/ont/fma/fma13458,1
1175,http://snomed.info/id/29283005,http://purl.org/sig/ont/fma/fma23894,1
1176,http://snomed.info/id/85449000,http://purl.org/sig/ont/fma/fma23962,1
1177,http://snomed.info/id/79335006,http://purl.org/sig/ont/fma/fma23961,1
1178,http://snomed.info/id/44755000,http://purl.org/sig/ont/fma/fma321450,1
1179,http://snomed.info/id/5847003,http://purl.org/sig/ont/fma/fma23969,1
1180,http://snomed.info/id/4276000,http://purl.org/sig/ont/fma/fma23970,1
1181,http://snomed.info/id/16126006,http://purl.org/sig/ont/fma/fma13457,1
1182,http://snomed.info/id/37414007,http://purl.org/sig/ont/fma/fma13895,1
1183,http://snomed.info/id/52396005,http://purl.org/sig/ont/fma/fma13554,1
1184,http://snomed.info/id/69988005,http://purl.org/sig/ont/fma/fma13555,1
1185,http://snomed.info/id/22470006,http://purl.org/sig/ont/fma/fma9151,1
1186,http://snomed.info/id/58260002,http://purl.org/sig/ont/fma/fma9149,1
1187,http://snomed.info/id/78260001,http://purl.org/sig/ont/fma/fma9150,1
1188,http://snomed.info/id/39759006,http://purl.org/sig/ont/fma/fma9153,1
1189,http://snomed.info/id/51309008,http://purl.org/sig/ont/fma/fma9152,1
1190,http://snomed.info/id/78394002,http://purl.org/sig/ont/fma/fma321458,1
1191,http://snomed.info/id/75435004,http://purl.org/sig/ont/fma/fma9155,1
1192,http://snomed.info/id/32952009,http://purl.org/sig/ont/fma/fma9156,1
1193,http://snomed.info/id/56094003,http://purl.org/sig/ont/fma/fma9141,1
1194,http://snomed.info/id/40908007,http://purl.org/sig/ont/fma/fma10455,1
1195,http://snomed.info/id/3761003,http://purl.org/sig/ont/fma/fma10456,1
1196,http://snomed.info/id/20843003,http://purl.org/sig/ont/fma/fma10457,1
1197,http://snomed.info/id/32119002,http://purl.org/sig/ont/fma/fma9151,1
1198,http://snomed.info/id/29277007,http://purl.org/sig/ont/fma/fma9149,1
1199,http://snomed.info/id/12446006,http://purl.org/sig/ont/fma/fma9150,1
1200,http://snomed.info/id/88388003,http://purl.org/sig/ont/fma/fma9153,1
1201,http://snomed.info/id/84253007,http://purl.org/sig/ont/fma/fma9152,1
1202,http://snomed.info/id/29138002,http://purl.org/sig/ont/fma/fma321458,1
1203,http://snomed.info/id/24528003,http://purl.org/sig/ont/fma/fma9155,1
1204,http://snomed.info/id/42199004,http://purl.org/sig/ont/fma/fma9156,1
1205,http://snomed.info/id/50060007,http://purl.org/sig/ont/fma/fma9141,1
1206,http://snomed.info/id/6004007,http://purl.org/sig/ont/fma/fma10455,1
1207,http://snomed.info/id/12413000,http://purl.org/sig/ont/fma/fma10456,1
1208,http://snomed.info/id/25568006,http://purl.org/sig/ont/fma/fma10457,1
1209,http://snomed.info/id/31071005,http://purl.org/sig/ont/fma/fma9151,1
1210,http://snomed.info/id/36913000,http://purl.org/sig/ont/fma/fma9149,1
1211,http://snomed.info/id/73881009,http://purl.org/sig/ont/fma/fma9150,1
1212,http://snomed.info/id/7756004,http://purl.org/sig/ont/fma/fma9153,1
1213,http://snomed.info/id/29902008,http://purl.org/sig/ont/fma/fma9152,1
1214,http://snomed.info/id/85989000,http://purl.org/sig/ont/fma/fma321458,1
1215,http://snomed.info/id/15609005,http://purl.org/sig/ont/fma/fma9155,1
1216,http://snomed.info/id/81390007,http://purl.org/sig/ont/fma/fma9156,1
1217,http://snomed.info/id/73138009,http://purl.org/sig/ont/fma/fma9141,1
1218,http://snomed.info/id/2620004,http://purl.org/sig/ont/fma/fma10455,1
1219,http://snomed.info/id/50038009,http://purl.org/sig/ont/fma/fma10456,1
1220,http://snomed.info/id/30018002,http://purl.org/sig/ont/fma/fma10457,1
1221,http://snomed.info/id/44587000,http://purl.org/sig/ont/fma/fma9151,1
1222,http://snomed.info/id/2824005,http://purl.org/sig/ont/fma/fma9149,1
1223,http://snomed.info/id/55606002,http://purl.org/sig/ont/fma/fma9150,1
1224,http://snomed.info/id/1527006,http://purl.org/sig/ont/fma/fma9153,1
1225,http://snomed.info/id/70658005,http://purl.org/sig/ont/fma/fma9152,1
1226,http://snomed.info/id/87201007,http://purl.org/sig/ont/fma/fma321458,1
1227,http://snomed.info/id/85713002,http://purl.org/sig/ont/fma/fma9155,1
1228,http://snomed.info/id/113207004,http://purl.org/sig/ont/fma/fma9156,1
1229,http://snomed.info/id/86197001,http://purl.org/sig/ont/fma/fma9141,1
1230,http://snomed.info/id/82965004,http://purl.org/sig/ont/fma/fma10455,1
1231,http://snomed.info/id/11107004,http://purl.org/sig/ont/fma/fma10456,1
1232,http://snomed.info/id/86580001,http://purl.org/sig/ont/fma/fma10457,1
1233,http://snomed.info/id/54580005,http://purl.org/sig/ont/fma/fma9151,1
1234,http://snomed.info/id/830004,http://purl.org/sig/ont/fma/fma9149,1
1235,http://snomed.info/id/24233003,http://purl.org/sig/ont/fma/fma9150,1
1236,http://snomed.info/id/2205003,http://purl.org/sig/ont/fma/fma9153,1
1237,http://snomed.info/id/66005005,http://purl.org/sig/ont/fma/fma9152,1
1238,http://snomed.info/id/49090002,http://purl.org/sig/ont/fma/fma321458,1
1239,http://snomed.info/id/8165001,http://purl.org/sig/ont/fma/fma9155,1
1240,http://snomed.info/id/71983004,http://purl.org/sig/ont/fma/fma9156,1
1241,http://snomed.info/id/6105006,http://purl.org/sig/ont/fma/fma9141,1
1242,http://snomed.info/id/72692000,http://purl.org/sig/ont/fma/fma10455,1
1243,http://snomed.info/id/76614000,http://purl.org/sig/ont/fma/fma10456,1
1244,http://snomed.info/id/24678008,http://purl.org/sig/ont/fma/fma10457,1
1245,http://snomed.info/id/54611006,http://purl.org/sig/ont/fma/fma9151,1
1246,http://snomed.info/id/26607000,http://purl.org/sig/ont/fma/fma9149,1
1247,http://snomed.info/id/44334004,http://purl.org/sig/ont/fma/fma9150,1
1248,http://snomed.info/id/46410005,http://purl.org/sig/ont/fma/fma9153,1
1249,http://snomed.info/id/21020004,http://purl.org/sig/ont/fma/fma9152,1
1250,http://snomed.info/id/19600001,http://purl.org/sig/ont/fma/fma321458,1
1251,http://snomed.info/id/9994000,http://purl.org/sig/ont/fma/fma9155,1
1252,http://snomed.info/id/65040004,http://purl.org/sig/ont/fma/fma9156,1
1253,http://snomed.info/id/32430008,http://purl.org/sig/ont/fma/fma9141,1
1254,http://snomed.info/id/74401007,http://purl.org/sig/ont/fma/fma10455,1
1255,http://snomed.info/id/57665001,http://purl.org/sig/ont/fma/fma10456,1
1256,http://snomed.info/id/69276004,http://purl.org/sig/ont/fma/fma10457,1
1257,http://snomed.info/id/79223005,http://purl.org/sig/ont/fma/fma9151,1
1258,http://snomed.info/id/84462006,http://purl.org/sig/ont/fma/fma9149,1
1259,http://snomed.info/id/54947005,http://purl.org/sig/ont/fma/fma9150,1
1260,http://snomed.info/id/68418001,http://purl.org/sig/ont/fma/fma9153,1
1261,http://snomed.info/id/49959002,http://purl.org/sig/ont/fma/fma9152,1
1262,http://snomed.info/id/48623003,http://purl.org/sig/ont/fma/fma321458,1
1263,http://snomed.info/id/650002,http://purl.org/sig/ont/fma/fma9155,1
1264,http://snomed.info/id/36157000,http://purl.org/sig/ont/fma/fma9156,1
1265,http://snomed.info/id/71737002,http://purl.org/sig/ont/fma/fma9141,1
1266,http://snomed.info/id/28693002,http://purl.org/sig/ont/fma/fma10455,1
1267,http://snomed.info/id/44285009,http://purl.org/sig/ont/fma/fma10456,1
1268,http://snomed.info/id/65496004,http://purl.org/sig/ont/fma/fma10457,1
1269,http://snomed.info/id/45675006,http://purl.org/sig/ont/fma/fma9151,1
1270,http://snomed.info/id/32839000,http://purl.org/sig/ont/fma/fma9149,1
1271,http://snomed.info/id/33813008,http://purl.org/sig/ont/fma/fma9150,1
1272,http://snomed.info/id/8387002,http://purl.org/sig/ont/fma/fma9153,1
1273,http://snomed.info/id/68899002,http://purl.org/sig/ont/fma/fma9152,1
1274,http://snomed.info/id/35173000,http://purl.org/sig/ont/fma/fma321458,1
1275,http://snomed.info/id/71592008,http://purl.org/sig/ont/fma/fma9155,1
1276,http://snomed.info/id/113208009,http://purl.org/sig/ont/fma/fma9156,1
1277,http://snomed.info/id/77435000,http://purl.org/sig/ont/fma/fma9141,1
1278,http://snomed.info/id/9188009,http://purl.org/sig/ont/fma/fma10455,1
1279,http://snomed.info/id/10036009,http://purl.org/sig/ont/fma/fma10456,1
1280,http://snomed.info/id/22692003,http://purl.org/sig/ont/fma/fma10457,1
1281,http://snomed.info/id/69677001,http://purl.org/sig/ont/fma/fma9151,1
1282,http://snomed.info/id/21240001,http://purl.org/sig/ont/fma/fma9149,1
1283,http://snomed.info/id/77460000,http://purl.org/sig/ont/fma/fma9150,1
1284,http://snomed.info/id/28232001,http://purl.org/sig/ont/fma/fma9153,1
1285,http://snomed.info/id/40343004,http://purl.org/sig/ont/fma/fma9152,1
1286,http://snomed.info/id/58110004,http://purl.org/sig/ont/fma/fma321458,1
1287,http://snomed.info/id/48461008,http://purl.org/sig/ont/fma/fma9155,1
1288,http://snomed.info/id/44091000,http://purl.org/sig/ont/fma/fma9156,1
1289,http://snomed.info/id/33766003,http://purl.org/sig/ont/fma/fma9141,1
1290,http://snomed.info/id/113209001,http://purl.org/sig/ont/fma/fma10455,1
1291,http://snomed.info/id/69789009,http://purl.org/sig/ont/fma/fma10456,1
1292,http://snomed.info/id/40914000,http://purl.org/sig/ont/fma/fma10457,1
1293,http://snomed.info/id/3584008,http://purl.org/sig/ont/fma/fma9151,1
1294,http://snomed.info/id/22051008,http://purl.org/sig/ont/fma/fma9149,1
1295,http://snomed.info/id/45461007,http://purl.org/sig/ont/fma/fma9150,1
1296,http://snomed.info/id/48021002,http://purl.org/sig/ont/fma/fma9153,1
1297,http://snomed.info/id/17549008,http://purl.org/sig/ont/fma/fma9152,1
1298,http://snomed.info/id/78329004,http://purl.org/sig/ont/fma/fma321458,1
1299,http://snomed.info/id/27690001,http://purl.org/sig/ont/fma/fma9155,1
1300,http://snomed.info/id/113210006,http://purl.org/sig/ont/fma/fma9156,1
1301,http://snomed.info/id/48405002,http://purl.org/sig/ont/fma/fma9141,1
1302,http://snomed.info/id/34959001,http://purl.org/sig/ont/fma/fma10455,1
1303,http://snomed.info/id/53335003,http://purl.org/sig/ont/fma/fma10456,1
1304,http://snomed.info/id/10339006,http://purl.org/sig/ont/fma/fma10457,1
1305,http://snomed.info/id/60274006,http://purl.org/sig/ont/fma/fma9151,1
1306,http://snomed.info/id/35483008,http://purl.org/sig/ont/fma/fma9149,1
1307,http://snomed.info/id/73619004,http://purl.org/sig/ont/fma/fma9150,1
1308,http://snomed.info/id/11146002,http://purl.org/sig/ont/fma/fma9153,1
1309,http://snomed.info/id/8820007,http://purl.org/sig/ont/fma/fma9152,1
1310,http://snomed.info/id/74366003,http://purl.org/sig/ont/fma/fma321458,1
1311,http://snomed.info/id/88826009,http://purl.org/sig/ont/fma/fma9155,1
1312,http://snomed.info/id/113211005,http://purl.org/sig/ont/fma/fma9156,1
1313,http://snomed.info/id/52120002,http://purl.org/sig/ont/fma/fma9141,1
1314,http://snomed.info/id/1537001,http://purl.org/sig/ont/fma/fma10455,1
1315,http://snomed.info/id/17686002,http://purl.org/sig/ont/fma/fma10456,1
1316,http://snomed.info/id/79421005,http://purl.org/sig/ont/fma/fma10457,1
1317,http://snomed.info/id/12053005,http://purl.org/sig/ont/fma/fma9151,1
1318,http://snomed.info/id/76031008,http://purl.org/sig/ont/fma/fma9149,1
1319,http://snomed.info/id/70692008,http://purl.org/sig/ont/fma/fma9150,1
1320,http://snomed.info/id/12841007,http://purl.org/sig/ont/fma/fma9153,1
1321,http://snomed.info/id/49901009,http://purl.org/sig/ont/fma/fma9152,1
1322,http://snomed.info/id/5923009,http://purl.org/sig/ont/fma/fma321458,1
1323,http://snomed.info/id/17279002,http://purl.org/sig/ont/fma/fma9155,1
1324,http://snomed.info/id/8523001,http://purl.org/sig/ont/fma/fma9156,1
1325,http://snomed.info/id/33274003,http://purl.org/sig/ont/fma/fma9141,1
1326,http://snomed.info/id/76206002,http://purl.org/sig/ont/fma/fma10455,1
1327,http://snomed.info/id/81482006,http://purl.org/sig/ont/fma/fma10456,1
1328,http://snomed.info/id/23834006,http://purl.org/sig/ont/fma/fma10457,1
1329,http://snomed.info/id/64782003,http://purl.org/sig/ont/fma/fma16076,1
1330,http://snomed.info/id/61506003,http://purl.org/sig/ont/fma/fma16081,1
1331,http://snomed.info/id/17550008,http://purl.org/sig/ont/fma/fma16080,1
1332,http://snomed.info/id/24572000,http://purl.org/sig/ont/fma/fma16079,1
1333,http://snomed.info/id/65253007,http://purl.org/sig/ont/fma/fma16077,1
1334,http://snomed.info/id/48987003,http://purl.org/sig/ont/fma/fma321471,1
1335,http://snomed.info/id/79390004,http://purl.org/sig/ont/fma/fma16126,1
1336,http://snomed.info/id/67177005,http://purl.org/sig/ont/fma/fma16127,1
1337,http://snomed.info/id/61032001,http://purl.org/sig/ont/fma/fma16075,1
1338,http://snomed.info/id/80064006,http://purl.org/sig/ont/fma/fma13894,1
1339,http://snomed.info/id/27802001,http://purl.org/sig/ont/fma/fma16062,1
1340,http://snomed.info/id/45164006,http://purl.org/sig/ont/fma/fma16068,1
1341,http://snomed.info/id/6711001,http://purl.org/sig/ont/fma/fma16076,1
1342,http://snomed.info/id/77268005,http://purl.org/sig/ont/fma/fma16081,1
1343,http://snomed.info/id/89831000,http://purl.org/sig/ont/fma/fma16080,1
1344,http://snomed.info/id/113216000,http://purl.org/sig/ont/fma/fma16079,1
1345,http://snomed.info/id/91129008,http://purl.org/sig/ont/fma/fma16077,1
1346,http://snomed.info/id/33917005,http://purl.org/sig/ont/fma/fma321471,1
1347,http://snomed.info/id/74063004,http://purl.org/sig/ont/fma/fma16126,1
1348,http://snomed.info/id/47576001,http://purl.org/sig/ont/fma/fma16127,1
1349,http://snomed.info/id/53983007,http://purl.org/sig/ont/fma/fma16075,1
1350,http://snomed.info/id/67459009,http://purl.org/sig/ont/fma/fma13894,1
1351,http://snomed.info/id/88390002,http://purl.org/sig/ont/fma/fma16062,1
1352,http://snomed.info/id/12013007,http://purl.org/sig/ont/fma/fma16068,1
1353,http://snomed.info/id/16967000,http://purl.org/sig/ont/fma/fma16076,1
1354,http://snomed.info/id/75346002,http://purl.org/sig/ont/fma/fma16081,1
1355,http://snomed.info/id/18447006,http://purl.org/sig/ont/fma/fma16080,1
1356,http://snomed.info/id/48960002,http://purl.org/sig/ont/fma/fma16079,1
1357,http://snomed.info/id/68179006,http://purl.org/sig/ont/fma/fma16077,1
1358,http://snomed.info/id/5403001,http://purl.org/sig/ont/fma/fma321471,1
1359,http://snomed.info/id/81842007,http://purl.org/sig/ont/fma/fma16126,1
1360,http://snomed.info/id/13255000,http://purl.org/sig/ont/fma/fma16127,1
1361,http://snomed.info/id/55492004,http://purl.org/sig/ont/fma/fma16075,1
1362,http://snomed.info/id/62551000,http://purl.org/sig/ont/fma/fma13894,1
1363,http://snomed.info/id/1562001,http://purl.org/sig/ont/fma/fma16062,1
1364,http://snomed.info/id/26990006,http://purl.org/sig/ont/fma/fma16068,1
1365,http://snomed.info/id/33081004,http://purl.org/sig/ont/fma/fma16076,1
1366,http://snomed.info/id/89172001,http://purl.org/sig/ont/fma/fma16081,1
1367,http://snomed.info/id/22548006,http://purl.org/sig/ont/fma/fma16080,1
1368,http://snomed.info/id/2826007,http://purl.org/sig/ont/fma/fma16079,1
1369,http://snomed.info/id/64691005,http://purl.org/sig/ont/fma/fma16077,1
1370,http://snomed.info/id/37735005,http://purl.org/sig/ont/fma/fma321471,1
1371,http://snomed.info/id/113217009,http://purl.org/sig/ont/fma/fma16126,1
1372,http://snomed.info/id/20600008,http://purl.org/sig/ont/fma/fma16127,1
1373,http://snomed.info/id/71996003,http://purl.org/sig/ont/fma/fma16075,1
1374,http://snomed.info/id/84020006,http://purl.org/sig/ont/fma/fma13894,1
1375,http://snomed.info/id/61038002,http://purl.org/sig/ont/fma/fma16062,1
1376,http://snomed.info/id/83524000,http://purl.org/sig/ont/fma/fma16068,1
1377,http://snomed.info/id/24489005,http://purl.org/sig/ont/fma/fma16076,1
1378,http://snomed.info/id/33301009,http://purl.org/sig/ont/fma/fma16081,1
1379,http://snomed.info/id/44392002,http://purl.org/sig/ont/fma/fma16080,1
1380,http://snomed.info/id/52216009,http://purl.org/sig/ont/fma/fma16079,1
1381,http://snomed.info/id/15849000,http://purl.org/sig/ont/fma/fma16077,1
1382,http://snomed.info/id/80076006,http://purl.org/sig/ont/fma/fma321471,1
1383,http://snomed.info/id/59463005,http://purl.org/sig/ont/fma/fma16126,1
1384,http://snomed.info/id/57374009,http://purl.org/sig/ont/fma/fma16127,1
1385,http://snomed.info/id/21799000,http://purl.org/sig/ont/fma/fma16075,1
1386,http://snomed.info/id/19162006,http://purl.org/sig/ont/fma/fma16062,1
1387,http://snomed.info/id/68896009,http://purl.org/sig/ont/fma/fma16068,1
1388,http://snomed.info/id/65985001,http://purl.org/sig/ont/fma/fma12526,1
1389,http://snomed.info/id/11808007,http://purl.org/sig/ont/fma/fma12526,1
1390,http://snomed.info/id/49967005,http://purl.org/sig/ont/fma/fma12526,1
1391,http://snomed.info/id/69950008,http://purl.org/sig/ont/fma/fma12526,1
1392,http://snomed.info/id/21452006,http://purl.org/sig/ont/fma/fma12526,1
1393,http://snomed.info/id/26359000,http://purl.org/sig/ont/fma/fma86143,1
1394,http://snomed.info/id/67094005,http://purl.org/sig/ont/fma/fma86143,1
1395,http://snomed.info/id/72879000,http://purl.org/sig/ont/fma/fma45734,1
1396,http://snomed.info/id/35485001,http://purl.org/sig/ont/fma/fma75429,1
1397,http://snomed.info/id/18149002,http://purl.org/sig/ont/fma/fma9914,1
1398,http://snomed.info/id/61634004,http://purl.org/sig/ont/fma/fma32448,1
1399,http://snomed.info/id/3838008,http://purl.org/sig/ont/fma/fma9658,1
1400,http://snomed.info/id/8931003,http://purl.org/sig/ont/fma/fma13451,1
1401,http://snomed.info/id/81309001,http://purl.org/sig/ont/fma/fma13451,1
1402,http://snomed.info/id/32885002,http://purl.org/sig/ont/fma/fma37019,1
1403,http://snomed.info/id/63572008,http://purl.org/sig/ont/fma/fma13451,1
1404,http://snomed.info/id/2010005,http://purl.org/sig/ont/fma/fma37010,1
1405,http://snomed.info/id/52900002,http://purl.org/sig/ont/fma/fma13451,1
1406,http://snomed.info/id/13669009,http://purl.org/sig/ont/fma/fma37010,1
1407,http://snomed.info/id/87497003,http://purl.org/sig/ont/fma/fma37010,1
1408,http://snomed.info/id/10864003,http://purl.org/sig/ont/fma/fma37010,1
1409,http://snomed.info/id/12981001,http://purl.org/sig/ont/fma/fma322482,1
1410,http://snomed.info/id/39583001,http://purl.org/sig/ont/fma/fma9658,1
1411,http://snomed.info/id/39583001,http://purl.org/sig/ont/fma/fma82509,1
1412,http://snomed.info/id/20650001,http://purl.org/sig/ont/fma/fma82509,1
1413,http://snomed.info/id/20650001,http://purl.org/sig/ont/fma/fma9658,1
1414,http://snomed.info/id/13871007,http://purl.org/sig/ont/fma/fma9658,1
1415,http://snomed.info/id/13871007,http://purl.org/sig/ont/fma/fma82509,1
1416,http://snomed.info/id/51461009,http://purl.org/sig/ont/fma/fma82509,1
1417,http://snomed.info/id/51461009,http://purl.org/sig/ont/fma/fma9658,1
1418,http://snomed.info/id/8814006,http://purl.org/sig/ont/fma/fma75429,1
1419,http://snomed.info/id/77052008,http://purl.org/sig/ont/fma/fma42824,1
1420,http://snomed.info/id/29850006,http://purl.org/sig/ont/fma/fma63613,1
1421,http://snomed.info/id/692007,http://purl.org/sig/ont/fma/fma17003,1
1422,http://snomed.info/id/59506003,http://purl.org/sig/ont/fma/fma17003,1
1423,http://snomed.info/id/69030007,http://purl.org/sig/ont/fma/fma17003,1
1424,http://snomed.info/id/18074002,http://purl.org/sig/ont/fma/fma82508,1
1425,http://snomed.info/id/32293005,http://purl.org/sig/ont/fma/fma0326299,1
1426,http://snomed.info/id/10417008,http://purl.org/sig/ont/fma/fma0326299,1
1427,http://snomed.info/id/12656001,http://purl.org/sig/ont/fma/fma16986,1
1428,http://snomed.info/id/60615005,http://purl.org/sig/ont/fma/fma82512,1
1429,http://snomed.info/id/79384003,http://purl.org/sig/ont/fma/fma75429,1
1430,http://snomed.info/id/53292004,http://purl.org/sig/ont/fma/fma16986,1
1431,http://snomed.info/id/89591009,http://purl.org/sig/ont/fma/fma16986,1
1432,http://snomed.info/id/113220001,http://purl.org/sig/ont/fma/fma65133,1
1433,http://snomed.info/id/81965001,http://purl.org/sig/ont/fma/fma302062,1
1434,http://snomed.info/id/66388000,http://purl.org/sig/ont/fma/fma45733,1
1435,http://snomed.info/id/58947000,http://purl.org/sig/ont/fma/fma75429,1
1436,http://snomed.info/id/4621004,http://purl.org/sig/ont/fma/fma75429,1
1437,http://snomed.info/id/53978004,http://purl.org/sig/ont/fma/fma32832,1
1438,http://snomed.info/id/89905001,http://purl.org/sig/ont/fma/fma32832,1
1439,http://snomed.info/id/31167009,http://purl.org/sig/ont/fma/fma321693,1
1440,http://snomed.info/id/23409000,http://purl.org/sig/ont/fma/fma302062,1
1441,http://snomed.info/id/61787008,http://purl.org/sig/ont/fma/fma302062,1
1442,http://snomed.info/id/86786009,http://purl.org/sig/ont/fma/fma299943,1
1443,http://snomed.info/id/19976006,http://purl.org/sig/ont/fma/fma299943,1
1444,http://snomed.info/id/50184001,http://purl.org/sig/ont/fma/fma321820,1
1445,http://snomed.info/id/90212008,http://purl.org/sig/ont/fma/fma45733,1
1446,http://snomed.info/id/21754008,http://purl.org/sig/ont/fma/fma67601,1
1447,http://snomed.info/id/77424005,http://purl.org/sig/ont/fma/fma75431,1
1448,http://snomed.info/id/51829002,http://purl.org/sig/ont/fma/fma66142,1
1449,http://snomed.info/id/16708002,http://purl.org/sig/ont/fma/fma321820,1
1450,http://snomed.info/id/371504003,http://purl.org/sig/ont/fma/fma61622,1
1451,http://snomed.info/id/27807007,http://purl.org/sig/ont/fma/fma0327239,1
1452,http://snomed.info/id/30930005,http://purl.org/sig/ont/fma/fma75429,1
1453,http://snomed.info/id/4954000,http://purl.org/sig/ont/fma/fma66166,1
1454,http://snomed.info/id/69472000,http://purl.org/sig/ont/fma/fma32821,1
1455,http://snomed.info/id/69472000,http://purl.org/sig/ont/fma/fma321819,1
1456,http://snomed.info/id/91361004,http://purl.org/sig/ont/fma/fma0327239,1
1457,http://snomed.info/id/30518006,http://purl.org/sig/ont/fma/fma321023,1
1458,http://snomed.info/id/30518006,http://purl.org/sig/ont/fma/fma33302,1
1459,http://snomed.info/id/44848009,http://purl.org/sig/ont/fma/fma75429,1
1460,http://snomed.info/id/87861001,http://purl.org/sig/ont/fma/fma231512,1
1461,http://snomed.info/id/19799002,http://purl.org/sig/ont/fma/fma321023,1
1462,http://snomed.info/id/19799002,http://purl.org/sig/ont/fma/fma33302,1
1463,http://snomed.info/id/82210006,http://purl.org/sig/ont/fma/fma321024,1
1464,http://snomed.info/id/82210006,http://purl.org/sig/ont/fma/fma33303,1
1465,http://snomed.info/id/71800003,http://purl.org/sig/ont/fma/fma321024,1
1466,http://snomed.info/id/71800003,http://purl.org/sig/ont/fma/fma33303,1
1467,http://snomed.info/id/29438007,http://purl.org/sig/ont/fma/fma75429,1
1468,http://snomed.info/id/80417002,http://purl.org/sig/ont/fma/fma33302,1
1469,http://snomed.info/id/85575004,http://purl.org/sig/ont/fma/fma33303,1
1470,http://snomed.info/id/85575004,http://purl.org/sig/ont/fma/fma321024,1
1471,http://snomed.info/id/35169003,http://purl.org/sig/ont/fma/fma10483,1
1472,http://snomed.info/id/7160008,http://purl.org/sig/ont/fma/fma32821,1
1473,http://snomed.info/id/66286004,http://purl.org/sig/ont/fma/fma24013,1
1474,http://snomed.info/id/9498009,http://purl.org/sig/ont/fma/fma32822,1
1475,http://snomed.info/id/77354001,http://purl.org/sig/ont/fma/fma33792,1
1476,http://snomed.info/id/39328006,http://purl.org/sig/ont/fma/fma33792,1
1477,http://snomed.info/id/67111000,http://purl.org/sig/ont/fma/fma67601,1
1478,http://snomed.info/id/80463008,http://purl.org/sig/ont/fma/fma33792,1
1479,http://snomed.info/id/10642009,http://purl.org/sig/ont/fma/fma33792,1
1480,http://snomed.info/id/73696005,http://purl.org/sig/ont/fma/fma24162,1
1481,http://snomed.info/id/282823009,http://purl.org/sig/ont/fma/fma24162,1
1482,http://snomed.info/id/5881009,http://purl.org/sig/ont/fma/fma75431,1
1483,http://snomed.info/id/26060002,http://purl.org/sig/ont/fma/fma32821,1
1484,http://snomed.info/id/361032003,http://purl.org/sig/ont/fma/fma32821,1
1485,http://snomed.info/id/272705003,http://purl.org/sig/ont/fma/fma0326478,1
1486,http://snomed.info/id/272707006,http://purl.org/sig/ont/fma/fma32822,1
1487,http://snomed.info/id/3054007,http://purl.org/sig/ont/fma/fma322525,1
1488,http://snomed.info/id/30881004,http://purl.org/sig/ont/fma/fma322524,1
1489,http://snomed.info/id/73913000,http://purl.org/sig/ont/fma/fma23914,1
1490,http://snomed.info/id/87109003,http://purl.org/sig/ont/fma/fma322524,1
1491,http://snomed.info/id/72228000,http://purl.org/sig/ont/fma/fma23914,1
1492,http://snomed.info/id/69952000,http://purl.org/sig/ont/fma/fma322525,1
1493,http://snomed.info/id/91323002,http://purl.org/sig/ont/fma/fma322524,1
1494,http://snomed.info/id/21219002,http://purl.org/sig/ont/fma/fma23914,1
1495,http://snomed.info/id/31185002,http://purl.org/sig/ont/fma/fma322525,1
1496,http://snomed.info/id/67413007,http://purl.org/sig/ont/fma/fma322524,1
1497,http://snomed.info/id/24635003,http://purl.org/sig/ont/fma/fma23914,1
1498,http://snomed.info/id/37342008,http://purl.org/sig/ont/fma/fma322525,1
1499,http://snomed.info/id/12581006,http://purl.org/sig/ont/fma/fma322524,1
1500,http://snomed.info/id/51457003,http://purl.org/sig/ont/fma/fma32672,1
1501,http://snomed.info/id/30547004,http://purl.org/sig/ont/fma/fma32850,1
1502,http://snomed.info/id/55499008,http://purl.org/sig/ont/fma/fma32850,1
1503,http://snomed.info/id/75595003,http://purl.org/sig/ont/fma/fma66188,1
1504,http://snomed.info/id/37248005,http://purl.org/sig/ont/fma/fma32850,1
1505,http://snomed.info/id/71004006,http://purl.org/sig/ont/fma/fma305592,1
1506,http://snomed.info/id/72264004,http://purl.org/sig/ont/fma/fma305644,1
1507,http://snomed.info/id/44351006,http://purl.org/sig/ont/fma/fma32854,1
1508,http://snomed.info/id/60613003,http://purl.org/sig/ont/fma/fma304167,1
1509,http://snomed.info/id/23480003,http://purl.org/sig/ont/fma/fma304167,1
1510,http://snomed.info/id/55301004,http://purl.org/sig/ont/fma/fma32838,1
1511,http://snomed.info/id/24571007,http://purl.org/sig/ont/fma/fma32838,1
1512,http://snomed.info/id/13348000,http://purl.org/sig/ont/fma/fma302060,1
1513,http://snomed.info/id/66336007,http://purl.org/sig/ont/fma/fma302060,1
1514,http://snomed.info/id/11716007,http://purl.org/sig/ont/fma/fma32854,1
1515,http://snomed.info/id/32085003,http://purl.org/sig/ont/fma/fma322680,1
1516,http://snomed.info/id/65548001,http://purl.org/sig/ont/fma/fma322680,1
1517,http://snomed.info/id/42824004,http://purl.org/sig/ont/fma/fma311270,1
1518,http://snomed.info/id/6417001,http://purl.org/sig/ont/fma/fma33124,1
1519,http://snomed.info/id/45879002,http://purl.org/sig/ont/fma/fma33123,1
1520,http://snomed.info/id/61945004,http://purl.org/sig/ont/fma/fma311283,1
1521,http://snomed.info/id/22457002,http://purl.org/sig/ont/fma/fma311959,1
1522,http://snomed.info/id/22457002,http://purl.org/sig/ont/fma/fma33726,1
1523,http://snomed.info/id/6684008,http://purl.org/sig/ont/fma/fma66207,1
1524,http://snomed.info/id/33816000,http://purl.org/sig/ont/fma/fma311959,1
1525,http://snomed.info/id/81668002,http://purl.org/sig/ont/fma/fma322581,1
1526,http://snomed.info/id/72650005,http://purl.org/sig/ont/fma/fma33738,1
1527,http://snomed.info/id/55873007,http://purl.org/sig/ont/fma/fma33738,1
1528,http://snomed.info/id/82474009,http://purl.org/sig/ont/fma/fma75429,1
1529,http://snomed.info/id/34437007,http://purl.org/sig/ont/fma/fma82542,1
1530,http://snomed.info/id/28269003,http://purl.org/sig/ont/fma/fma289653,1
1531,http://snomed.info/id/74335009,http://purl.org/sig/ont/fma/fma45733,1
1532,http://snomed.info/id/13611003,http://purl.org/sig/ont/fma/fma289653,1
1533,http://snomed.info/id/40384001,http://purl.org/sig/ont/fma/fma75431,1
1534,http://snomed.info/id/75772009,http://purl.org/sig/ont/fma/fma24491,1
1535,http://snomed.info/id/67411009,http://purl.org/sig/ont/fma/fma24517,1
1536,http://snomed.info/id/14722004,http://purl.org/sig/ont/fma/fma33580,1
1537,http://snomed.info/id/25366009,http://purl.org/sig/ont/fma/fma322543,1
1538,http://snomed.info/id/2979003,http://purl.org/sig/ont/fma/fma24517,1
1539,http://snomed.info/id/57381002,http://purl.org/sig/ont/fma/fma322543,1
1540,http://snomed.info/id/19193007,http://purl.org/sig/ont/fma/fma24517,1
1541,http://snomed.info/id/33598006,http://purl.org/sig/ont/fma/fma75431,1
1542,http://snomed.info/id/89221001,http://purl.org/sig/ont/fma/fma33817,1
1543,http://snomed.info/id/34352001,http://purl.org/sig/ont/fma/fma33826,1
1544,http://snomed.info/id/67169006,http://purl.org/sig/ont/fma/fma33820,1
1545,http://snomed.info/id/90894004,http://purl.org/sig/ont/fma/fma33817,1
1546,http://snomed.info/id/88394006,http://purl.org/sig/ont/fma/fma33826,1
1547,http://snomed.info/id/9677004,http://purl.org/sig/ont/fma/fma33820,1
1548,http://snomed.info/id/9677004,http://purl.org/sig/ont/fma/fma33814,1
1549,http://snomed.info/id/89995006,http://purl.org/sig/ont/fma/fma33817,1
1550,http://snomed.info/id/64339002,http://purl.org/sig/ont/fma/fma33826,1
1551,http://snomed.info/id/46971007,http://purl.org/sig/ont/fma/fma33820,1
1552,http://snomed.info/id/46971007,http://purl.org/sig/ont/fma/fma33814,1
1553,http://snomed.info/id/15368009,http://purl.org/sig/ont/fma/fma33817,1
1554,http://snomed.info/id/50919003,http://purl.org/sig/ont/fma/fma33826,1
1555,http://snomed.info/id/3134008,http://purl.org/sig/ont/fma/fma33820,1
1556,http://snomed.info/id/3134008,http://purl.org/sig/ont/fma/fma33814,1
1557,http://snomed.info/id/2543001,http://purl.org/sig/ont/fma/fma322475,1
1558,http://snomed.info/id/30980004,http://purl.org/sig/ont/fma/fma33817,1
1559,http://snomed.info/id/9212008,http://purl.org/sig/ont/fma/fma33826,1
1560,http://snomed.info/id/71822005,http://purl.org/sig/ont/fma/fma33814,1
1561,http://snomed.info/id/71822005,http://purl.org/sig/ont/fma/fma33820,1
1562,http://snomed.info/id/16899005,http://purl.org/sig/ont/fma/fma322566,1
1563,http://snomed.info/id/85533000,http://purl.org/sig/ont/fma/fma24493,1
1564,http://snomed.info/id/371294005,http://purl.org/sig/ont/fma/fma24493,1
1565,http://snomed.info/id/83207005,http://purl.org/sig/ont/fma/fma24493,1
1566,http://snomed.info/id/371293004,http://purl.org/sig/ont/fma/fma24493,1
1567,http://snomed.info/id/371282001,http://purl.org/sig/ont/fma/fma24493,1
1568,http://snomed.info/id/4603002,http://purl.org/sig/ont/fma/fma322132,1
1569,http://snomed.info/id/16875005,http://purl.org/sig/ont/fma/fma0326478,1
1570,http://snomed.info/id/45398007,http://purl.org/sig/ont/fma/fma322132,1
1571,http://snomed.info/id/18930002,http://purl.org/sig/ont/fma/fma24493,1
1572,http://snomed.info/id/76100004,http://purl.org/sig/ont/fma/fma24493,1
1573,http://snomed.info/id/74901001,http://purl.org/sig/ont/fma/fma24493,1
1574,http://snomed.info/id/70373004,http://purl.org/sig/ont/fma/fma24493,1
1575,http://snomed.info/id/86618006,http://purl.org/sig/ont/fma/fma24493,1
1576,http://snomed.info/id/29823001,http://purl.org/sig/ont/fma/fma298716,1
1577,http://snomed.info/id/63406008,http://purl.org/sig/ont/fma/fma20109,1
1578,http://snomed.info/id/22688005,http://purl.org/sig/ont/fma/fma32558,1
1579,http://snomed.info/id/22688005,http://purl.org/sig/ont/fma/fma5022,1
1580,http://snomed.info/id/1600003,http://purl.org/sig/ont/fma/fma77180,1
1581,http://snomed.info/id/63528005,http://purl.org/sig/ont/fma/fma64875,1
1582,http://snomed.info/id/245994002,http://purl.org/sig/ont/fma/fma0326824,1
1583,http://snomed.info/id/79201006,http://purl.org/sig/ont/fma/fma0326824,1
1584,http://snomed.info/id/48598007,http://purl.org/sig/ont/fma/fma0326824,1
1585,http://snomed.info/id/245995001,http://purl.org/sig/ont/fma/fma0326824,1
1586,http://snomed.info/id/18141004,http://purl.org/sig/ont/fma/fma32582,1
1587,http://snomed.info/id/245998004,http://purl.org/sig/ont/fma/fma32582,1
1588,http://snomed.info/id/35752005,http://purl.org/sig/ont/fma/fma32514,1
1589,http://snomed.info/id/32376008,http://purl.org/sig/ont/fma/fma57791,1
1590,http://snomed.info/id/62431001,http://purl.org/sig/ont/fma/fma46752,1
1591,http://snomed.info/id/44249009,http://purl.org/sig/ont/fma/fma46752,1
1592,http://snomed.info/id/21040006,http://purl.org/sig/ont/fma/fma0327103,1
1593,http://snomed.info/id/89602001,http://purl.org/sig/ont/fma/fma46751,1
1594,http://snomed.info/id/80352009,http://purl.org/sig/ont/fma/fma0326825,1
1595,http://snomed.info/id/69596008,http://purl.org/sig/ont/fma/fma0326825,1
1596,http://snomed.info/id/49147000,http://purl.org/sig/ont/fma/fma46751,1
1597,http://snomed.info/id/244738002,http://purl.org/sig/ont/fma/fma46751,1
1598,http://snomed.info/id/77172000,http://purl.org/sig/ont/fma/fma0327103,1
1599,http://snomed.info/id/27833004,http://purl.org/sig/ont/fma/fma46751,1
1600,http://snomed.info/id/71249002,http://purl.org/sig/ont/fma/fma46751,1
1601,http://snomed.info/id/56753004,http://purl.org/sig/ont/fma/fma73754,1
1602,http://snomed.info/id/88465000,http://purl.org/sig/ont/fma/fma0327103,1
1603,http://snomed.info/id/88011006,http://purl.org/sig/ont/fma/fma73754,1
1604,http://snomed.info/id/57062002,http://purl.org/sig/ont/fma/fma48966,1
1605,http://snomed.info/id/65930000,http://purl.org/sig/ont/fma/fma46751,1
1606,http://snomed.info/id/62876006,http://purl.org/sig/ont/fma/fma46751,1
1607,http://snomed.info/id/66977000,http://purl.org/sig/ont/fma/fma0327104,1
1608,http://snomed.info/id/17131004,http://purl.org/sig/ont/fma/fma46842,1
1609,http://snomed.info/id/61046001,http://purl.org/sig/ont/fma/fma77180,1
1610,http://snomed.info/id/22823000,http://purl.org/sig/ont/fma/fma64822,1
1611,http://snomed.info/id/52410001,http://purl.org/sig/ont/fma/fma46290,1
1612,http://snomed.info/id/48921004,http://purl.org/sig/ont/fma/fma46297,1
1613,http://snomed.info/id/80877003,http://purl.org/sig/ont/fma/fma46297,1
1614,http://snomed.info/id/66145004,http://purl.org/sig/ont/fma/fma46290,1
1615,http://snomed.info/id/15152006,http://purl.org/sig/ont/fma/fma46290,1
1616,http://snomed.info/id/40859007,http://purl.org/sig/ont/fma/fma46290,1
1617,http://snomed.info/id/68032009,http://purl.org/sig/ont/fma/fma9617,1
1618,http://snomed.info/id/68032009,http://purl.org/sig/ont/fma/fma32558,1
1619,http://snomed.info/id/47467005,http://purl.org/sig/ont/fma/fma46335,1
1620,http://snomed.info/id/42174000,http://purl.org/sig/ont/fma/fma46335,1
1621,http://snomed.info/id/22756007,http://purl.org/sig/ont/fma/fma32514,1
1622,http://snomed.info/id/181742002,http://purl.org/sig/ont/fma/fma64829,1
1623,http://snomed.info/id/50755001,http://purl.org/sig/ont/fma/fma64829,1
1624,http://snomed.info/id/38630006,http://purl.org/sig/ont/fma/fma64829,1
1625,http://snomed.info/id/58162002,http://purl.org/sig/ont/fma/fma64829,1
1626,http://snomed.info/id/18252004,http://purl.org/sig/ont/fma/fma64822,1
1627,http://snomed.info/id/6325003,http://purl.org/sig/ont/fma/fma46601,1
1628,http://snomed.info/id/19468002,http://purl.org/sig/ont/fma/fma55226,1
1629,http://snomed.info/id/14253003,http://purl.org/sig/ont/fma/fma55226,1
1630,http://snomed.info/id/75357007,http://purl.org/sig/ont/fma/fma55226,1
1631,http://snomed.info/id/84738000,http://purl.org/sig/ont/fma/fma46595,1
1632,http://snomed.info/id/77908003,http://purl.org/sig/ont/fma/fma55226,1
1633,http://snomed.info/id/89527001,http://purl.org/sig/ont/fma/fma55226,1
1634,http://snomed.info/id/9891007,http://purl.org/sig/ont/fma/fma55226,1
1635,http://snomed.info/id/20200000,http://purl.org/sig/ont/fma/fma46689,1
1636,http://snomed.info/id/43104006,http://purl.org/sig/ont/fma/fma46719,1
1637,http://snomed.info/id/31318000,http://purl.org/sig/ont/fma/fma0327105,1
1638,http://snomed.info/id/1122009,http://purl.org/sig/ont/fma/fma0327105,1
1639,http://snomed.info/id/37507008,http://purl.org/sig/ont/fma/fma46699,1
1640,http://snomed.info/id/30206001,http://purl.org/sig/ont/fma/fma46699,1
1641,http://snomed.info/id/44335003,http://purl.org/sig/ont/fma/fma46699,1
1642,http://snomed.info/id/30501007,http://purl.org/sig/ont/fma/fma46726,1
1643,http://snomed.info/id/4866005,http://purl.org/sig/ont/fma/fma32558,1
1644,http://snomed.info/id/82182001,http://purl.org/sig/ont/fma/fma46620,1
1645,http://snomed.info/id/66138004,http://purl.org/sig/ont/fma/fma46620,1
1646,http://snomed.info/id/80461005,http://purl.org/sig/ont/fma/fma46620,1
1647,http://snomed.info/id/80461005,http://purl.org/sig/ont/fma/fma46657,1
1648,http://snomed.info/id/63333008,http://purl.org/sig/ont/fma/fma46657,1
1649,http://snomed.info/id/51367007,http://purl.org/sig/ont/fma/fma46751,1
1650,http://snomed.info/id/51367007,http://purl.org/sig/ont/fma/fma55600,1
1651,http://snomed.info/id/244730009,http://purl.org/sig/ont/fma/fma46751,1
1652,http://snomed.info/id/244730009,http://purl.org/sig/ont/fma/fma55600,1
1653,http://snomed.info/id/51159009,http://purl.org/sig/ont/fma/fma32520,1
1654,http://snomed.info/id/1193009,http://purl.org/sig/ont/fma/fma32520,1
1655,http://snomed.info/id/35259002,http://purl.org/sig/ont/fma/fma32520,1
1656,http://snomed.info/id/21940008,http://purl.org/sig/ont/fma/fma310962,1
1657,http://snomed.info/id/59152003,http://purl.org/sig/ont/fma/fma323232,1
1658,http://snomed.info/id/66928008,http://purl.org/sig/ont/fma/fma310962,1
1659,http://snomed.info/id/56262003,http://purl.org/sig/ont/fma/fma9722,1
1660,http://snomed.info/id/75915005,http://purl.org/sig/ont/fma/fma37711,1
1661,http://snomed.info/id/22072006,http://purl.org/sig/ont/fma/fma0327509,1
1662,http://snomed.info/id/38411001,http://purl.org/sig/ont/fma/fma0327509,1
1663,http://snomed.info/id/69898003,http://purl.org/sig/ont/fma/fma0327509,1
1664,http://snomed.info/id/44202005,http://purl.org/sig/ont/fma/fma37711,1
1665,http://snomed.info/id/53269004,http://purl.org/sig/ont/fma/fma37712,1
1666,http://snomed.info/id/244983005,http://purl.org/sig/ont/fma/fma37712,1
1667,http://snomed.info/id/302514000,http://purl.org/sig/ont/fma/fma38472,1
1668,http://snomed.info/id/302514000,http://purl.org/sig/ont/fma/fma46569,1
1669,http://snomed.info/id/29376000,http://purl.org/sig/ont/fma/fma38472,1
1670,http://snomed.info/id/29376000,http://purl.org/sig/ont/fma/fma46569,1
1671,http://snomed.info/id/10886002,http://purl.org/sig/ont/fma/fma0326260,1
1672,http://snomed.info/id/72709006,http://purl.org/sig/ont/fma/fma0326260,1
1673,http://snomed.info/id/30339000,http://purl.org/sig/ont/fma/fma38472,1
1674,http://snomed.info/id/49931003,http://purl.org/sig/ont/fma/fma38472,1
1675,http://snomed.info/id/14437004,http://purl.org/sig/ont/fma/fma38472,1
1676,http://snomed.info/id/79747002,http://purl.org/sig/ont/fma/fma0326259,1
1677,http://snomed.info/id/63209004,http://purl.org/sig/ont/fma/fma0326259,1
1678,http://snomed.info/id/89895007,http://purl.org/sig/ont/fma/fma38472,1
1679,http://snomed.info/id/23725009,http://purl.org/sig/ont/fma/fma0326258,1
1680,http://snomed.info/id/89262007,http://purl.org/sig/ont/fma/fma0326258,1
1681,http://snomed.info/id/70490009,http://purl.org/sig/ont/fma/fma38475,1
1682,http://snomed.info/id/423541009,http://purl.org/sig/ont/fma/fma38475,1
1683,http://snomed.info/id/82465007,http://purl.org/sig/ont/fma/fma38475,1
1684,http://snomed.info/id/13869007,http://purl.org/sig/ont/fma/fma38475,1
1685,http://snomed.info/id/72111005,http://purl.org/sig/ont/fma/fma38491,1
1686,http://snomed.info/id/31486005,http://purl.org/sig/ont/fma/fma38491,1
1687,http://snomed.info/id/50176000,http://purl.org/sig/ont/fma/fma38491,1
1688,http://snomed.info/id/86104000,http://purl.org/sig/ont/fma/fma38491,1
1689,http://snomed.info/id/113227003,http://purl.org/sig/ont/fma/fma38491,1
1690,http://snomed.info/id/31645007,http://purl.org/sig/ont/fma/fma0326257,1
1691,http://snomed.info/id/46967009,http://purl.org/sig/ont/fma/fma0326257,1
1692,http://snomed.info/id/40678005,http://purl.org/sig/ont/fma/fma38509,1
1693,http://snomed.info/id/40678005,http://purl.org/sig/ont/fma/fma46569,1
1694,http://snomed.info/id/18513005,http://purl.org/sig/ont/fma/fma64917,1
1695,http://snomed.info/id/25541006,http://purl.org/sig/ont/fma/fma38509,1
1696,http://snomed.info/id/32573001,http://purl.org/sig/ont/fma/fma64916,1
1697,http://snomed.info/id/20588008,http://purl.org/sig/ont/fma/fma64916,1
1698,http://snomed.info/id/34260002,http://purl.org/sig/ont/fma/fma0326256,1
1699,http://snomed.info/id/7554004,http://purl.org/sig/ont/fma/fma0326256,1
1700,http://snomed.info/id/38259003,http://purl.org/sig/ont/fma/fma38509,1
1701,http://snomed.info/id/81440007,http://purl.org/sig/ont/fma/fma38509,1
1702,http://snomed.info/id/23250006,http://purl.org/sig/ont/fma/fma38509,1
1703,http://snomed.info/id/79727005,http://purl.org/sig/ont/fma/fma64916,1
1704,http://snomed.info/id/60114005,http://purl.org/sig/ont/fma/fma64916,1
1705,http://snomed.info/id/72747001,http://purl.org/sig/ont/fma/fma0326255,1
1706,http://snomed.info/id/60120006,http://purl.org/sig/ont/fma/fma0326255,1
1707,http://snomed.info/id/79959005,http://purl.org/sig/ont/fma/fma64917,1
1708,http://snomed.info/id/88229007,http://purl.org/sig/ont/fma/fma42380,1
1709,http://snomed.info/id/88229007,http://purl.org/sig/ont/fma/fma50391,1
1710,http://snomed.info/id/34031004,http://purl.org/sig/ont/fma/fma42380,1
1711,http://snomed.info/id/44947003,http://purl.org/sig/ont/fma/fma32558,1
1712,http://snomed.info/id/57651003,http://purl.org/sig/ont/fma/fma32559,1
1713,http://snomed.info/id/57651003,http://purl.org/sig/ont/fma/fma32596,1
1714,http://snomed.info/id/88340001,http://purl.org/sig/ont/fma/fma32559,1
1715,http://snomed.info/id/88769007,http://purl.org/sig/ont/fma/fma77179,1
1716,http://snomed.info/id/90411004,http://purl.org/sig/ont/fma/fma49445,1
1717,http://snomed.info/id/50200003,http://purl.org/sig/ont/fma/fma77179,1
1718,http://snomed.info/id/56323009,http://purl.org/sig/ont/fma/fma32560,1
1719,http://snomed.info/id/244871009,http://purl.org/sig/ont/fma/fma32560,1
1720,http://snomed.info/id/5709001,http://purl.org/sig/ont/fma/fma32560,1
1721,http://snomed.info/id/3417007,http://purl.org/sig/ont/fma/fma32561,1
1722,http://snomed.info/id/73769004,http://purl.org/sig/ont/fma/fma32561,1
1723,http://snomed.info/id/73769004,http://purl.org/sig/ont/fma/fma50185,1
1724,http://snomed.info/id/9841008,http://purl.org/sig/ont/fma/fma50185,1
1725,http://snomed.info/id/134197004,http://purl.org/sig/ont/fma/fma50185,1
1726,http://snomed.info/id/86130001,http://purl.org/sig/ont/fma/fma50185,1
1727,http://snomed.info/id/246021009,http://purl.org/sig/ont/fma/fma50185,1
1728,http://snomed.info/id/90626006,http://purl.org/sig/ont/fma/fma32561,1
1729,http://snomed.info/id/61222001,http://purl.org/sig/ont/fma/fma22849,1
1730,http://snomed.info/id/10700000,http://purl.org/sig/ont/fma/fma22849,1
1731,http://snomed.info/id/10700000,http://purl.org/sig/ont/fma/fma50185,1
1732,http://snomed.info/id/24563008,http://purl.org/sig/ont/fma/fma32558,1
1733,http://snomed.info/id/24563008,http://purl.org/sig/ont/fma/fma22859,1
1734,http://snomed.info/id/58159000,http://purl.org/sig/ont/fma/fma32558,1
1735,http://snomed.info/id/58159000,http://purl.org/sig/ont/fma/fma22859,1
1736,http://snomed.info/id/79112004,http://purl.org/sig/ont/fma/fma50185,1
1737,http://snomed.info/id/79112004,http://purl.org/sig/ont/fma/fma5022,1
1738,http://snomed.info/id/15187006,http://purl.org/sig/ont/fma/fma50185,1
1739,http://snomed.info/id/6623004,http://purl.org/sig/ont/fma/fma49445,1
1740,http://snomed.info/id/2192001,http://purl.org/sig/ont/fma/fma85453,1
1741,http://snomed.info/id/35618004,http://purl.org/sig/ont/fma/fma34686,1
1742,http://snomed.info/id/113228008,http://purl.org/sig/ont/fma/fma34686,1
1743,http://snomed.info/id/18346003,http://purl.org/sig/ont/fma/fma32518,1
1744,http://snomed.info/id/16161000,http://purl.org/sig/ont/fma/fma82432,1
1745,http://snomed.info/id/182482008,http://purl.org/sig/ont/fma/fma82500,1
1746,http://snomed.info/id/12039005,http://purl.org/sig/ont/fma/fma82500,1
1747,http://snomed.info/id/82263003,http://purl.org/sig/ont/fma/fma10480,1
1748,http://snomed.info/id/182481001,http://purl.org/sig/ont/fma/fma10480,1
1749,http://snomed.info/id/64658001,http://purl.org/sig/ont/fma/fma50185,1
1750,http://snomed.info/id/64658001,http://purl.org/sig/ont/fma/fma9619,1
1751,http://snomed.info/id/31764008,http://purl.org/sig/ont/fma/fma32517,1
1752,http://snomed.info/id/15665001,http://purl.org/sig/ont/fma/fma32517,1
1753,http://snomed.info/id/88530003,http://purl.org/sig/ont/fma/fma32518,1
1754,http://snomed.info/id/64453003,http://purl.org/sig/ont/fma/fma32518,1
1755,http://snomed.info/id/11327007,http://purl.org/sig/ont/fma/fma32518,1
1756,http://snomed.info/id/86364005,http://purl.org/sig/ont/fma/fma22594,1
1757,http://snomed.info/id/88053007,http://purl.org/sig/ont/fma/fma20278,1
1758,http://snomed.info/id/51418006,http://purl.org/sig/ont/fma/fma20768,1
1759,http://snomed.info/id/86493009,http://purl.org/sig/ont/fma/fma20278,1
1760,http://snomed.info/id/6001004,http://purl.org/sig/ont/fma/fma9620,1
1761,http://snomed.info/id/7295002,http://purl.org/sig/ont/fma/fma58274,1
1762,http://snomed.info/id/7295002,http://purl.org/sig/ont/fma/fma50185,1
1763,http://snomed.info/id/79349002,http://purl.org/sig/ont/fma/fma19086,1
1764,http://snomed.info/id/61495006,http://purl.org/sig/ont/fma/fma19089,1
1765,http://snomed.info/id/42221001,http://purl.org/sig/ont/fma/fma19089,1
1766,http://snomed.info/id/82961008,http://purl.org/sig/ont/fma/fma86203,1
1767,http://snomed.info/id/33512008,http://purl.org/sig/ont/fma/fma19728,1
1768,http://snomed.info/id/71439003,http://purl.org/sig/ont/fma/fma19728,1
1769,http://snomed.info/id/33646000,http://purl.org/sig/ont/fma/fma19728,1
1770,http://snomed.info/id/50092008,http://purl.org/sig/ont/fma/fma37368,1
1771,http://snomed.info/id/68455001,http://purl.org/sig/ont/fma/fma32406,1
1772,http://snomed.info/id/34281002,http://purl.org/sig/ont/fma/fma37367,1
1773,http://snomed.info/id/26980003,http://purl.org/sig/ont/fma/fma64922,1
1774,http://snomed.info/id/206007,http://purl.org/sig/ont/fma/fma64922,1
1775,http://snomed.info/id/78333006,http://purl.org/sig/ont/fma/fma64922,1
1776,http://snomed.info/id/75297007,http://purl.org/sig/ont/fma/fma64922,1
1777,http://snomed.info/id/75699001,http://purl.org/sig/ont/fma/fma64922,1
1778,http://snomed.info/id/4759003,http://purl.org/sig/ont/fma/fma64922,1
1779,http://snomed.info/id/52595008,http://purl.org/sig/ont/fma/fma64922,1
1780,http://snomed.info/id/12595009,http://purl.org/sig/ont/fma/fma22424,1
1781,http://snomed.info/id/70770004,http://purl.org/sig/ont/fma/fma22439,1
1782,http://snomed.info/id/23087007,http://purl.org/sig/ont/fma/fma22439,1
1783,http://snomed.info/id/2577006,http://purl.org/sig/ont/fma/fma22439,1
1784,http://snomed.info/id/21989003,http://purl.org/sig/ont/fma/fma32406,1
1785,http://snomed.info/id/73485005,http://purl.org/sig/ont/fma/fma45860,1
1786,http://snomed.info/id/41442003,http://purl.org/sig/ont/fma/fma45860,1
1787,http://snomed.info/id/1403006,http://purl.org/sig/ont/fma/fma22424,1
1788,http://snomed.info/id/3478008,http://purl.org/sig/ont/fma/fma22424,1
1789,http://snomed.info/id/71875009,http://purl.org/sig/ont/fma/fma22439,1
1790,http://snomed.info/id/57733007,http://purl.org/sig/ont/fma/fma22424,1
1791,http://snomed.info/id/89241006,http://purl.org/sig/ont/fma/fma22427,1
1792,http://snomed.info/id/55190004,http://purl.org/sig/ont/fma/fma45881,1
1793,http://snomed.info/id/64568000,http://purl.org/sig/ont/fma/fma45881,1
1794,http://snomed.info/id/84010001,http://purl.org/sig/ont/fma/fma22427,1
1795,http://snomed.info/id/50340007,http://purl.org/sig/ont/fma/fma22427,1
1796,http://snomed.info/id/41123005,http://purl.org/sig/ont/fma/fma37368,1
1797,http://snomed.info/id/15591009,http://purl.org/sig/ont/fma/fma65008,1
1798,http://snomed.info/id/53451005,http://purl.org/sig/ont/fma/fma51065,1
1799,http://snomed.info/id/113233007,http://purl.org/sig/ont/fma/fma45950,1
1800,http://snomed.info/id/10476008,http://purl.org/sig/ont/fma/fma45950,1
1801,http://snomed.info/id/74318005,http://purl.org/sig/ont/fma/fma65008,1
1802,http://snomed.info/id/20497005,http://purl.org/sig/ont/fma/fma22472,1
1803,http://snomed.info/id/87720008,http://purl.org/sig/ont/fma/fma65045,1
1804,http://snomed.info/id/90012003,http://purl.org/sig/ont/fma/fma22472,1
1805,http://snomed.info/id/38702002,http://purl.org/sig/ont/fma/fma65045,1
1806,http://snomed.info/id/59831009,http://purl.org/sig/ont/fma/fma22473,1
1807,http://snomed.info/id/60771004,http://purl.org/sig/ont/fma/fma22473,1
1808,http://snomed.info/id/48762002,http://purl.org/sig/ont/fma/fma22472,1
1809,http://snomed.info/id/471000,http://purl.org/sig/ont/fma/fma65008,1
1810,http://snomed.info/id/181724007,http://purl.org/sig/ont/fma/fma65046,1
1811,http://snomed.info/id/79490000,http://purl.org/sig/ont/fma/fma65046,1
1812,http://snomed.info/id/10245000,http://purl.org/sig/ont/fma/fma65046,1
1813,http://snomed.info/id/234606004,http://purl.org/sig/ont/fma/fma65046,1
1814,http://snomed.info/id/181725008,http://purl.org/sig/ont/fma/fma65046,1
1815,http://snomed.info/id/13911000,http://purl.org/sig/ont/fma/fma50392,1
1816,http://snomed.info/id/13911000,http://purl.org/sig/ont/fma/fma65046,1
1817,http://snomed.info/id/22861002,http://purl.org/sig/ont/fma/fma65046,1
1818,http://snomed.info/id/8603005,http://purl.org/sig/ont/fma/fma65046,1
1819,http://snomed.info/id/72493002,http://purl.org/sig/ont/fma/fma46012,1
1820,http://snomed.info/id/88370006,http://purl.org/sig/ont/fma/fma46012,1
1821,http://snomed.info/id/30741001,http://purl.org/sig/ont/fma/fma65046,1
1822,http://snomed.info/id/53240008,http://purl.org/sig/ont/fma/fma65046,1
1823,http://snomed.info/id/68435002,http://purl.org/sig/ont/fma/fma258833,1
1824,http://snomed.info/id/49574009,http://purl.org/sig/ont/fma/fma258833,1
1825,http://snomed.info/id/49574009,http://purl.org/sig/ont/fma/fma78561,1
1826,http://snomed.info/id/74135004,http://purl.org/sig/ont/fma/fma29733,1
1827,http://snomed.info/id/9332006,http://purl.org/sig/ont/fma/fma57070,1
1828,http://snomed.info/id/50478008,http://purl.org/sig/ont/fma/fma57070,1
1829,http://snomed.info/id/53674000,http://purl.org/sig/ont/fma/fma57070,1
1830,http://snomed.info/id/51782004,http://purl.org/sig/ont/fma/fma25012,1
1831,http://snomed.info/id/36416001,http://purl.org/sig/ont/fma/fma25012,1
1832,http://snomed.info/id/86721001,http://purl.org/sig/ont/fma/fma302988,1
1833,http://snomed.info/id/33600000,http://purl.org/sig/ont/fma/fma34838,1
1834,http://snomed.info/id/77751007,http://purl.org/sig/ont/fma/fma34838,1
1835,http://snomed.info/id/84694005,http://purl.org/sig/ont/fma/fma67396,1
1836,http://snomed.info/id/13407002,http://purl.org/sig/ont/fma/fma302986,1
1837,http://snomed.info/id/88692004,http://purl.org/sig/ont/fma/fma302988,1
1838,http://snomed.info/id/88775003,http://purl.org/sig/ont/fma/fma58616,1
1839,http://snomed.info/id/49679008,http://purl.org/sig/ont/fma/fma32426,1
1840,http://snomed.info/id/8039003,http://purl.org/sig/ont/fma/fma32426,1
1841,http://snomed.info/id/21462004,http://purl.org/sig/ont/fma/fma32427,1
1842,http://snomed.info/id/7658005,http://purl.org/sig/ont/fma/fma32427,1
1843,http://snomed.info/id/54971003,http://purl.org/sig/ont/fma/fma32426,1
1844,http://snomed.info/id/9320007,http://purl.org/sig/ont/fma/fma32427,1
1845,http://snomed.info/id/211099008,http://purl.org/sig/ont/fma/fma32426,1
1846,http://snomed.info/id/211187004,http://purl.org/sig/ont/fma/fma32429,1
1847,http://snomed.info/id/211283009,http://purl.org/sig/ont/fma/fma32427,1
1848,http://snomed.info/id/75415000,http://purl.org/sig/ont/fma/fma312082,1
1849,http://snomed.info/id/21067000,http://purl.org/sig/ont/fma/fma312238,1
1850,http://snomed.info/id/211378003,http://purl.org/sig/ont/fma/fma32426,1
1851,http://snomed.info/id/211475001,http://purl.org/sig/ont/fma/fma312238,1
1852,http://snomed.info/id/211534006,http://purl.org/sig/ont/fma/fma32426,1
1853,http://snomed.info/id/211534006,http://purl.org/sig/ont/fma/fma312238,1
1854,http://snomed.info/id/81210008,http://purl.org/sig/ont/fma/fma32426,1
1855,http://snomed.info/id/81210008,http://purl.org/sig/ont/fma/fma312238,1
1856,http://snomed.info/id/67235002,http://purl.org/sig/ont/fma/fma312082,1
1857,http://snomed.info/id/43737004,http://purl.org/sig/ont/fma/fma32427,1
1858,http://snomed.info/id/13826004,http://purl.org/sig/ont/fma/fma32426,1
1859,http://snomed.info/id/86771003,http://purl.org/sig/ont/fma/fma75634,1
1860,http://snomed.info/id/41949001,http://purl.org/sig/ont/fma/fma66760,1
1861,http://snomed.info/id/113241007,http://purl.org/sig/ont/fma/fma78561,1
1862,http://snomed.info/id/113241007,http://purl.org/sig/ont/fma/fma29733,1
1863,http://snomed.info/id/8775007,http://purl.org/sig/ont/fma/fma29733,1
1864,http://snomed.info/id/68954009,http://purl.org/sig/ont/fma/fma242873,1
1865,http://snomed.info/id/51703006,http://purl.org/sig/ont/fma/fma322244,1
1866,http://snomed.info/id/19528004,http://purl.org/sig/ont/fma/fma40857,1
1867,http://snomed.info/id/25509000,http://purl.org/sig/ont/fma/fma40857,1
1868,http://snomed.info/id/27118005,http://purl.org/sig/ont/fma/fma40857,1
1869,http://snomed.info/id/17336002,http://purl.org/sig/ont/fma/fma40857,1
1870,http://snomed.info/id/56334007,http://purl.org/sig/ont/fma/fma40857,1
1871,http://snomed.info/id/24367005,http://purl.org/sig/ont/fma/fma40857,1
1872,http://snomed.info/id/63401003,http://purl.org/sig/ont/fma/fma58549,1
1873,http://snomed.info/id/63401003,http://purl.org/sig/ont/fma/fma84357,1
1874,http://snomed.info/id/83791002,http://purl.org/sig/ont/fma/fma0326217,1
1875,http://snomed.info/id/52944004,http://purl.org/sig/ont/fma/fma42604,1
1876,http://snomed.info/id/29278002,http://purl.org/sig/ont/fma/fma42604,1
1877,http://snomed.info/id/70567001,http://purl.org/sig/ont/fma/fma14462,1
1878,http://snomed.info/id/233200006,http://purl.org/sig/ont/fma/fma0326217,1
1879,http://snomed.info/id/36080006,http://purl.org/sig/ont/fma/fma84357,1
1880,http://snomed.info/id/36080006,http://purl.org/sig/ont/fma/fma58795,1
1881,http://snomed.info/id/78748003,http://purl.org/sig/ont/fma/fma84357,1
1882,http://snomed.info/id/50678003,http://purl.org/sig/ont/fma/fma84357,1
1883,http://snomed.info/id/27474005,http://purl.org/sig/ont/fma/fma305648,1
1884,http://snomed.info/id/27474005,http://purl.org/sig/ont/fma/fma70773,1
1885,http://snomed.info/id/74980002,http://purl.org/sig/ont/fma/fma70773,1
1886,http://snomed.info/id/28703000,http://purl.org/sig/ont/fma/fma70773,1
1887,http://snomed.info/id/167063009,http://purl.org/sig/ont/fma/fma25624,1
1888,http://snomed.info/id/42762008,http://purl.org/sig/ont/fma/fma70773,1
1889,http://snomed.info/id/42762008,http://purl.org/sig/ont/fma/fma13422,1
1890,http://snomed.info/id/52460007,http://purl.org/sig/ont/fma/fma70773,1
1891,http://snomed.info/id/52460007,http://purl.org/sig/ont/fma/fma13422,1
1892,http://snomed.info/id/33154002,http://purl.org/sig/ont/fma/fma13422,1
1893,http://snomed.info/id/55610004,http://purl.org/sig/ont/fma/fma70773,1
1894,http://snomed.info/id/55610004,http://purl.org/sig/ont/fma/fma25014,1
1895,http://snomed.info/id/49129006,http://purl.org/sig/ont/fma/fma25014,1
1896,http://snomed.info/id/6404004,http://purl.org/sig/ont/fma/fma25014,1
1897,http://snomed.info/id/72579007,http://purl.org/sig/ont/fma/fma25014,1
1898,http://snomed.info/id/20684002,http://purl.org/sig/ont/fma/fma25014,1
1899,http://snomed.info/id/76137005,http://purl.org/sig/ont/fma/fma25624,1
1900,http://snomed.info/id/36183005,http://purl.org/sig/ont/fma/fma0326294,1
1901,http://snomed.info/id/10124000,http://purl.org/sig/ont/fma/fma0326294,1
1902,http://snomed.info/id/74502003,http://purl.org/sig/ont/fma/fma0326244,1
1903,http://snomed.info/id/67703003,http://purl.org/sig/ont/fma/fma0326244,1
1904,http://snomed.info/id/84582007,http://purl.org/sig/ont/fma/fma11106,1
1905,http://snomed.info/id/28892005,http://purl.org/sig/ont/fma/fma11106,1
1906,http://snomed.info/id/46632007,http://purl.org/sig/ont/fma/fma11106,1
1907,http://snomed.info/id/78015006,http://purl.org/sig/ont/fma/fma25624,1
1908,http://snomed.info/id/12192001,http://purl.org/sig/ont/fma/fma25624,1
1909,http://snomed.info/id/86535002,http://purl.org/sig/ont/fma/fma25624,1
1910,http://snomed.info/id/86535002,http://purl.org/sig/ont/fma/fma70773,1
1911,http://snomed.info/id/35982005,http://purl.org/sig/ont/fma/fma70773,1
1912,http://snomed.info/id/35982005,http://purl.org/sig/ont/fma/fma25624,1
1913,http://snomed.info/id/80203008,http://purl.org/sig/ont/fma/fma9649,1
1914,http://snomed.info/id/85499001,http://purl.org/sig/ont/fma/fma25624,1
1915,http://snomed.info/id/56971001,http://purl.org/sig/ont/fma/fma25624,1
1916,http://snomed.info/id/40827000,http://purl.org/sig/ont/fma/fma25624,1
1917,http://snomed.info/id/8942007,http://purl.org/sig/ont/fma/fma63961,1
1918,http://snomed.info/id/79393002,http://purl.org/sig/ont/fma/fma63961,1
1919,http://snomed.info/id/82517008,http://purl.org/sig/ont/fma/fma20189,1
1920,http://snomed.info/id/81737006,http://purl.org/sig/ont/fma/fma20186,1
1921,http://snomed.info/id/24973002,http://purl.org/sig/ont/fma/fma20186,1
1922,http://snomed.info/id/91557006,http://purl.org/sig/ont/fma/fma20186,1
1923,http://snomed.info/id/23937003,http://purl.org/sig/ont/fma/fma21492,1
1924,http://snomed.info/id/78413006,http://purl.org/sig/ont/fma/fma64020,1
1925,http://snomed.info/id/65610002,http://purl.org/sig/ont/fma/fma64020,1
1926,http://snomed.info/id/20204009,http://purl.org/sig/ont/fma/fma64020,1
1927,http://snomed.info/id/113243005,http://purl.org/sig/ont/fma/fma21488,1
1928,http://snomed.info/id/30052004,http://purl.org/sig/ont/fma/fma21488,1
1929,http://snomed.info/id/51761005,http://purl.org/sig/ont/fma/fma86375,1
1930,http://snomed.info/id/69970002,http://purl.org/sig/ont/fma/fma39992,1
1931,http://snomed.info/id/368172004,http://purl.org/sig/ont/fma/fma39992,1
1932,http://snomed.info/id/368173009,http://purl.org/sig/ont/fma/fma39992,1
1933,http://snomed.info/id/54349001,http://purl.org/sig/ont/fma/fma70773,1
1934,http://snomed.info/id/54349001,http://purl.org/sig/ont/fma/fma39992,1
1935,http://snomed.info/id/55578007,http://purl.org/sig/ont/fma/fma39992,1
1936,http://snomed.info/id/87218006,http://purl.org/sig/ont/fma/fma25938,1
1937,http://snomed.info/id/368145007,http://purl.org/sig/ont/fma/fma54839,1
1938,http://snomed.info/id/368146008,http://purl.org/sig/ont/fma/fma25938,1
1939,http://snomed.info/id/37309007,http://purl.org/sig/ont/fma/fma0323756,1
1940,http://snomed.info/id/50783004,http://purl.org/sig/ont/fma/fma0323756,1
1941,http://snomed.info/id/49625004,http://purl.org/sig/ont/fma/fma0323756,1
1942,http://snomed.info/id/53293009,http://purl.org/sig/ont/fma/fma42297,1
1943,http://snomed.info/id/53293009,http://purl.org/sig/ont/fma/fma70773,1
1944,http://snomed.info/id/368247008,http://purl.org/sig/ont/fma/fma42297,1
1945,http://snomed.info/id/368248003,http://purl.org/sig/ont/fma/fma42297,1
1946,http://snomed.info/id/368249006,http://purl.org/sig/ont/fma/fma42452,1
1947,http://snomed.info/id/47781008,http://purl.org/sig/ont/fma/fma42452,1
1948,http://snomed.info/id/56103003,http://purl.org/sig/ont/fma/fma70773,1
1949,http://snomed.info/id/44650003,http://purl.org/sig/ont/fma/fma70773,1
1950,http://snomed.info/id/368254002,http://purl.org/sig/ont/fma/fma42455,1
1951,http://snomed.info/id/368451007,http://purl.org/sig/ont/fma/fma321446,1
1952,http://snomed.info/id/41987009,http://purl.org/sig/ont/fma/fma265178,1
1953,http://snomed.info/id/27263004,http://purl.org/sig/ont/fma/fma43615,1
1954,http://snomed.info/id/65836007,http://purl.org/sig/ont/fma/fma44580,1
1955,http://snomed.info/id/44466008,http://purl.org/sig/ont/fma/fma86375,1
1956,http://snomed.info/id/28125001,http://purl.org/sig/ont/fma/fma44580,1
1957,http://snomed.info/id/73343007,http://purl.org/sig/ont/fma/fma42603,1
1958,http://snomed.info/id/76758007,http://purl.org/sig/ont/fma/fma42603,1
1959,http://snomed.info/id/81062000,http://purl.org/sig/ont/fma/fma44580,1
1960,http://snomed.info/id/76264001,http://purl.org/sig/ont/fma/fma44580,1
1961,http://snomed.info/id/12880004,http://purl.org/sig/ont/fma/fma44580,1
1962,http://snomed.info/id/50692009,http://purl.org/sig/ont/fma/fma44580,1
1963,http://snomed.info/id/302774007,http://purl.org/sig/ont/fma/fma44580,1
1964,http://snomed.info/id/302825003,http://purl.org/sig/ont/fma/fma44580,1
1965,http://snomed.info/id/80111005,http://purl.org/sig/ont/fma/fma54839,1
1966,http://snomed.info/id/19177003,http://purl.org/sig/ont/fma/fma44210,1
1967,http://snomed.info/id/6606008,http://purl.org/sig/ont/fma/fma44210,1
1968,http://snomed.info/id/65681008,http://purl.org/sig/ont/fma/fma72067,1
1969,http://snomed.info/id/9512009,http://purl.org/sig/ont/fma/fma72067,1
1970,http://snomed.info/id/37652000,http://purl.org/sig/ont/fma/fma44197,1
1971,http://snomed.info/id/87183004,http://purl.org/sig/ont/fma/fma44580,1
1972,http://snomed.info/id/33718005,http://purl.org/sig/ont/fma/fma25624,1
1973,http://snomed.info/id/41631004,http://purl.org/sig/ont/fma/fma25624,1
1974,http://snomed.info/id/10655005,http://purl.org/sig/ont/fma/fma44245,1
1975,http://snomed.info/id/233012000,http://purl.org/sig/ont/fma/fma44245,1
1976,http://snomed.info/id/67755002,http://purl.org/sig/ont/fma/fma44245,1
1977,http://snomed.info/id/67660009,http://purl.org/sig/ont/fma/fma44245,1
1978,http://snomed.info/id/67660009,http://purl.org/sig/ont/fma/fma70773,1
1979,http://snomed.info/id/29641007,http://purl.org/sig/ont/fma/fma44245,1
1980,http://snomed.info/id/29641007,http://purl.org/sig/ont/fma/fma70773,1
1981,http://snomed.info/id/14719001,http://purl.org/sig/ont/fma/fma44080,1
1982,http://snomed.info/id/30528002,http://purl.org/sig/ont/fma/fma44080,1
1983,http://snomed.info/id/18206006,http://purl.org/sig/ont/fma/fma44079,1
1984,http://snomed.info/id/52007002,http://purl.org/sig/ont/fma/fma318356,1
1985,http://snomed.info/id/77156008,http://purl.org/sig/ont/fma/fma44286,1
1986,http://snomed.info/id/54011007,http://purl.org/sig/ont/fma/fma44286,1
1987,http://snomed.info/id/243173004,http://purl.org/sig/ont/fma/fma44286,1
1988,http://snomed.info/id/243173004,http://purl.org/sig/ont/fma/fma44198,1
1989,http://snomed.info/id/51710000,http://purl.org/sig/ont/fma/fma44198,1
1990,http://snomed.info/id/51710000,http://purl.org/sig/ont/fma/fma70773,1
1991,http://snomed.info/id/47246007,http://purl.org/sig/ont/fma/fma25624,1
1992,http://snomed.info/id/51193008,http://purl.org/sig/ont/fma/fma318356,1
1993,http://snomed.info/id/363520000,http://purl.org/sig/ont/fma/fma44058,1
1994,http://snomed.info/id/49720000,http://purl.org/sig/ont/fma/fma318356,1
1995,http://snomed.info/id/233803003,http://purl.org/sig/ont/fma/fma44425,1
1996,http://snomed.info/id/15391008,http://purl.org/sig/ont/fma/fma70773,1
1997,http://snomed.info/id/90248005,http://purl.org/sig/ont/fma/fma70773,1
1998,http://snomed.info/id/34691003,http://purl.org/sig/ont/fma/fma70773,1
1999,http://snomed.info/id/34691003,http://purl.org/sig/ont/fma/fma321707,1
2000,http://snomed.info/id/39206008,http://purl.org/sig/ont/fma/fma21792,1
2001,http://snomed.info/id/818994004,http://purl.org/sig/ont/fma/fma9634,1
2002,http://snomed.info/id/77335001,http://purl.org/sig/ont/fma/fma20186,1
2003,http://snomed.info/id/60720001,http://purl.org/sig/ont/fma/fma65083,1
2004,http://snomed.info/id/82905002,http://purl.org/sig/ont/fma/fma65083,1
2005,http://snomed.info/id/65408007,http://purl.org/sig/ont/fma/fma78561,1
2006,http://snomed.info/id/91192009,http://purl.org/sig/ont/fma/fma20505,1
2007,http://snomed.info/id/82333005,http://purl.org/sig/ont/fma/fma0326245,1
2008,http://snomed.info/id/21203009,http://purl.org/sig/ont/fma/fma9722,1
2009,http://snomed.info/id/34932009,http://purl.org/sig/ont/fma/fma42464,1
2010,http://snomed.info/id/43558007,http://purl.org/sig/ont/fma/fma0326245,1
2011,http://snomed.info/id/31180007,http://purl.org/sig/ont/fma/fma322826,1
2012,http://snomed.info/id/9708001,http://purl.org/sig/ont/fma/fma20501,1
2013,http://snomed.info/id/7480001,http://purl.org/sig/ont/fma/fma58775,1
2014,http://snomed.info/id/41794000,http://purl.org/sig/ont/fma/fma51049,1
2015,http://snomed.info/id/49405007,http://purl.org/sig/ont/fma/fma51049,1
2016,http://snomed.info/id/21577005,http://purl.org/sig/ont/fma/fma58420,1
2017,http://snomed.info/id/21577005,http://purl.org/sig/ont/fma/fma79981,1
2018,http://snomed.info/id/21577005,http://purl.org/sig/ont/fma/fma57807,1
2019,http://snomed.info/id/30894002,http://purl.org/sig/ont/fma/fma79981,1
2020,http://snomed.info/id/90040008,http://purl.org/sig/ont/fma/fma79981,1
2021,http://snomed.info/id/59362004,http://purl.org/sig/ont/fma/fma79985,1
2022,http://snomed.info/id/233953005,http://purl.org/sig/ont/fma/fma86103,1
2023,http://snomed.info/id/28584006,http://purl.org/sig/ont/fma/fma19097,1
2024,http://snomed.info/id/9262003,http://purl.org/sig/ont/fma/fma57969,1
2025,http://snomed.info/id/59757002,http://purl.org/sig/ont/fma/fma19097,1
2026,http://snomed.info/id/30838002,http://purl.org/sig/ont/fma/fma19131,1
2027,http://snomed.info/id/58285006,http://purl.org/sig/ont/fma/fma19097,1
2028,http://snomed.info/id/81354000,http://purl.org/sig/ont/fma/fma19131,1
2029,http://snomed.info/id/3093003,http://purl.org/sig/ont/fma/fma19097,1
2030,http://snomed.info/id/28350006,http://purl.org/sig/ont/fma/fma20455,1
2031,http://snomed.info/id/90721008,http://purl.org/sig/ont/fma/fma19131,1
2032,http://snomed.info/id/68317007,http://purl.org/sig/ont/fma/fma20189,1
2033,http://snomed.info/id/77049000,http://purl.org/sig/ont/fma/fma20767,1
2034,http://snomed.info/id/65006004,http://purl.org/sig/ont/fma/fma20724,1
2035,http://snomed.info/id/367736004,http://purl.org/sig/ont/fma/fma19782,1
2036,http://snomed.info/id/61001002,http://purl.org/sig/ont/fma/fma67745,1
2037,http://snomed.info/id/370140002,http://purl.org/sig/ont/fma/fma14070,1
2038,http://snomed.info/id/86915006,http://purl.org/sig/ont/fma/fma297484,1
2039,http://snomed.info/id/69912002,http://purl.org/sig/ont/fma/fma71481,1
2040,http://snomed.info/id/69912002,http://purl.org/sig/ont/fma/fma67745,1
2041,http://snomed.info/id/35419003,http://purl.org/sig/ont/fma/fma71481,1
2042,http://snomed.info/id/35419003,http://purl.org/sig/ont/fma/fma7146,1
2043,http://snomed.info/id/87818004,http://purl.org/sig/ont/fma/fma53146,1
2044,http://snomed.info/id/18402005,http://purl.org/sig/ont/fma/fma14462,1
2045,http://snomed.info/id/368121008,http://purl.org/sig/ont/fma/fma46489,1
2046,http://snomed.info/id/16178009,http://purl.org/sig/ont/fma/fma302988,1
2047,http://snomed.info/id/16178009,http://purl.org/sig/ont/fma/fma71500,1
2048,http://snomed.info/id/71373007,http://purl.org/sig/ont/fma/fma321942,1
2049,http://snomed.info/id/52197006,http://purl.org/sig/ont/fma/fma59543,1
2050,http://snomed.info/id/48900004,http://purl.org/sig/ont/fma/fma59543,1
2051,http://snomed.info/id/9609000,http://purl.org/sig/ont/fma/fma284626,1
2052,http://snomed.info/id/244088003,http://purl.org/sig/ont/fma/fma46489,1
2053,http://snomed.info/id/113249009,http://purl.org/sig/ont/fma/fma46489,1
2054,http://snomed.info/id/6553002,http://purl.org/sig/ont/fma/fma7477,1
2055,http://snomed.info/id/118648008,http://purl.org/sig/ont/fma/fma7477,1
2056,http://snomed.info/id/60962000,http://purl.org/sig/ont/fma/fma57456,1
2057,http://snomed.info/id/65289004,http://purl.org/sig/ont/fma/fma57456,1
2058,http://snomed.info/id/33415007,http://purl.org/sig/ont/fma/fma57456,1
2059,http://snomed.info/id/20968000,http://purl.org/sig/ont/fma/fma64848,1
2060,http://snomed.info/id/3377004,http://purl.org/sig/ont/fma/fma64848,1
2061,http://snomed.info/id/77220004,http://purl.org/sig/ont/fma/fma14462,1
2062,http://snomed.info/id/368903006,http://purl.org/sig/ont/fma/fma62082,1
2063,http://snomed.info/id/14518006,http://purl.org/sig/ont/fma/fma57450,1
2064,http://snomed.info/id/80134001,http://purl.org/sig/ont/fma/fma57450,1
2065,http://snomed.info/id/178579001,http://purl.org/sig/ont/fma/fma54908,1
2066,http://snomed.info/id/178679005,http://purl.org/sig/ont/fma/fma54908,1
2067,http://snomed.info/id/82521001,http://purl.org/sig/ont/fma/fma14462,1
2068,http://snomed.info/id/90432007,http://purl.org/sig/ont/fma/fma85362,1
2069,http://snomed.info/id/2292006,http://purl.org/sig/ont/fma/fma7146,1
2070,http://snomed.info/id/6864006,http://purl.org/sig/ont/fma/fma14065,1
2071,http://snomed.info/id/60766006,http://purl.org/sig/ont/fma/fma78442,1
2072,http://snomed.info/id/39066000,http://purl.org/sig/ont/fma/fma72058,1
2073,http://snomed.info/id/67318004,http://purl.org/sig/ont/fma/fma54921,1
2074,http://snomed.info/id/52664006,http://purl.org/sig/ont/fma/fma42603,1
2075,http://snomed.info/id/12892004,http://purl.org/sig/ont/fma/fma7145,1
2076,http://snomed.info/id/87762001,http://purl.org/sig/ont/fma/fma75445,1
2077,http://snomed.info/id/21582003,http://purl.org/sig/ont/fma/fma86375,1
2078,http://snomed.info/id/31200000,http://purl.org/sig/ont/fma/fma71481,1
2079,http://snomed.info/id/31200000,http://purl.org/sig/ont/fma/fma7146,1
2080,http://snomed.info/id/55839002,http://purl.org/sig/ont/fma/fma55293,1
2081,http://snomed.info/id/34841000,http://purl.org/sig/ont/fma/fma55326,1
2082,http://snomed.info/id/9880000,http://purl.org/sig/ont/fma/fma49176,1
2083,http://snomed.info/id/52738005,http://purl.org/sig/ont/fma/fma55293,1
2084,http://snomed.info/id/66617006,http://purl.org/sig/ont/fma/fma25625,1
2085,http://snomed.info/id/52345008,http://purl.org/sig/ont/fma/fma7145,1
2086,http://snomed.info/id/40659005,http://purl.org/sig/ont/fma/fma55312,1
2087,http://snomed.info/id/26596008,http://purl.org/sig/ont/fma/fma55312,1
2088,http://snomed.info/id/70023007,http://purl.org/sig/ont/fma/fma55100,1
2089,http://snomed.info/id/66150005,http://purl.org/sig/ont/fma/fma86375,1
2090,http://snomed.info/id/66030008,http://purl.org/sig/ont/fma/fma54921,1
2091,http://snomed.info/id/51307005,http://purl.org/sig/ont/fma/fma10483,1
2092,http://snomed.info/id/58176001,http://purl.org/sig/ont/fma/fma64135,1
2093,http://snomed.info/id/82925003,http://purl.org/sig/ont/fma/fma64135,1
2094,http://snomed.info/id/30076007,http://purl.org/sig/ont/fma/fma54921,1
2095,http://snomed.info/id/63847002,http://purl.org/sig/ont/fma/fma55261,1
2096,http://snomed.info/id/12207006,http://purl.org/sig/ont/fma/fma55100,1
2097,http://snomed.info/id/74241000,http://purl.org/sig/ont/fma/fma55108,1
2098,http://snomed.info/id/67581001,http://purl.org/sig/ont/fma/fma64170,1
2099,http://snomed.info/id/43545006,http://purl.org/sig/ont/fma/fma64170,1
2100,http://snomed.info/id/89345000,http://purl.org/sig/ont/fma/fma55404,1
2101,http://snomed.info/id/68876001,http://purl.org/sig/ont/fma/fma3724,1
2102,http://snomed.info/id/71955001,http://purl.org/sig/ont/fma/fma55508,1
2103,http://snomed.info/id/660006,http://purl.org/sig/ont/fma/fma85358,1
2104,http://snomed.info/id/23655005,http://purl.org/sig/ont/fma/fma7146,1
2105,http://snomed.info/id/23655005,http://purl.org/sig/ont/fma/fma71481,1
2106,http://snomed.info/id/17301001,http://purl.org/sig/ont/fma/fma7538,1
2107,http://snomed.info/id/17301001,http://purl.org/sig/ont/fma/fma71500,1
2108,http://snomed.info/id/167164000,http://purl.org/sig/ont/fma/fma14065,1
2109,http://snomed.info/id/18554002,http://purl.org/sig/ont/fma/fma82496,1
2110,http://snomed.info/id/28700002,http://purl.org/sig/ont/fma/fma86103,1
2111,http://snomed.info/id/64292007,http://purl.org/sig/ont/fma/fma14065,1
2112,http://snomed.info/id/30802009,http://purl.org/sig/ont/fma/fma85358,1
2113,http://snomed.info/id/85546005,http://purl.org/sig/ont/fma/fma85392,1
2114,http://snomed.info/id/88410004,http://purl.org/sig/ont/fma/fma71481,1
2115,http://snomed.info/id/88410004,http://purl.org/sig/ont/fma/fma7146,1
2116,http://snomed.info/id/20826001,http://purl.org/sig/ont/fma/fma7538,1
2117,http://snomed.info/id/29693009,http://purl.org/sig/ont/fma/fma85354,1
2118,http://snomed.info/id/70074004,http://purl.org/sig/ont/fma/fma7405,1
2119,http://snomed.info/id/11339004,http://purl.org/sig/ont/fma/fma13428,1
2120,http://snomed.info/id/113250009,http://purl.org/sig/ont/fma/fma7406,1
2121,http://snomed.info/id/64353002,http://purl.org/sig/ont/fma/fma13429,1
2122,http://snomed.info/id/63153000,http://purl.org/sig/ont/fma/fma13277,1
2123,http://snomed.info/id/75245000,http://purl.org/sig/ont/fma/fma7405,1
2124,http://snomed.info/id/23792002,http://purl.org/sig/ont/fma/fma13428,1
2125,http://snomed.info/id/11990006,http://purl.org/sig/ont/fma/fma7407,1
2126,http://snomed.info/id/59691009,http://purl.org/sig/ont/fma/fma7407,1
2127,http://snomed.info/id/82407001,http://purl.org/sig/ont/fma/fma13429,1
2128,http://snomed.info/id/74806005,http://purl.org/sig/ont/fma/fma13273,1
2129,http://snomed.info/id/76760009,http://purl.org/sig/ont/fma/fma13275,1
2130,http://snomed.info/id/80081002,http://purl.org/sig/ont/fma/fma13277,1
2131,http://snomed.info/id/10887006,http://purl.org/sig/ont/fma/fma85358,1
2132,http://snomed.info/id/528006,http://purl.org/sig/ont/fma/fma37338,1
2133,http://snomed.info/id/75688003,http://purl.org/sig/ont/fma/fma82478,1
2134,http://snomed.info/id/18012006,http://purl.org/sig/ont/fma/fma0329127,1
2135,http://snomed.info/id/57483003,http://purl.org/sig/ont/fma/fma7312,1
2136,http://snomed.info/id/74896003,http://purl.org/sig/ont/fma/fma13188,1
2137,http://snomed.info/id/42000008,http://purl.org/sig/ont/fma/fma7312,1
2138,http://snomed.info/id/34604003,http://purl.org/sig/ont/fma/fma7312,1
2139,http://snomed.info/id/3788008,http://purl.org/sig/ont/fma/fma13191,1
2140,http://snomed.info/id/27589003,http://purl.org/sig/ont/fma/fma13192,1
2141,http://snomed.info/id/11098002,http://purl.org/sig/ont/fma/fma13193,1
2142,http://snomed.info/id/74932000,http://purl.org/sig/ont/fma/fma13194,1
2143,http://snomed.info/id/16057008,http://purl.org/sig/ont/fma/fma13195,1
2144,http://snomed.info/id/27154009,http://purl.org/sig/ont/fma/fma321997,1
2145,http://snomed.info/id/75472005,http://purl.org/sig/ont/fma/fma7312,1
2146,http://snomed.info/id/50837003,http://purl.org/sig/ont/fma/fma86140,1
2147,http://snomed.info/id/14710002,http://purl.org/sig/ont/fma/fma7312,1
2148,http://snomed.info/id/22270008,http://purl.org/sig/ont/fma/fma13190,1
2149,http://snomed.info/id/41479000,http://purl.org/sig/ont/fma/fma7312,1
2150,http://snomed.info/id/66070001,http://purl.org/sig/ont/fma/fma7312,1
2151,http://snomed.info/id/12212007,http://purl.org/sig/ont/fma/fma13191,1
2152,http://snomed.info/id/63215004,http://purl.org/sig/ont/fma/fma13193,1
2153,http://snomed.info/id/15512001,http://purl.org/sig/ont/fma/fma13194,1
2154,http://snomed.info/id/46148009,http://purl.org/sig/ont/fma/fma13195,1
2155,http://snomed.info/id/90382001,http://purl.org/sig/ont/fma/fma13192,1
2156,http://snomed.info/id/21440004,http://purl.org/sig/ont/fma/fma321997,1
2157,http://snomed.info/id/31094006,http://purl.org/sig/ont/fma/fma45728,1
2158,http://snomed.info/id/31115005,http://purl.org/sig/ont/fma/fma14074,1
2159,http://snomed.info/id/81623005,http://purl.org/sig/ont/fma/fma15860,1
2160,http://snomed.info/id/80338007,http://purl.org/sig/ont/fma/fma15859,1
2161,http://snomed.info/id/27416003,http://purl.org/sig/ont/fma/fma21453,1
2162,http://snomed.info/id/19336009,http://purl.org/sig/ont/fma/fma21453,1
2163,http://snomed.info/id/20728007,http://purl.org/sig/ont/fma/fma21453,1
2164,http://snomed.info/id/36545001,http://purl.org/sig/ont/fma/fma21453,1
2165,http://snomed.info/id/9490002,http://purl.org/sig/ont/fma/fma7144,1
2166,http://snomed.info/id/64747004,http://purl.org/sig/ont/fma/fma9634,1
2167,http://snomed.info/id/66155000,http://purl.org/sig/ont/fma/fma57863,1
2168,http://snomed.info/id/20575005,http://purl.org/sig/ont/fma/fma86044,1
2169,http://snomed.info/id/74552007,http://purl.org/sig/ont/fma/fma9023,1
2170,http://snomed.info/id/68786006,http://purl.org/sig/ont/fma/fma86140,1
2171,http://snomed.info/id/17475005,http://purl.org/sig/ont/fma/fma86044,1
2172,http://snomed.info/id/17475005,http://purl.org/sig/ont/fma/fma14068,1
2173,http://snomed.info/id/75847001,http://purl.org/sig/ont/fma/fma9338,1
2174,http://snomed.info/id/70291006,http://purl.org/sig/ont/fma/fma63932,1
2175,http://snomed.info/id/82221002,http://purl.org/sig/ont/fma/fma63932,1
2176,http://snomed.info/id/24467006,http://purl.org/sig/ont/fma/fma293129,1
2177,http://snomed.info/id/61840008,http://purl.org/sig/ont/fma/fma7280,1
2178,http://snomed.info/id/61995003,http://purl.org/sig/ont/fma/fma14153,1
2179,http://snomed.info/id/6073002,http://purl.org/sig/ont/fma/fma16558,1
2180,http://snomed.info/id/77801005,http://purl.org/sig/ont/fma/fma49216,1
2181,http://snomed.info/id/277718001,http://purl.org/sig/ont/fma/fma86103,1
2182,http://snomed.info/id/8677005,http://purl.org/sig/ont/fma/fma14137,1
2183,http://snomed.info/id/128593006,http://purl.org/sig/ont/fma/fma14137,1
2184,http://snomed.info/id/14692001,http://purl.org/sig/ont/fma/fma84913,1
2185,http://snomed.info/id/56514005,http://purl.org/sig/ont/fma/fma52418,1
2186,http://snomed.info/id/7872004,http://purl.org/sig/ont/fma/fma86044,1
2187,http://snomed.info/id/5633004,http://purl.org/sig/ont/fma/fma52417,1
2188,http://snomed.info/id/23538004,http://purl.org/sig/ont/fma/fma7280,1
2189,http://snomed.info/id/53265005,http://purl.org/sig/ont/fma/fma268955,1
2190,http://snomed.info/id/88033008,http://purl.org/sig/ont/fma/fma268955,1
2191,http://snomed.info/id/81051000,http://purl.org/sig/ont/fma/fma268955,1
2192,http://snomed.info/id/73641004,http://purl.org/sig/ont/fma/fma78568,1
2193,http://snomed.info/id/73641004,http://purl.org/sig/ont/fma/fma7269,1
2194,http://snomed.info/id/8017000,http://purl.org/sig/ont/fma/fma13224,1
2195,http://snomed.info/id/34753009,http://purl.org/sig/ont/fma/fma85406,1
2196,http://snomed.info/id/3118005,http://purl.org/sig/ont/fma/fma7269,1
2197,http://snomed.info/id/3118005,http://purl.org/sig/ont/fma/fma78568,1
2198,http://snomed.info/id/3366005,http://purl.org/sig/ont/fma/fma268955,1
2199,http://snomed.info/id/2922005,http://purl.org/sig/ont/fma/fma268955,1
2200,http://snomed.info/id/70238003,http://purl.org/sig/ont/fma/fma13224,1
2201,http://snomed.info/id/13418002,http://purl.org/sig/ont/fma/fma13225,1
2202,http://snomed.info/id/57383004,http://purl.org/sig/ont/fma/fma6266,1
2203,http://snomed.info/id/84654008,http://purl.org/sig/ont/fma/fma6266,1
2204,http://snomed.info/id/91085002,http://purl.org/sig/ont/fma/fma6266,1
2205,http://snomed.info/id/113259005,http://purl.org/sig/ont/fma/fma77125,1
2206,http://snomed.info/id/32427001,http://purl.org/sig/ont/fma/fma67598,1
2207,http://snomed.info/id/3462006,http://purl.org/sig/ont/fma/fma76741,1
2208,http://snomed.info/id/90318009,http://purl.org/sig/ont/fma/fma77125,1
2209,http://snomed.info/id/31689007,http://purl.org/sig/ont/fma/fma7232,1
2210,http://snomed.info/id/65197004,http://purl.org/sig/ont/fma/fma77124,1
2211,http://snomed.info/id/46807008,http://purl.org/sig/ont/fma/fma67598,1
2212,http://snomed.info/id/77583004,http://purl.org/sig/ont/fma/fma77124,1
2213,http://snomed.info/id/81797008,http://purl.org/sig/ont/fma/fma7232,1
2214,http://snomed.info/id/61067001,http://purl.org/sig/ont/fma/fma15859,1
2215,http://snomed.info/id/67300002,http://purl.org/sig/ont/fma/fma14074,1
2216,http://snomed.info/id/118761004,http://purl.org/sig/ont/fma/fma258853,1
2217,http://snomed.info/id/24949005,http://purl.org/sig/ont/fma/fma258853,1
2218,http://snomed.info/id/40676009,http://purl.org/sig/ont/fma/fma57863,1
2219,http://snomed.info/id/40676009,http://purl.org/sig/ont/fma/fma70773,1
2220,http://snomed.info/id/84300001,http://purl.org/sig/ont/fma/fma55590,1
2221,http://snomed.info/id/68438000,http://purl.org/sig/ont/fma/fma66464,1
2222,http://snomed.info/id/84206009,http://purl.org/sig/ont/fma/fma85403,1
2223,http://snomed.info/id/24996002,http://purl.org/sig/ont/fma/fma14274,1
2224,http://snomed.info/id/36371001,http://purl.org/sig/ont/fma/fma13440,1
2225,http://snomed.info/id/24865005,http://purl.org/sig/ont/fma/fma13440,1
2226,http://snomed.info/id/88593004,http://purl.org/sig/ont/fma/fma14172,1
2227,http://snomed.info/id/2160002,http://purl.org/sig/ont/fma/fma14076,1
2228,http://snomed.info/id/1918003,http://purl.org/sig/ont/fma/fma14174,1
2229,http://snomed.info/id/28205006,http://purl.org/sig/ont/fma/fma14174,1
2230,http://snomed.info/id/12424003,http://purl.org/sig/ont/fma/fma14174,1
2231,http://snomed.info/id/73166001,http://purl.org/sig/ont/fma/fma14174,1
2232,http://snomed.info/id/3227004,http://purl.org/sig/ont/fma/fma15088,1
2233,http://snomed.info/id/59438005,http://purl.org/sig/ont/fma/fma66328,1
2234,http://snomed.info/id/68787002,http://purl.org/sig/ont/fma/fma15088,1
2235,http://snomed.info/id/36672000,http://purl.org/sig/ont/fma/fma15088,1
2236,http://snomed.info/id/44024001,http://purl.org/sig/ont/fma/fma13921,1
2237,http://snomed.info/id/57396003,http://purl.org/sig/ont/fma/fma66328,1
2238,http://snomed.info/id/52433000,http://purl.org/sig/ont/fma/fma15088,1
2239,http://snomed.info/id/6511003,http://purl.org/sig/ont/fma/fma15088,1
2240,http://snomed.info/id/51815003,http://purl.org/sig/ont/fma/fma12819,1
2241,http://snomed.info/id/91083009,http://purl.org/sig/ont/fma/fma15087,1
2242,http://snomed.info/id/41879009,http://purl.org/sig/ont/fma/fma15087,1
2243,http://snomed.info/id/53655008,http://purl.org/sig/ont/fma/fma66327,1
2244,http://snomed.info/id/12800002,http://purl.org/sig/ont/fma/fma66327,1
2245,http://snomed.info/id/83186006,http://purl.org/sig/ont/fma/fma66327,1
2246,http://snomed.info/id/22765000,http://purl.org/sig/ont/fma/fma3813,1
2247,http://snomed.info/id/68059001,http://purl.org/sig/ont/fma/fma3813,1
2248,http://snomed.info/id/78480002,http://purl.org/sig/ont/fma/fma268161,1
2249,http://snomed.info/id/8242003,http://purl.org/sig/ont/fma/fma8707,1
2250,http://snomed.info/id/18552003,http://purl.org/sig/ont/fma/fma13280,1
2251,http://snomed.info/id/67128002,http://purl.org/sig/ont/fma/fma13278,1
2252,http://snomed.info/id/27630003,http://purl.org/sig/ont/fma/fma8714,1
2253,http://snomed.info/id/53757008,http://purl.org/sig/ont/fma/fma8716,1
2254,http://snomed.info/id/70081006,http://purl.org/sig/ont/fma/fma8717,1
2255,http://snomed.info/id/20163008,http://purl.org/sig/ont/fma/fma8718,1
2256,http://snomed.info/id/61225004,http://purl.org/sig/ont/fma/fma8701,1
2257,http://snomed.info/id/51681000,http://purl.org/sig/ont/fma/fma8719,1
2258,http://snomed.info/id/19176007,http://purl.org/sig/ont/fma/fma66614,1
2259,http://snomed.info/id/35199007,http://purl.org/sig/ont/fma/fma71224,1
2260,http://snomed.info/id/50408007,http://purl.org/sig/ont/fma/fma268161,1
2261,http://snomed.info/id/24279008,http://purl.org/sig/ont/fma/fma8707,1
2262,http://snomed.info/id/57121005,http://purl.org/sig/ont/fma/fma66614,1
2263,http://snomed.info/id/53717005,http://purl.org/sig/ont/fma/fma13280,1
2264,http://snomed.info/id/59348006,http://purl.org/sig/ont/fma/fma66614,1
2265,http://snomed.info/id/55219005,http://purl.org/sig/ont/fma/fma68192,1
2266,http://snomed.info/id/186038005,http://purl.org/sig/ont/fma/fma8755,1
2267,http://snomed.info/id/186120009,http://purl.org/sig/ont/fma/fma8755,1
2268,http://snomed.info/id/24047005,http://purl.org/sig/ont/fma/fma8714,1
2269,http://snomed.info/id/23848006,http://purl.org/sig/ont/fma/fma8716,1
2270,http://snomed.info/id/70162000,http://purl.org/sig/ont/fma/fma8717,1
2271,http://snomed.info/id/24094002,http://purl.org/sig/ont/fma/fma8718,1
2272,http://snomed.info/id/6317000,http://purl.org/sig/ont/fma/fma8719,1
2273,http://snomed.info/id/23326007,http://purl.org/sig/ont/fma/fma71224,1
2274,http://snomed.info/id/72021004,http://purl.org/sig/ont/fma/fma70505,1
2275,http://snomed.info/id/46427002,http://purl.org/sig/ont/fma/fma66316,1
2276,http://snomed.info/id/47785004,http://purl.org/sig/ont/fma/fma66316,1
2277,http://snomed.info/id/12145000,http://purl.org/sig/ont/fma/fma66316,1
2278,http://snomed.info/id/52586000,http://purl.org/sig/ont/fma/fma66316,1
2279,http://snomed.info/id/79582003,http://purl.org/sig/ont/fma/fma66316,1
2280,http://snomed.info/id/59157009,http://purl.org/sig/ont/fma/fma66316,1
2281,http://snomed.info/id/80435006,http://purl.org/sig/ont/fma/fma70505,1
2282,http://snomed.info/id/64277006,http://purl.org/sig/ont/fma/fma66313,1
2283,http://snomed.info/id/67082001,http://purl.org/sig/ont/fma/fma66313,1
2284,http://snomed.info/id/113264009,http://purl.org/sig/ont/fma/fma70505,1
2285,http://snomed.info/id/35989001,http://purl.org/sig/ont/fma/fma49539,1
2286,http://snomed.info/id/35990005,http://purl.org/sig/ont/fma/fma49539,1
2287,http://snomed.info/id/71705003,http://purl.org/sig/ont/fma/fma49539,1
2288,http://snomed.info/id/89685002,http://purl.org/sig/ont/fma/fma49529,1
2289,http://snomed.info/id/23074001,http://purl.org/sig/ont/fma/fma70505,1
2290,http://snomed.info/id/148369008,http://purl.org/sig/ont/fma/fma49553,1
2291,http://snomed.info/id/32570003,http://purl.org/sig/ont/fma/fma49553,1
2292,http://snomed.info/id/31240006,http://purl.org/sig/ont/fma/fma49553,1
2293,http://snomed.info/id/79208000,http://purl.org/sig/ont/fma/fma49553,1
2294,http://snomed.info/id/47067000,http://purl.org/sig/ont/fma/fma49554,1
2295,http://snomed.info/id/235004,http://purl.org/sig/ont/fma/fma49554,1
2296,http://snomed.info/id/61231001,http://purl.org/sig/ont/fma/fma49554,1
2297,http://snomed.info/id/31145008,http://purl.org/sig/ont/fma/fma70505,1
2298,http://snomed.info/id/71030005,http://purl.org/sig/ont/fma/fma49589,1
2299,http://snomed.info/id/68907005,http://purl.org/sig/ont/fma/fma49589,1
2300,http://snomed.info/id/81180006,http://purl.org/sig/ont/fma/fma49589,1
2301,http://snomed.info/id/996007,http://purl.org/sig/ont/fma/fma49589,1
2302,http://snomed.info/id/31488006,http://purl.org/sig/ont/fma/fma49589,1
2303,http://snomed.info/id/33102007,http://purl.org/sig/ont/fma/fma49589,1
2304,http://snomed.info/id/81275005,http://purl.org/sig/ont/fma/fma49589,1
2305,http://snomed.info/id/20360001,http://purl.org/sig/ont/fma/fma70505,1
2306,http://snomed.info/id/71915003,http://purl.org/sig/ont/fma/fma49627,1
2307,http://snomed.info/id/77134005,http://purl.org/sig/ont/fma/fma79386,1
2308,http://snomed.info/id/45683000,http://purl.org/sig/ont/fma/fma49627,1
2309,http://snomed.info/id/3609007,http://purl.org/sig/ont/fma/fma49627,1
2310,http://snomed.info/id/15672000,http://purl.org/sig/ont/fma/fma70505,1
2311,http://snomed.info/id/50019000,http://purl.org/sig/ont/fma/fma49653,1
2312,http://snomed.info/id/2395005,http://purl.org/sig/ont/fma/fma49653,1
2313,http://snomed.info/id/29769007,http://purl.org/sig/ont/fma/fma49653,1
2314,http://snomed.info/id/69987000,http://purl.org/sig/ont/fma/fma49653,1
2315,http://snomed.info/id/20988001,http://purl.org/sig/ont/fma/fma49653,1
2316,http://snomed.info/id/73824004,http://purl.org/sig/ont/fma/fma49653,1
2317,http://snomed.info/id/1467009,http://purl.org/sig/ont/fma/fma49653,1
2318,http://snomed.info/id/72118004,http://purl.org/sig/ont/fma/fma49688,1
2319,http://snomed.info/id/83742008,http://purl.org/sig/ont/fma/fma49688,1
2320,http://snomed.info/id/61654003,http://purl.org/sig/ont/fma/fma49688,1
2321,http://snomed.info/id/32936006,http://purl.org/sig/ont/fma/fma49688,1
2322,http://snomed.info/id/402006,http://purl.org/sig/ont/fma/fma49698,1
2323,http://snomed.info/id/18399009,http://purl.org/sig/ont/fma/fma49698,1
2324,http://snomed.info/id/54927002,http://purl.org/sig/ont/fma/fma49698,1
2325,http://snomed.info/id/63824003,http://purl.org/sig/ont/fma/fma70521,1
2326,http://snomed.info/id/63824003,http://purl.org/sig/ont/fma/fma49794,1
2327,http://snomed.info/id/64395006,http://purl.org/sig/ont/fma/fma49688,1
2328,http://snomed.info/id/36947002,http://purl.org/sig/ont/fma/fma49714,1
2329,http://snomed.info/id/38393001,http://purl.org/sig/ont/fma/fma49688,1
2330,http://snomed.info/id/68930004,http://purl.org/sig/ont/fma/fma49688,1
2331,http://snomed.info/id/34661008,http://purl.org/sig/ont/fma/fma49688,1
2332,http://snomed.info/id/90222002,http://purl.org/sig/ont/fma/fma49688,1
2333,http://snomed.info/id/72303005,http://purl.org/sig/ont/fma/fma70506,1
2334,http://snomed.info/id/8752000,http://purl.org/sig/ont/fma/fma70506,1
2335,http://snomed.info/id/22354008,http://purl.org/sig/ont/fma/fma70506,1
2336,http://snomed.info/id/17999001,http://purl.org/sig/ont/fma/fma49814,1
2337,http://snomed.info/id/54409005,http://purl.org/sig/ont/fma/fma49814,1
2338,http://snomed.info/id/46119003,http://purl.org/sig/ont/fma/fma70521,1
2339,http://snomed.info/id/63255002,http://purl.org/sig/ont/fma/fma49872,1
2340,http://snomed.info/id/59749000,http://purl.org/sig/ont/fma/fma49872,1
2341,http://snomed.info/id/38550000,http://purl.org/sig/ont/fma/fma49933,1
2342,http://snomed.info/id/19414007,http://purl.org/sig/ont/fma/fma49933,1
2343,http://snomed.info/id/53100006,http://purl.org/sig/ont/fma/fma49872,1
2344,http://snomed.info/id/368801009,http://purl.org/sig/ont/fma/fma49952,1
2345,http://snomed.info/id/368802002,http://purl.org/sig/ont/fma/fma49952,1
2346,http://snomed.info/id/84883009,http://purl.org/sig/ont/fma/fma67610,1
2347,http://snomed.info/id/5979006,http://purl.org/sig/ont/fma/fma67610,1
2348,http://snomed.info/id/68133001,http://purl.org/sig/ont/fma/fma67610,1
2349,http://snomed.info/id/368804001,http://purl.org/sig/ont/fma/fma50015,1
2350,http://snomed.info/id/73954008,http://purl.org/sig/ont/fma/fma49872,1
2351,http://snomed.info/id/71754005,http://purl.org/sig/ont/fma/fma49992,1
2352,http://snomed.info/id/61906009,http://purl.org/sig/ont/fma/fma49872,1
2353,http://snomed.info/id/57975000,http://purl.org/sig/ont/fma/fma49933,1
2354,http://snomed.info/id/3395001,http://purl.org/sig/ont/fma/fma50015,1
2355,http://snomed.info/id/66311001,http://purl.org/sig/ont/fma/fma50015,1
2356,http://snomed.info/id/79559000,http://purl.org/sig/ont/fma/fma51956,1
2357,http://snomed.info/id/32292000,http://purl.org/sig/ont/fma/fma51956,1
2358,http://snomed.info/id/69551001,http://purl.org/sig/ont/fma/fma51886,1
2359,http://snomed.info/id/369335007,http://purl.org/sig/ont/fma/fma79615,1
2360,http://snomed.info/id/369336008,http://purl.org/sig/ont/fma/fma322909,1
2361,http://snomed.info/id/369337004,http://purl.org/sig/ont/fma/fma322909,1
2362,http://snomed.info/id/369338009,http://purl.org/sig/ont/fma/fma79615,1
2363,http://snomed.info/id/369339001,http://purl.org/sig/ont/fma/fma79615,1
2364,http://snomed.info/id/369340004,http://purl.org/sig/ont/fma/fma322909,1
2365,http://snomed.info/id/48624009,http://purl.org/sig/ont/fma/fma50031,1
2366,http://snomed.info/id/369318008,http://purl.org/sig/ont/fma/fma79615,1
2367,http://snomed.info/id/369304001,http://purl.org/sig/ont/fma/fma50081,1
2368,http://snomed.info/id/369306004,http://purl.org/sig/ont/fma/fma50081,1
2369,http://snomed.info/id/369309006,http://purl.org/sig/ont/fma/fma50081,1
2370,http://snomed.info/id/369312009,http://purl.org/sig/ont/fma/fma50081,1
2371,http://snomed.info/id/48568000,http://purl.org/sig/ont/fma/fma50081,1
2372,http://snomed.info/id/369317003,http://purl.org/sig/ont/fma/fma50081,1
2373,http://snomed.info/id/369313004,http://purl.org/sig/ont/fma/fma50081,1
2374,http://snomed.info/id/369307008,http://purl.org/sig/ont/fma/fma50436,1
2375,http://snomed.info/id/369308003,http://purl.org/sig/ont/fma/fma50436,1
2376,http://snomed.info/id/369310001,http://purl.org/sig/ont/fma/fma50438,1
2377,http://snomed.info/id/369311002,http://purl.org/sig/ont/fma/fma50438,1
2378,http://snomed.info/id/83232007,http://purl.org/sig/ont/fma/fma12295,1
2379,http://snomed.info/id/54834004,http://purl.org/sig/ont/fma/fma76270,1
2380,http://snomed.info/id/8640002,http://purl.org/sig/ont/fma/fma76266,1
2381,http://snomed.info/id/369357000,http://purl.org/sig/ont/fma/fma76270,1
2382,http://snomed.info/id/369356009,http://purl.org/sig/ont/fma/fma76269,1
2383,http://snomed.info/id/89471000,http://purl.org/sig/ont/fma/fma50547,1
2384,http://snomed.info/id/69581009,http://purl.org/sig/ont/fma/fma52238,1
2385,http://snomed.info/id/59950005,http://purl.org/sig/ont/fma/fma52238,1
2386,http://snomed.info/id/43291002,http://purl.org/sig/ont/fma/fma52245,1
2387,http://snomed.info/id/62010007,http://purl.org/sig/ont/fma/fma52252,1
2388,http://snomed.info/id/70138005,http://purl.org/sig/ont/fma/fma52245,1
2389,http://snomed.info/id/50395001,http://purl.org/sig/ont/fma/fma76269,1
2390,http://snomed.info/id/29456007,http://purl.org/sig/ont/fma/fma50586,1
2391,http://snomed.info/id/369349003,http://purl.org/sig/ont/fma/fma50586,1
2392,http://snomed.info/id/369350003,http://purl.org/sig/ont/fma/fma50651,1
2393,http://snomed.info/id/7736000,http://purl.org/sig/ont/fma/fma50586,1
2394,http://snomed.info/id/369343002,http://purl.org/sig/ont/fma/fma86127,1
2395,http://snomed.info/id/369344008,http://purl.org/sig/ont/fma/fma86127,1
2396,http://snomed.info/id/61720008,http://purl.org/sig/ont/fma/fma66267,1
2397,http://snomed.info/id/46704009,http://purl.org/sig/ont/fma/fma10704,1
2398,http://snomed.info/id/66117005,http://purl.org/sig/ont/fma/fma66267,1
2399,http://snomed.info/id/6538005,http://purl.org/sig/ont/fma/fma76301,1
2400,http://snomed.info/id/75522005,http://purl.org/sig/ont/fma/fma70353,1
2401,http://snomed.info/id/64141005,http://purl.org/sig/ont/fma/fma70373,1
2402,http://snomed.info/id/48628007,http://purl.org/sig/ont/fma/fma70373,1
2403,http://snomed.info/id/42118008,http://purl.org/sig/ont/fma/fma70373,1
2404,http://snomed.info/id/67674002,http://purl.org/sig/ont/fma/fma70373,1
2405,http://snomed.info/id/88843007,http://purl.org/sig/ont/fma/fma70373,1
2406,http://snomed.info/id/59373006,http://purl.org/sig/ont/fma/fma70353,1
2407,http://snomed.info/id/10475007,http://purl.org/sig/ont/fma/fma86020,1
2408,http://snomed.info/id/68745004,http://purl.org/sig/ont/fma/fma70373,1
2409,http://snomed.info/id/3159004,http://purl.org/sig/ont/fma/fma76301,1
2410,http://snomed.info/id/31567004,http://purl.org/sig/ont/fma/fma70399,1
2411,http://snomed.info/id/69327007,http://purl.org/sig/ont/fma/fma70345,1
2412,http://snomed.info/id/84680009,http://purl.org/sig/ont/fma/fma70358,1
2413,http://snomed.info/id/44561000,http://purl.org/sig/ont/fma/fma70358,1
2414,http://snomed.info/id/9837009,http://purl.org/sig/ont/fma/fma70358,1
2415,http://snomed.info/id/28991002,http://purl.org/sig/ont/fma/fma70358,1
2416,http://snomed.info/id/33641005,http://purl.org/sig/ont/fma/fma70358,1
2417,http://snomed.info/id/34988000,http://purl.org/sig/ont/fma/fma70358,1
2418,http://snomed.info/id/42420002,http://purl.org/sig/ont/fma/fma70358,1
2419,http://snomed.info/id/808000,http://purl.org/sig/ont/fma/fma66464,1
2420,http://snomed.info/id/91204006,http://purl.org/sig/ont/fma/fma66464,1
2421,http://snomed.info/id/206034008,http://purl.org/sig/ont/fma/fma66464,1
2422,http://snomed.info/id/38991005,http://purl.org/sig/ont/fma/fma66464,1
2423,http://snomed.info/id/46620008,http://purl.org/sig/ont/fma/fma70358,1
2424,http://snomed.info/id/33728001,http://purl.org/sig/ont/fma/fma70358,1
2425,http://snomed.info/id/49403000,http://purl.org/sig/ont/fma/fma70358,1
2426,http://snomed.info/id/23771002,http://purl.org/sig/ont/fma/fma70429,1
2427,http://snomed.info/id/66559000,http://purl.org/sig/ont/fma/fma70429,1
2428,http://snomed.info/id/18112008,http://purl.org/sig/ont/fma/fma70433,1
2429,http://snomed.info/id/69735007,http://purl.org/sig/ont/fma/fma71709,1
2430,http://snomed.info/id/35523009,http://purl.org/sig/ont/fma/fma71709,1
2431,http://snomed.info/id/90752009,http://purl.org/sig/ont/fma/fma71736,1
2432,http://snomed.info/id/33392008,http://purl.org/sig/ont/fma/fma71736,1
2433,http://snomed.info/id/52109002,http://purl.org/sig/ont/fma/fma70439,1
2434,http://snomed.info/id/34990004,http://purl.org/sig/ont/fma/fma14837,1
2435,http://snomed.info/id/37274004,http://purl.org/sig/ont/fma/fma70433,1
2436,http://snomed.info/id/56439003,http://purl.org/sig/ont/fma/fma70436,1
2437,http://snomed.info/id/67671005,http://purl.org/sig/ont/fma/fma70470,1
2438,http://snomed.info/id/81248003,http://purl.org/sig/ont/fma/fma70470,1
2439,http://snomed.info/id/3302009,http://purl.org/sig/ont/fma/fma70470,1
2440,http://snomed.info/id/15002000,http://purl.org/sig/ont/fma/fma70436,1
2441,http://snomed.info/id/49664001,http://purl.org/sig/ont/fma/fma70483,1
2442,http://snomed.info/id/25727004,http://purl.org/sig/ont/fma/fma70478,1
2443,http://snomed.info/id/83997005,http://purl.org/sig/ont/fma/fma70478,1
2444,http://snomed.info/id/1581009,http://purl.org/sig/ont/fma/fma70478,1
2445,http://snomed.info/id/77852007,http://purl.org/sig/ont/fma/fma70478,1
2446,http://snomed.info/id/120233009,http://purl.org/sig/ont/fma/fma70478,1
2447,http://snomed.info/id/50892007,http://purl.org/sig/ont/fma/fma21520,1
2448,http://snomed.info/id/1502004,http://purl.org/sig/ont/fma/fma21520,1
2449,http://snomed.info/id/58317009,http://purl.org/sig/ont/fma/fma21520,1
2450,http://snomed.info/id/7067009,http://purl.org/sig/ont/fma/fma70478,1
2451,http://snomed.info/id/42881009,http://purl.org/sig/ont/fma/fma70478,1
2452,http://snomed.info/id/40092000,http://purl.org/sig/ont/fma/fma21520,1
2453,http://snomed.info/id/76845003,http://purl.org/sig/ont/fma/fma70483,1
2454,http://snomed.info/id/2539000,http://purl.org/sig/ont/fma/fma70483,1
2455,http://snomed.info/id/21270006,http://purl.org/sig/ont/fma/fma70484,1
2456,http://snomed.info/id/202009,http://purl.org/sig/ont/fma/fma70484,1
2457,http://snomed.info/id/90586002,http://purl.org/sig/ont/fma/fma70484,1
2458,http://snomed.info/id/274060004,http://purl.org/sig/ont/fma/fma70484,1
2459,http://snomed.info/id/274143007,http://purl.org/sig/ont/fma/fma70484,1
2460,http://snomed.info/id/274231001,http://purl.org/sig/ont/fma/fma70484,1
2461,http://snomed.info/id/274329007,http://purl.org/sig/ont/fma/fma70484,1
2462,http://snomed.info/id/9481009,http://purl.org/sig/ont/fma/fma70484,1
2463,http://snomed.info/id/65780001,http://purl.org/sig/ont/fma/fma272278,1
2464,http://snomed.info/id/274522002,http://purl.org/sig/ont/fma/fma72006,1
2465,http://snomed.info/id/274624008,http://purl.org/sig/ont/fma/fma72006,1
2466,http://snomed.info/id/79868006,http://purl.org/sig/ont/fma/fma70484,1
2467,http://snomed.info/id/275606004,http://purl.org/sig/ont/fma/fma280989,1
2468,http://snomed.info/id/15567000,http://purl.org/sig/ont/fma/fma14764,1
2469,http://snomed.info/id/77428008,http://purl.org/sig/ont/fma/fma14764,1
2470,http://snomed.info/id/90024005,http://purl.org/sig/ont/fma/fma66464,1
2471,http://snomed.info/id/293947007,http://purl.org/sig/ont/fma/fma69804,1
2472,http://snomed.info/id/76361006,http://purl.org/sig/ont/fma/fma69804,1
2473,http://snomed.info/id/3156006,http://purl.org/sig/ont/fma/fma69803,1
2474,http://snomed.info/id/72504003,http://purl.org/sig/ont/fma/fma69804,1
2475,http://snomed.info/id/85259001,http://purl.org/sig/ont/fma/fma69803,1
2476,http://snomed.info/id/49927009,http://purl.org/sig/ont/fma/fma70044,1
2477,http://snomed.info/id/283984006,http://purl.org/sig/ont/fma/fma70044,1
2478,http://snomed.info/id/284057003,http://purl.org/sig/ont/fma/fma69803,1
2479,http://snomed.info/id/91079009,http://purl.org/sig/ont/fma/fma69803,1
2480,http://snomed.info/id/27714004,http://purl.org/sig/ont/fma/fma70087,1
2481,http://snomed.info/id/61442008,http://purl.org/sig/ont/fma/fma70087,1
2482,http://snomed.info/id/85802006,http://purl.org/sig/ont/fma/fma69803,1
2483,http://snomed.info/id/57967006,http://purl.org/sig/ont/fma/fma69803,1
2484,http://snomed.info/id/77276007,http://purl.org/sig/ont/fma/fma69803,1
2485,http://snomed.info/id/47182008,http://purl.org/sig/ont/fma/fma20839,1
2486,http://snomed.info/id/16385000,http://purl.org/sig/ont/fma/fma69805,1
2487,http://snomed.info/id/47856002,http://purl.org/sig/ont/fma/fma69805,1
2488,http://snomed.info/id/5458003,http://purl.org/sig/ont/fma/fma69805,1
2489,http://snomed.info/id/48098000,http://purl.org/sig/ont/fma/fma69805,1
2490,http://snomed.info/id/56738007,http://purl.org/sig/ont/fma/fma69805,1
2491,http://snomed.info/id/63473001,http://purl.org/sig/ont/fma/fma69805,1
2492,http://snomed.info/id/17061005,http://purl.org/sig/ont/fma/fma69805,1
2493,http://snomed.info/id/294150001,http://purl.org/sig/ont/fma/fma69805,1
2494,http://snomed.info/id/113269004,http://purl.org/sig/ont/fma/fma66464,1
2495,http://snomed.info/id/78577000,http://purl.org/sig/ont/fma/fma70247,1
2496,http://snomed.info/id/29168006,http://purl.org/sig/ont/fma/fma20694,1
2497,http://snomed.info/id/22770007,http://purl.org/sig/ont/fma/fma70188,1
2498,http://snomed.info/id/17918005,http://purl.org/sig/ont/fma/fma20694,1
2499,http://snomed.info/id/155008,http://purl.org/sig/ont/fma/fma70247,1
2500,http://snomed.info/id/29660000,http://purl.org/sig/ont/fma/fma66464,1
2501,http://snomed.info/id/34635009,http://purl.org/sig/ont/fma/fma66464,1
2502,http://snomed.info/id/27175001,http://purl.org/sig/ont/fma/fma66464,1
2503,http://snomed.info/id/11217004,http://purl.org/sig/ont/fma/fma66464,1
2504,http://snomed.info/id/12052000,http://purl.org/sig/ont/fma/fma66464,1
2505,http://snomed.info/id/66418008,http://purl.org/sig/ont/fma/fma66464,1
2506,http://snomed.info/id/47498007,http://purl.org/sig/ont/fma/fma66464,1
2507,http://snomed.info/id/75531005,http://purl.org/sig/ont/fma/fma66464,1
2508,http://snomed.info/id/70791007,http://purl.org/sig/ont/fma/fma66464,1
2509,http://snomed.info/id/2020000,http://purl.org/sig/ont/fma/fma70345,1
2510,http://snomed.info/id/75880008,http://purl.org/sig/ont/fma/fma70345,1
2511,http://snomed.info/id/3743007,http://purl.org/sig/ont/fma/fma70345,1
2512,http://snomed.info/id/31388007,http://purl.org/sig/ont/fma/fma70345,1
2513,http://snomed.info/id/31348002,http://purl.org/sig/ont/fma/fma323487,1
2514,http://snomed.info/id/20375009,http://purl.org/sig/ont/fma/fma323487,1
2515,http://snomed.info/id/368518000,http://purl.org/sig/ont/fma/fma22693,1
2516,http://snomed.info/id/46389003,http://purl.org/sig/ont/fma/fma22693,1
2517,http://snomed.info/id/10766009,http://purl.org/sig/ont/fma/fma22693,1
2518,http://snomed.info/id/80794009,http://purl.org/sig/ont/fma/fma22799,1
2519,http://snomed.info/id/26818002,http://purl.org/sig/ont/fma/fma3728,1
2520,http://snomed.info/id/20545000,http://purl.org/sig/ont/fma/fma22799,1
2521,http://snomed.info/id/64164007,http://purl.org/sig/ont/fma/fma22799,1
2522,http://snomed.info/id/35901001,http://purl.org/sig/ont/fma/fma22738,1
2523,http://snomed.info/id/285748007,http://purl.org/sig/ont/fma/fma3728,1
2524,http://snomed.info/id/10119003,http://purl.org/sig/ont/fma/fma3728,1
2525,http://snomed.info/id/18997002,http://purl.org/sig/ont/fma/fma22843,1
2526,http://snomed.info/id/6551000,http://purl.org/sig/ont/fma/fma22738,1
2527,http://snomed.info/id/38110006,http://purl.org/sig/ont/fma/fma22738,1
2528,http://snomed.info/id/87600000,http://purl.org/sig/ont/fma/fma22738,1
2529,http://snomed.info/id/368470002,http://purl.org/sig/ont/fma/fma22845,1
2530,http://snomed.info/id/51463007,http://purl.org/sig/ont/fma/fma70251,1
2531,http://snomed.info/id/31677005,http://purl.org/sig/ont/fma/fma29733,1
2532,http://snomed.info/id/31677005,http://purl.org/sig/ont/fma/fma70251,1
2533,http://snomed.info/id/2848001,http://purl.org/sig/ont/fma/fma70251,1
2534,http://snomed.info/id/302724005,http://purl.org/sig/ont/fma/fma69459,1
2535,http://snomed.info/id/30121003,http://purl.org/sig/ont/fma/fma69458,1
2536,http://snomed.info/id/302731009,http://purl.org/sig/ont/fma/fma66464,1
2537,http://snomed.info/id/64322004,http://purl.org/sig/ont/fma/fma66464,1
2538,http://snomed.info/id/22319001,http://purl.org/sig/ont/fma/fma66464,1
2539,http://snomed.info/id/8821006,http://purl.org/sig/ont/fma/fma43901,1
2540,http://snomed.info/id/28221001,http://purl.org/sig/ont/fma/fma44032,1
2541,http://snomed.info/id/44830000,http://purl.org/sig/ont/fma/fma43901,1
2542,http://snomed.info/id/74156002,http://purl.org/sig/ont/fma/fma43901,1
2543,http://snomed.info/id/67456002,http://purl.org/sig/ont/fma/fma43901,1
2544,http://snomed.info/id/30000000,http://purl.org/sig/ont/fma/fma69713,1
2545,http://snomed.info/id/83018002,http://purl.org/sig/ont/fma/fma69559,1
2546,http://snomed.info/id/48712007,http://purl.org/sig/ont/fma/fma69476,1
2547,http://snomed.info/id/17500001,http://purl.org/sig/ont/fma/fma69476,1
2548,http://snomed.info/id/14344007,http://purl.org/sig/ont/fma/fma69735,1
2549,http://snomed.info/id/32679006,http://purl.org/sig/ont/fma/fma69735,1
2550,http://snomed.info/id/59830005,http://purl.org/sig/ont/fma/fma69476,1
2551,http://snomed.info/id/52320005,http://purl.org/sig/ont/fma/fma69476,1
2552,http://snomed.info/id/86547008,http://purl.org/sig/ont/fma/fma268712,1
2553,http://snomed.info/id/230909004,http://purl.org/sig/ont/fma/fma69476,1
2554,http://snomed.info/id/231004001,http://purl.org/sig/ont/fma/fma69476,1
2555,http://snomed.info/id/244331005,http://purl.org/sig/ont/fma/fma69476,1
2556,http://snomed.info/id/83382004,http://purl.org/sig/ont/fma/fma69476,1
2557,http://snomed.info/id/3541007,http://purl.org/sig/ont/fma/fma69476,1
2558,http://snomed.info/id/49256001,http://purl.org/sig/ont/fma/fma69713,1
2559,http://snomed.info/id/29600002,http://purl.org/sig/ont/fma/fma86200,1
2560,http://snomed.info/id/55690003,http://purl.org/sig/ont/fma/fma29733,1
2561,http://snomed.info/id/87003004,http://purl.org/sig/ont/fma/fma29733,1
2562,http://snomed.info/id/72139006,http://purl.org/sig/ont/fma/fma67611,1
2563,http://snomed.info/id/36566009,http://purl.org/sig/ont/fma/fma14317,1
2564,http://snomed.info/id/87216005,http://purl.org/sig/ont/fma/fma50931,1
2565,http://snomed.info/id/87216005,http://purl.org/sig/ont/fma/fma63814,1
2566,http://snomed.info/id/71452008,http://purl.org/sig/ont/fma/fma50931,1
2567,http://snomed.info/id/47346009,http://purl.org/sig/ont/fma/fma50931,1
2568,http://snomed.info/id/152410000,http://purl.org/sig/ont/fma/fma63814,1
2569,http://snomed.info/id/152410000,http://purl.org/sig/ont/fma/fma50931,1
2570,http://snomed.info/id/152511004,http://purl.org/sig/ont/fma/fma50945,1
2571,http://snomed.info/id/152511004,http://purl.org/sig/ont/fma/fma63814,1
2572,http://snomed.info/id/58199002,http://purl.org/sig/ont/fma/fma50931,1
2573,http://snomed.info/id/58199002,http://purl.org/sig/ont/fma/fma63814,1
2574,http://snomed.info/id/87857007,http://purl.org/sig/ont/fma/fma63814,1
2575,http://snomed.info/id/87857007,http://purl.org/sig/ont/fma/fma50883,1
2576,http://snomed.info/id/152713004,http://purl.org/sig/ont/fma/fma63814,1
2577,http://snomed.info/id/152713004,http://purl.org/sig/ont/fma/fma50945,1
2578,http://snomed.info/id/152814000,http://purl.org/sig/ont/fma/fma52551,1
2579,http://snomed.info/id/70662004,http://purl.org/sig/ont/fma/fma77959,1
2580,http://snomed.info/id/39878000,http://purl.org/sig/ont/fma/fma50883,1
2581,http://snomed.info/id/18294001,http://purl.org/sig/ont/fma/fma51802,1
2582,http://snomed.info/id/18294001,http://purl.org/sig/ont/fma/fma63814,1
2583,http://snomed.info/id/1630006,http://purl.org/sig/ont/fma/fma51802,1
2584,http://snomed.info/id/47160001,http://purl.org/sig/ont/fma/fma51802,1
2585,http://snomed.info/id/47160001,http://purl.org/sig/ont/fma/fma63814,1
2586,http://snomed.info/id/73839003,http://purl.org/sig/ont/fma/fma63814,1
2587,http://snomed.info/id/73839003,http://purl.org/sig/ont/fma/fma51800,1
2588,http://snomed.info/id/152915000,http://purl.org/sig/ont/fma/fma50883,1
2589,http://snomed.info/id/153016005,http://purl.org/sig/ont/fma/fma50883,1
2590,http://snomed.info/id/50651000,http://purl.org/sig/ont/fma/fma50883,1
2591,http://snomed.info/id/71585003,http://purl.org/sig/ont/fma/fma22930,1
2592,http://snomed.info/id/5115006,http://purl.org/sig/ont/fma/fma14317,1
2593,http://snomed.info/id/158670005,http://purl.org/sig/ont/fma/fma22930,1
2594,http://snomed.info/id/158768009,http://purl.org/sig/ont/fma/fma14317,1
2595,http://snomed.info/id/158856008,http://purl.org/sig/ont/fma/fma50857,1
2596,http://snomed.info/id/159105008,http://purl.org/sig/ont/fma/fma14317,1
2597,http://snomed.info/id/159180000,http://purl.org/sig/ont/fma/fma14317,1
2598,http://snomed.info/id/159180000,http://purl.org/sig/ont/fma/fma63814,1
2599,http://snomed.info/id/12123001,http://purl.org/sig/ont/fma/fma77883,1
2600,http://snomed.info/id/56912000,http://purl.org/sig/ont/fma/fma80477,1
2601,http://snomed.info/id/32530005,http://purl.org/sig/ont/fma/fma80477,1
2602,http://snomed.info/id/369363009,http://purl.org/sig/ont/fma/fma78048,1
2603,http://snomed.info/id/369363009,http://purl.org/sig/ont/fma/fma63814,1
2604,http://snomed.info/id/40880001,http://purl.org/sig/ont/fma/fma77959,1
2605,http://snomed.info/id/153218003,http://purl.org/sig/ont/fma/fma78208,1
2606,http://snomed.info/id/153218003,http://purl.org/sig/ont/fma/fma63814,1
2607,http://snomed.info/id/159263006,http://purl.org/sig/ont/fma/fma78208,1
2608,http://snomed.info/id/153319009,http://purl.org/sig/ont/fma/fma78208,1
2609,http://snomed.info/id/153420002,http://purl.org/sig/ont/fma/fma78208,1
2610,http://snomed.info/id/23664000,http://purl.org/sig/ont/fma/fma77883,1
2611,http://snomed.info/id/46584009,http://purl.org/sig/ont/fma/fma14295,1
2612,http://snomed.info/id/46584009,http://purl.org/sig/ont/fma/fma63814,1
2613,http://snomed.info/id/159341004,http://purl.org/sig/ont/fma/fma77883,1
2614,http://snomed.info/id/153521000,http://purl.org/sig/ont/fma/fma4767,1
2615,http://snomed.info/id/15650002,http://purl.org/sig/ont/fma/fma77883,1
2616,http://snomed.info/id/68330008,http://purl.org/sig/ont/fma/fma18935,1
2617,http://snomed.info/id/18722008,http://purl.org/sig/ont/fma/fma18935,1
2618,http://snomed.info/id/75207001,http://purl.org/sig/ont/fma/fma63814,1
2619,http://snomed.info/id/75207001,http://purl.org/sig/ont/fma/fma66644,1
2620,http://snomed.info/id/56296005,http://purl.org/sig/ont/fma/fma29733,1
2621,http://snomed.info/id/181376008,http://purl.org/sig/ont/fma/fma29733,1
2622,http://snomed.info/id/18209004,http://purl.org/sig/ont/fma/fma77959,1
2623,http://snomed.info/id/20188000,http://purl.org/sig/ont/fma/fma77959,1
2624,http://snomed.info/id/20188000,http://purl.org/sig/ont/fma/fma63814,1
2625,http://snomed.info/id/159439001,http://purl.org/sig/ont/fma/fma77959,1
2626,http://snomed.info/id/9086005,http://purl.org/sig/ont/fma/fma77969,1
2627,http://snomed.info/id/48462001,http://purl.org/sig/ont/fma/fma50982,1
2628,http://snomed.info/id/48462001,http://purl.org/sig/ont/fma/fma63814,1
2629,http://snomed.info/id/72468004,http://purl.org/sig/ont/fma/fma63814,1
2630,http://snomed.info/id/72468004,http://purl.org/sig/ont/fma/fma50982,1
2631,http://snomed.info/id/78440006,http://purl.org/sig/ont/fma/fma63814,1
2632,http://snomed.info/id/5213007,http://purl.org/sig/ont/fma/fma63814,1
2633,http://snomed.info/id/32114007,http://purl.org/sig/ont/fma/fma63814,1
2634,http://snomed.info/id/8133004,http://purl.org/sig/ont/fma/fma50982,1
2635,http://snomed.info/id/64745007,http://purl.org/sig/ont/fma/fma50982,1
2636,http://snomed.info/id/38703007,http://purl.org/sig/ont/fma/fma3729,1
2637,http://snomed.info/id/23540009,http://purl.org/sig/ont/fma/fma51022,1
2638,http://snomed.info/id/55155007,http://purl.org/sig/ont/fma/fma63814,1
2639,http://snomed.info/id/55155007,http://purl.org/sig/ont/fma/fma51022,1
2640,http://snomed.info/id/369367005,http://purl.org/sig/ont/fma/fma63814,1
2641,http://snomed.info/id/369367005,http://purl.org/sig/ont/fma/fma51312,1
2642,http://snomed.info/id/369368000,http://purl.org/sig/ont/fma/fma51022,1
2643,http://snomed.info/id/70812007,http://purl.org/sig/ont/fma/fma51328,1
2644,http://snomed.info/id/369369008,http://purl.org/sig/ont/fma/fma51022,1
2645,http://snomed.info/id/369381007,http://purl.org/sig/ont/fma/fma51022,1
2646,http://snomed.info/id/369381007,http://purl.org/sig/ont/fma/fma63814,1
2647,http://snomed.info/id/369370009,http://purl.org/sig/ont/fma/fma51006,1
2648,http://snomed.info/id/369371008,http://purl.org/sig/ont/fma/fma51006,1
2649,http://snomed.info/id/369372001,http://purl.org/sig/ont/fma/fma51006,1
2650,http://snomed.info/id/369373006,http://purl.org/sig/ont/fma/fma51006,1
2651,http://snomed.info/id/369373006,http://purl.org/sig/ont/fma/fma63814,1
2652,http://snomed.info/id/369374000,http://purl.org/sig/ont/fma/fma51328,1
2653,http://snomed.info/id/369375004,http://purl.org/sig/ont/fma/fma50996,1
2654,http://snomed.info/id/369376003,http://purl.org/sig/ont/fma/fma63814,1
2655,http://snomed.info/id/369376003,http://purl.org/sig/ont/fma/fma77883,1
2656,http://snomed.info/id/369377007,http://purl.org/sig/ont/fma/fma63814,1
2657,http://snomed.info/id/369378002,http://purl.org/sig/ont/fma/fma63814,1
2658,http://snomed.info/id/369380008,http://purl.org/sig/ont/fma/fma77883,1
2659,http://snomed.info/id/369380008,http://purl.org/sig/ont/fma/fma63814,1
2660,http://snomed.info/id/51762003,http://purl.org/sig/ont/fma/fma4767,1
2661,http://snomed.info/id/369384004,http://purl.org/sig/ont/fma/fma63814,1
2662,http://snomed.info/id/82509000,http://purl.org/sig/ont/fma/fma51244,1
2663,http://snomed.info/id/153622002,http://purl.org/sig/ont/fma/fma51728,1
2664,http://snomed.info/id/153723004,http://purl.org/sig/ont/fma/fma63814,1
2665,http://snomed.info/id/153723004,http://purl.org/sig/ont/fma/fma51728,1
2666,http://snomed.info/id/6050005,http://purl.org/sig/ont/fma/fma51728,1
2667,http://snomed.info/id/32743007,http://purl.org/sig/ont/fma/fma63814,1
2668,http://snomed.info/id/32743007,http://purl.org/sig/ont/fma/fma51728,1
2669,http://snomed.info/id/31575005,http://purl.org/sig/ont/fma/fma63814,1
2670,http://snomed.info/id/49091003,http://purl.org/sig/ont/fma/fma63814,1
2671,http://snomed.info/id/81117001,http://purl.org/sig/ont/fma/fma51244,1
2672,http://snomed.info/id/37684007,http://purl.org/sig/ont/fma/fma63814,1
2673,http://snomed.info/id/37684007,http://purl.org/sig/ont/fma/fma52405,1
2674,http://snomed.info/id/65116009,http://purl.org/sig/ont/fma/fma52410,1
2675,http://snomed.info/id/9108007,http://purl.org/sig/ont/fma/fma52425,1
2676,http://snomed.info/id/88435005,http://purl.org/sig/ont/fma/fma52425,1
2677,http://snomed.info/id/28573004,http://purl.org/sig/ont/fma/fma52405,1
2678,http://snomed.info/id/86998007,http://purl.org/sig/ont/fma/fma77883,1
2679,http://snomed.info/id/28306005,http://purl.org/sig/ont/fma/fma52410,1
2680,http://snomed.info/id/151097005,http://purl.org/sig/ont/fma/fma52432,1
2681,http://snomed.info/id/151198003,http://purl.org/sig/ont/fma/fma52432,1
2682,http://snomed.info/id/66965005,http://purl.org/sig/ont/fma/fma71209,1
2683,http://snomed.info/id/68735001,http://purl.org/sig/ont/fma/fma4767,1
2684,http://snomed.info/id/206400002,http://purl.org/sig/ont/fma/fma71209,1
2685,http://snomed.info/id/57008001,http://purl.org/sig/ont/fma/fma63814,1
2686,http://snomed.info/id/57008001,http://purl.org/sig/ont/fma/fma77883,1
2687,http://snomed.info/id/206486005,http://purl.org/sig/ont/fma/fma22930,1
2688,http://snomed.info/id/206486005,http://purl.org/sig/ont/fma/fma63814,1
2689,http://snomed.info/id/206562005,http://purl.org/sig/ont/fma/fma22930,1
2690,http://snomed.info/id/368061007,http://purl.org/sig/ont/fma/fma14294,1
2691,http://snomed.info/id/368062000,http://purl.org/sig/ont/fma/fma77883,1
2692,http://snomed.info/id/368063005,http://purl.org/sig/ont/fma/fma63814,1
2693,http://snomed.info/id/368063005,http://purl.org/sig/ont/fma/fma14293,1
2694,http://snomed.info/id/368064004,http://purl.org/sig/ont/fma/fma63814,1
2695,http://snomed.info/id/368064004,http://purl.org/sig/ont/fma/fma66644,1
2696,http://snomed.info/id/65571004,http://purl.org/sig/ont/fma/fma77883,1
2697,http://snomed.info/id/16991009,http://purl.org/sig/ont/fma/fma29733,1
2698,http://snomed.info/id/25527002,http://purl.org/sig/ont/fma/fma14294,1
2699,http://snomed.info/id/60626004,http://purl.org/sig/ont/fma/fma14294,1
2700,http://snomed.info/id/90895003,http://purl.org/sig/ont/fma/fma77883,1
2701,http://snomed.info/id/90895003,http://purl.org/sig/ont/fma/fma63814,1
2702,http://snomed.info/id/43250004,http://purl.org/sig/ont/fma/fma78048,1
2703,http://snomed.info/id/43250004,http://purl.org/sig/ont/fma/fma63814,1
2704,http://snomed.info/id/20190004,http://purl.org/sig/ont/fma/fma63814,1
2705,http://snomed.info/id/20190004,http://purl.org/sig/ont/fma/fma78048,1
2706,http://snomed.info/id/88004007,http://purl.org/sig/ont/fma/fma14294,1
2707,http://snomed.info/id/9384000,http://purl.org/sig/ont/fma/fma63814,1
2708,http://snomed.info/id/9384000,http://purl.org/sig/ont/fma/fma78049,1
2709,http://snomed.info/id/57481001,http://purl.org/sig/ont/fma/fma66644,1
2710,http://snomed.info/id/20976003,http://purl.org/sig/ont/fma/fma63814,1
2711,http://snomed.info/id/20976003,http://purl.org/sig/ont/fma/fma78048,1
2712,http://snomed.info/id/10769002,http://purl.org/sig/ont/fma/fma63814,1
2713,http://snomed.info/id/10769002,http://purl.org/sig/ont/fma/fma78048,1
2714,http://snomed.info/id/56369009,http://purl.org/sig/ont/fma/fma63814,1
2715,http://snomed.info/id/56369009,http://purl.org/sig/ont/fma/fma78049,1
2716,http://snomed.info/id/206658008,http://purl.org/sig/ont/fma/fma50723,1
2717,http://snomed.info/id/85439003,http://purl.org/sig/ont/fma/fma66644,1
2718,http://snomed.info/id/85439003,http://purl.org/sig/ont/fma/fma63814,1
2719,http://snomed.info/id/48955001,http://purl.org/sig/ont/fma/fma14153,1
2720,http://snomed.info/id/194996006,http://purl.org/sig/ont/fma/fma50307,1
2721,http://snomed.info/id/194996006,http://purl.org/sig/ont/fma/fma63814,1
2722,http://snomed.info/id/277731006,http://purl.org/sig/ont/fma/fma50307,1
2723,http://snomed.info/id/277731006,http://purl.org/sig/ont/fma/fma63814,1
2724,http://snomed.info/id/195416006,http://purl.org/sig/ont/fma/fma63814,1
2725,http://snomed.info/id/8629005,http://purl.org/sig/ont/fma/fma49908,1
2726,http://snomed.info/id/34611004,http://purl.org/sig/ont/fma/fma13444,1
2727,http://snomed.info/id/46482006,http://purl.org/sig/ont/fma/fma13442,1
2728,http://snomed.info/id/44367000,http://purl.org/sig/ont/fma/fma13443,1
2729,http://snomed.info/id/87474001,http://purl.org/sig/ont/fma/fma9410,1
2730,http://snomed.info/id/113273001,http://purl.org/sig/ont/fma/fma49910,1
2731,http://snomed.info/id/26910005,http://purl.org/sig/ont/fma/fma13445,1
2732,http://snomed.info/id/34855008,http://purl.org/sig/ont/fma/fma12861,1
2733,http://snomed.info/id/14451004,http://purl.org/sig/ont/fma/fma12862,1
2734,http://snomed.info/id/78052006,http://purl.org/sig/ont/fma/fma13290,1
2735,http://snomed.info/id/88286002,http://purl.org/sig/ont/fma/fma12863,1
2736,http://snomed.info/id/43863001,http://purl.org/sig/ont/fma/fma49908,1
2737,http://snomed.info/id/26324000,http://purl.org/sig/ont/fma/fma9411,1
2738,http://snomed.info/id/39484005,http://purl.org/sig/ont/fma/fma13442,1
2739,http://snomed.info/id/51249003,http://purl.org/sig/ont/fma/fma49910,1
2740,http://snomed.info/id/67252003,http://purl.org/sig/ont/fma/fma13445,1
2741,http://snomed.info/id/22919009,http://purl.org/sig/ont/fma/fma12861,1
2742,http://snomed.info/id/42408005,http://purl.org/sig/ont/fma/fma12862,1
2743,http://snomed.info/id/35120000,http://purl.org/sig/ont/fma/fma13290,1
2744,http://snomed.info/id/58235002,http://purl.org/sig/ont/fma/fma12863,1
2745,http://snomed.info/id/75168003,http://purl.org/sig/ont/fma/fma77883,1
2746,http://snomed.info/id/50152008,http://purl.org/sig/ont/fma/fma4767,1
2747,http://snomed.info/id/46686004,http://purl.org/sig/ont/fma/fma62828,1
2748,http://snomed.info/id/33432006,http://purl.org/sig/ont/fma/fma63814,1
2749,http://snomed.info/id/33432006,http://purl.org/sig/ont/fma/fma77883,1
2750,http://snomed.info/id/159530000,http://purl.org/sig/ont/fma/fma77883,1
2751,http://snomed.info/id/159530000,http://purl.org/sig/ont/fma/fma63814,1
2752,http://snomed.info/id/26584001,http://purl.org/sig/ont/fma/fma63814,1
2753,http://snomed.info/id/26584001,http://purl.org/sig/ont/fma/fma14293,1
2754,http://snomed.info/id/818996002,http://purl.org/sig/ont/fma/fma63814,1
2755,http://snomed.info/id/313762007,http://purl.org/sig/ont/fma/fma63814,1
2756,http://snomed.info/id/313762007,http://purl.org/sig/ont/fma/fma14293,1
2757,http://snomed.info/id/41026000,http://purl.org/sig/ont/fma/fma68064,1
2758,http://snomed.info/id/248792009,http://purl.org/sig/ont/fma/fma14348,1
2759,http://snomed.info/id/367708009,http://purl.org/sig/ont/fma/fma14344,1
2760,http://snomed.info/id/259343000,http://purl.org/sig/ont/fma/fma14346,1
2761,http://snomed.info/id/57666000,http://purl.org/sig/ont/fma/fma63814,1
2762,http://snomed.info/id/57666000,http://purl.org/sig/ont/fma/fma78049,1
2763,http://snomed.info/id/276115001,http://purl.org/sig/ont/fma/fma63814,1
2764,http://snomed.info/id/276176009,http://purl.org/sig/ont/fma/fma63814,1
2765,http://snomed.info/id/276193009,http://purl.org/sig/ont/fma/fma63814,1
2766,http://snomed.info/id/248889002,http://purl.org/sig/ont/fma/fma14348,1
2767,http://snomed.info/id/367709001,http://purl.org/sig/ont/fma/fma14344,1
2768,http://snomed.info/id/259368003,http://purl.org/sig/ont/fma/fma14346,1
2769,http://snomed.info/id/71469005,http://purl.org/sig/ont/fma/fma4767,1
2770,http://snomed.info/id/65611003,http://purl.org/sig/ont/fma/fma71903,1
2771,http://snomed.info/id/34154005,http://purl.org/sig/ont/fma/fma71903,1
2772,http://snomed.info/id/304375006,http://purl.org/sig/ont/fma/fma71903,1
2773,http://snomed.info/id/73931004,http://purl.org/sig/ont/fma/fma71903,1
2774,http://snomed.info/id/70253006,http://purl.org/sig/ont/fma/fma71903,1
2775,http://snomed.info/id/284639000,http://purl.org/sig/ont/fma/fma3717,1
2776,http://snomed.info/id/74680004,http://purl.org/sig/ont/fma/fma30314,1
2777,http://snomed.info/id/49253009,http://purl.org/sig/ont/fma/fma15396,1
2778,http://snomed.info/id/16625006,http://purl.org/sig/ont/fma/fma15396,1
2779,http://snomed.info/id/31995005,http://purl.org/sig/ont/fma/fma50736,1
2780,http://snomed.info/id/24170000,http://purl.org/sig/ont/fma/fma15396,1
2781,http://snomed.info/id/24170000,http://purl.org/sig/ont/fma/fma63814,1
2782,http://snomed.info/id/90776001,http://purl.org/sig/ont/fma/fma15396,1
2783,http://snomed.info/id/90771006,http://purl.org/sig/ont/fma/fma50736,1
2784,http://snomed.info/id/8059004,http://purl.org/sig/ont/fma/fma63814,1
2785,http://snomed.info/id/8059004,http://purl.org/sig/ont/fma/fma15387,1
2786,http://snomed.info/id/285463009,http://purl.org/sig/ont/fma/fma15396,1
2787,http://snomed.info/id/285289006,http://purl.org/sig/ont/fma/fma15409,1
2788,http://snomed.info/id/285564001,http://purl.org/sig/ont/fma/fma15396,1
2789,http://snomed.info/id/285632004,http://purl.org/sig/ont/fma/fma15396,1
2790,http://snomed.info/id/20113003,http://purl.org/sig/ont/fma/fma15396,1
2791,http://snomed.info/id/248547004,http://purl.org/sig/ont/fma/fma63814,1
2792,http://snomed.info/id/248547004,http://purl.org/sig/ont/fma/fma15396,1
2793,http://snomed.info/id/42321004,http://purl.org/sig/ont/fma/fma63814,1
2794,http://snomed.info/id/42321004,http://purl.org/sig/ont/fma/fma15387,1
2795,http://snomed.info/id/68180009,http://purl.org/sig/ont/fma/fma15387,1
2796,http://snomed.info/id/32859001,http://purl.org/sig/ont/fma/fma15387,1
2797,http://snomed.info/id/15939002,http://purl.org/sig/ont/fma/fma15392,1
2798,http://snomed.info/id/65213009,http://purl.org/sig/ont/fma/fma63814,1
2799,http://snomed.info/id/65213009,http://purl.org/sig/ont/fma/fma15392,1
2800,http://snomed.info/id/51005008,http://purl.org/sig/ont/fma/fma15392,1
2801,http://snomed.info/id/46027005,http://purl.org/sig/ont/fma/fma78049,1
2802,http://snomed.info/id/294756001,http://purl.org/sig/ont/fma/fma18889,1
2803,http://snomed.info/id/84911000,http://purl.org/sig/ont/fma/fma18889,1
2804,http://snomed.info/id/63507001,http://purl.org/sig/ont/fma/fma78049,1
2805,http://snomed.info/id/26204002,http://purl.org/sig/ont/fma/fma78204,1
2806,http://snomed.info/id/294858005,http://purl.org/sig/ont/fma/fma78204,1
2807,http://snomed.info/id/40300007,http://purl.org/sig/ont/fma/fma78049,1
2808,http://snomed.info/id/294959001,http://purl.org/sig/ont/fma/fma4767,1
2809,http://snomed.info/id/295061002,http://purl.org/sig/ont/fma/fma63814,1
2810,http://snomed.info/id/295162007,http://purl.org/sig/ont/fma/fma4767,1
2811,http://snomed.info/id/29108008,http://purl.org/sig/ont/fma/fma4767,1
2812,http://snomed.info/id/295774004,http://purl.org/sig/ont/fma/fma4767,1
2813,http://snomed.info/id/367733007,http://purl.org/sig/ont/fma/fma21240,1
2814,http://snomed.info/id/367661005,http://purl.org/sig/ont/fma/fma18889,1
2815,http://snomed.info/id/295263009,http://purl.org/sig/ont/fma/fma18889,1
2816,http://snomed.info/id/295263009,http://purl.org/sig/ont/fma/fma63814,1
2817,http://snomed.info/id/295366003,http://purl.org/sig/ont/fma/fma18889,1
2818,http://snomed.info/id/295366003,http://purl.org/sig/ont/fma/fma63814,1
2819,http://snomed.info/id/295467008,http://purl.org/sig/ont/fma/fma63814,1
2820,http://snomed.info/id/295467008,http://purl.org/sig/ont/fma/fma18889,1
2821,http://snomed.info/id/295569009,http://purl.org/sig/ont/fma/fma63814,1
2822,http://snomed.info/id/295569009,http://purl.org/sig/ont/fma/fma18889,1
2823,http://snomed.info/id/295670003,http://purl.org/sig/ont/fma/fma18889,1
2824,http://snomed.info/id/367732002,http://purl.org/sig/ont/fma/fma63814,1
2825,http://snomed.info/id/3984002,http://purl.org/sig/ont/fma/fma63814,1
2826,http://snomed.info/id/15935008,http://purl.org/sig/ont/fma/fma63814,1
2827,http://snomed.info/id/15935008,http://purl.org/sig/ont/fma/fma21247,1
2828,http://snomed.info/id/367665001,http://purl.org/sig/ont/fma/fma63814,1
2829,http://snomed.info/id/367665001,http://purl.org/sig/ont/fma/fma21247,1
2830,http://snomed.info/id/367734001,http://purl.org/sig/ont/fma/fma18889,1
2831,http://snomed.info/id/367734001,http://purl.org/sig/ont/fma/fma21240,1
2832,http://snomed.info/id/20877008,http://purl.org/sig/ont/fma/fma18889,1
2833,http://snomed.info/id/285718009,http://purl.org/sig/ont/fma/fma63814,1
2834,http://snomed.info/id/285718009,http://purl.org/sig/ont/fma/fma18889,1
2835,http://snomed.info/id/285798008,http://purl.org/sig/ont/fma/fma21240,1
2836,http://snomed.info/id/285798008,http://purl.org/sig/ont/fma/fma63814,1
2837,http://snomed.info/id/60028002,http://purl.org/sig/ont/fma/fma63814,1
2838,http://snomed.info/id/60028002,http://purl.org/sig/ont/fma/fma18889,1
2839,http://snomed.info/id/4810005,http://purl.org/sig/ont/fma/fma4767,1
2840,http://snomed.info/id/35119006,http://purl.org/sig/ont/fma/fma4767,1
2841,http://snomed.info/id/122775001,http://purl.org/sig/ont/fma/fma63814,1
2842,http://snomed.info/id/80354005,http://purl.org/sig/ont/fma/fma63814,1
2843,http://snomed.info/id/119557004,http://purl.org/sig/ont/fma/fma63814,1
2844,http://snomed.info/id/119557004,http://purl.org/sig/ont/fma/fma29733,1
2845,http://snomed.info/id/88010007,http://purl.org/sig/ont/fma/fma63814,1
2846,http://snomed.info/id/88010007,http://purl.org/sig/ont/fma/fma29733,1
2847,http://snomed.info/id/71049009,http://purl.org/sig/ont/fma/fma29733,1
2848,http://snomed.info/id/71049009,http://purl.org/sig/ont/fma/fma63814,1
2849,http://snomed.info/id/119558009,http://purl.org/sig/ont/fma/fma29733,1
2850,http://snomed.info/id/119558009,http://purl.org/sig/ont/fma/fma63814,1
2851,http://snomed.info/id/368479001,http://purl.org/sig/ont/fma/fma3729,1
2852,http://snomed.info/id/368480003,http://purl.org/sig/ont/fma/fma63814,1
2853,http://snomed.info/id/368480003,http://purl.org/sig/ont/fma/fma22926,1
2854,http://snomed.info/id/368481004,http://purl.org/sig/ont/fma/fma3729,1
2855,http://snomed.info/id/78401001,http://purl.org/sig/ont/fma/fma63814,1
2856,http://snomed.info/id/78401001,http://purl.org/sig/ont/fma/fma62504,1
2857,http://snomed.info/id/368482006,http://purl.org/sig/ont/fma/fma22953,1
2858,http://snomed.info/id/368482006,http://purl.org/sig/ont/fma/fma63814,1
2859,http://snomed.info/id/19715009,http://purl.org/sig/ont/fma/fma71209,1
2860,http://snomed.info/id/20699002,http://purl.org/sig/ont/fma/fma71209,1
2861,http://snomed.info/id/27284009,http://purl.org/sig/ont/fma/fma22966,1
2862,http://snomed.info/id/2855004,http://purl.org/sig/ont/fma/fma22966,1
2863,http://snomed.info/id/63013001,http://purl.org/sig/ont/fma/fma78207,1
2864,http://snomed.info/id/49852007,http://purl.org/sig/ont/fma/fma78207,1
2865,http://snomed.info/id/29202002,http://purl.org/sig/ont/fma/fma78207,1
2866,http://snomed.info/id/17623008,http://purl.org/sig/ont/fma/fma22937,1
2867,http://snomed.info/id/17623008,http://purl.org/sig/ont/fma/fma63814,1
2868,http://snomed.info/id/52359001,http://purl.org/sig/ont/fma/fma22937,1
2869,http://snomed.info/id/52359001,http://purl.org/sig/ont/fma/fma63814,1
2870,http://snomed.info/id/20115005,http://purl.org/sig/ont/fma/fma63814,1
2871,http://snomed.info/id/20115005,http://purl.org/sig/ont/fma/fma71209,1
2872,http://snomed.info/id/80195002,http://purl.org/sig/ont/fma/fma63814,1
2873,http://snomed.info/id/80195002,http://purl.org/sig/ont/fma/fma29733,1
2874,http://snomed.info/id/122774002,http://purl.org/sig/ont/fma/fma63814,1
2875,http://snomed.info/id/122774002,http://purl.org/sig/ont/fma/fma29733,1
2876,http://snomed.info/id/119555007,http://purl.org/sig/ont/fma/fma63814,1
2877,http://snomed.info/id/25281000,http://purl.org/sig/ont/fma/fma63814,1
2878,http://snomed.info/id/9791004,http://purl.org/sig/ont/fma/fma63814,1
2879,http://snomed.info/id/119556008,http://purl.org/sig/ont/fma/fma63814,1
2880,http://snomed.info/id/91642007,http://purl.org/sig/ont/fma/fma21378,1
2881,http://snomed.info/id/367735000,http://purl.org/sig/ont/fma/fma21383,1
2882,http://snomed.info/id/367735000,http://purl.org/sig/ont/fma/fma63814,1
2883,http://snomed.info/id/5046008,http://purl.org/sig/ont/fma/fma78204,1
2884,http://snomed.info/id/5046008,http://purl.org/sig/ont/fma/fma63814,1
2885,http://snomed.info/id/86581002,http://purl.org/sig/ont/fma/fma63814,1
2886,http://snomed.info/id/86581002,http://purl.org/sig/ont/fma/fma21383,1
2887,http://snomed.info/id/367666000,http://purl.org/sig/ont/fma/fma21383,1
2888,http://snomed.info/id/367666000,http://purl.org/sig/ont/fma/fma63814,1
2889,http://snomed.info/id/13020006,http://purl.org/sig/ont/fma/fma44376,1
2890,http://snomed.info/id/47831008,http://purl.org/sig/ont/fma/fma44376,1
2891,http://snomed.info/id/47831008,http://purl.org/sig/ont/fma/fma323400,1
2892,http://snomed.info/id/12225004,http://purl.org/sig/ont/fma/fma21378,1
2893,http://snomed.info/id/26805005,http://purl.org/sig/ont/fma/fma44330,1
2894,http://snomed.info/id/37427006,http://purl.org/sig/ont/fma/fma21378,1
2895,http://snomed.info/id/295876006,http://purl.org/sig/ont/fma/fma63814,1
2896,http://snomed.info/id/295977003,http://purl.org/sig/ont/fma/fma21378,1
2897,http://snomed.info/id/16357002,http://purl.org/sig/ont/fma/fma63814,1
2898,http://snomed.info/id/16357002,http://purl.org/sig/ont/fma/fma44499,1
2899,http://snomed.info/id/4258007,http://purl.org/sig/ont/fma/fma63814,1
2900,http://snomed.info/id/4258007,http://purl.org/sig/ont/fma/fma322369,1
2901,http://snomed.info/id/26703007,http://purl.org/sig/ont/fma/fma322369,1
2902,http://snomed.info/id/26703007,http://purl.org/sig/ont/fma/fma63814,1
2903,http://snomed.info/id/68906001,http://purl.org/sig/ont/fma/fma4767,1
2904,http://snomed.info/id/81900009,http://purl.org/sig/ont/fma/fma78049,1
2905,http://snomed.info/id/71758008,http://purl.org/sig/ont/fma/fma44323,1
2906,http://snomed.info/id/71758008,http://purl.org/sig/ont/fma/fma63814,1
2907,http://snomed.info/id/23977006,http://purl.org/sig/ont/fma/fma4767,1
2908,http://snomed.info/id/55196005,http://purl.org/sig/ont/fma/fma78049,1
2909,http://snomed.info/id/2302002,http://purl.org/sig/ont/fma/fma44330,1
2910,http://snomed.info/id/2302002,http://purl.org/sig/ont/fma/fma63814,1
2911,http://snomed.info/id/23438002,http://purl.org/sig/ont/fma/fma44323,1
2912,http://snomed.info/id/113275008,http://purl.org/sig/ont/fma/fma44323,1
2913,http://snomed.info/id/302655007,http://purl.org/sig/ont/fma/fma63814,1
2914,http://snomed.info/id/302668004,http://purl.org/sig/ont/fma/fma63814,1
2915,http://snomed.info/id/153824004,http://purl.org/sig/ont/fma/fma77883,1
2916,http://snomed.info/id/153824004,http://purl.org/sig/ont/fma/fma63814,1
2917,http://snomed.info/id/154329009,http://purl.org/sig/ont/fma/fma77883,1
2918,http://snomed.info/id/154329009,http://purl.org/sig/ont/fma/fma63814,1
2919,http://snomed.info/id/154833009,http://purl.org/sig/ont/fma/fma4767,1
2920,http://snomed.info/id/154934004,http://purl.org/sig/ont/fma/fma4767,1
2921,http://snomed.info/id/155035008,http://purl.org/sig/ont/fma/fma4767,1
2922,http://snomed.info/id/84578005,http://purl.org/sig/ont/fma/fma4767,1
2923,http://snomed.info/id/410432002,http://purl.org/sig/ont/fma/fma42603,1
2924,http://snomed.info/id/50545003,http://purl.org/sig/ont/fma/fma42603,1
2925,http://snomed.info/id/42298004,http://purl.org/sig/ont/fma/fma7146,1
2926,http://snomed.info/id/25930004,http://purl.org/sig/ont/fma/fma58616,1
2927,http://snomed.info/id/90228003,http://purl.org/sig/ont/fma/fma14462,1
2928,http://snomed.info/id/20546004,http://purl.org/sig/ont/fma/fma11337,1
2929,http://snomed.info/id/9127001,http://purl.org/sig/ont/fma/fma75650,1
2930,http://snomed.info/id/13604002,http://purl.org/sig/ont/fma/fma320423,1
2931,http://snomed.info/id/85139009,http://purl.org/sig/ont/fma/fma59659,1
2932,http://snomed.info/id/128249007,http://purl.org/sig/ont/fma/fma305944,1
2933,http://snomed.info/id/128249007,http://purl.org/sig/ont/fma/fma286362,1
2934,http://snomed.info/id/85193007,http://purl.org/sig/ont/fma/fma305944,1
2935,http://snomed.info/id/85193007,http://purl.org/sig/ont/fma/fma286362,1
2936,http://snomed.info/id/59641005,http://purl.org/sig/ont/fma/fma60027,1
2937,http://snomed.info/id/66436008,http://purl.org/sig/ont/fma/fma320423,1
2938,http://snomed.info/id/66436008,http://purl.org/sig/ont/fma/fma59789,1
2939,http://snomed.info/id/32087006,http://purl.org/sig/ont/fma/fma286125,1
2940,http://snomed.info/id/62710000,http://purl.org/sig/ont/fma/fma82484,1
2941,http://snomed.info/id/25230005,http://purl.org/sig/ont/fma/fma9722,1
2942,http://snomed.info/id/8001006,http://purl.org/sig/ont/fma/fma85355,1
2943,http://snomed.info/id/74163002,http://purl.org/sig/ont/fma/fma59789,1
2944,http://snomed.info/id/74163002,http://purl.org/sig/ont/fma/fma320423,1
2945,http://snomed.info/id/66938003,http://purl.org/sig/ont/fma/fma54643,1
2946,http://snomed.info/id/17856007,http://purl.org/sig/ont/fma/fma54643,1
2947,http://snomed.info/id/60592002,http://purl.org/sig/ont/fma/fma54643,1
2948,http://snomed.info/id/74657007,http://purl.org/sig/ont/fma/fma9658,1
2949,http://snomed.info/id/69070000,http://purl.org/sig/ont/fma/fma71445,1
2950,http://snomed.info/id/69070000,http://purl.org/sig/ont/fma/fma54806,1
2951,http://snomed.info/id/368732000,http://purl.org/sig/ont/fma/fma71445,1
2952,http://snomed.info/id/65272007,http://purl.org/sig/ont/fma/fma54666,1
2953,http://snomed.info/id/59059009,http://purl.org/sig/ont/fma/fma54666,1
2954,http://snomed.info/id/23263000,http://purl.org/sig/ont/fma/fma281540,1
2955,http://snomed.info/id/75628001,http://purl.org/sig/ont/fma/fma55622,1
2956,http://snomed.info/id/89690004,http://purl.org/sig/ont/fma/fma57492,1
2957,http://snomed.info/id/28255003,http://purl.org/sig/ont/fma/fma63000,1
2958,http://snomed.info/id/21332009,http://purl.org/sig/ont/fma/fma57492,1
2959,http://snomed.info/id/89992009,http://purl.org/sig/ont/fma/fma57926,1
2960,http://snomed.info/id/69786002,http://purl.org/sig/ont/fma/fma57926,1
2961,http://snomed.info/id/3100007,http://purl.org/sig/ont/fma/fma55622,1
2962,http://snomed.info/id/1997009,http://purl.org/sig/ont/fma/fma57492,1
2963,http://snomed.info/id/32820005,http://purl.org/sig/ont/fma/fma55622,1
2964,http://snomed.info/id/58592000,http://purl.org/sig/ont/fma/fma55622,1
2965,http://snomed.info/id/58592000,http://purl.org/sig/ont/fma/fma11337,1
2966,http://snomed.info/id/11326003,http://purl.org/sig/ont/fma/fma294423,1
2967,http://snomed.info/id/48363005,http://purl.org/sig/ont/fma/fma294423,1
2968,http://snomed.info/id/68137000,http://purl.org/sig/ont/fma/fma12516,1
2969,http://snomed.info/id/58280001,http://purl.org/sig/ont/fma/fma12516,1
2970,http://snomed.info/id/68085002,http://purl.org/sig/ont/fma/fma55813,1
2971,http://snomed.info/id/36492000,http://purl.org/sig/ont/fma/fma55802,1
2972,http://snomed.info/id/57826002,http://purl.org/sig/ont/fma/fma55801,1
2973,http://snomed.info/id/61897005,http://purl.org/sig/ont/fma/fma55801,1
2974,http://snomed.info/id/23226009,http://purl.org/sig/ont/fma/fma55802,1
2975,http://snomed.info/id/87704003,http://purl.org/sig/ont/fma/fma55813,1
2976,http://snomed.info/id/74344005,http://purl.org/sig/ont/fma/fma55817,1
2977,http://snomed.info/id/24573005,http://purl.org/sig/ont/fma/fma55804,1
2978,http://snomed.info/id/2400006,http://purl.org/sig/ont/fma/fma55803,1
2979,http://snomed.info/id/80140008,http://purl.org/sig/ont/fma/fma55803,1
2980,http://snomed.info/id/8873007,http://purl.org/sig/ont/fma/fma55804,1
2981,http://snomed.info/id/38994002,http://purl.org/sig/ont/fma/fma55817,1
2982,http://snomed.info/id/27855007,http://purl.org/sig/ont/fma/fma84216,1
2983,http://snomed.info/id/88824007,http://purl.org/sig/ont/fma/fma84216,1
2984,http://snomed.info/id/17505006,http://purl.org/sig/ont/fma/fma84217,1
2985,http://snomed.info/id/65624003,http://purl.org/sig/ont/fma/fma84217,1
2986,http://snomed.info/id/30618001,http://purl.org/sig/ont/fma/fma84228,1
2987,http://snomed.info/id/17505006,http://purl.org/sig/ont/fma/fma84211,1
2988,http://snomed.info/id/65624003,http://purl.org/sig/ont/fma/fma84211,1
2989,http://snomed.info/id/27855007,http://purl.org/sig/ont/fma/fma84236,1
2990,http://snomed.info/id/88824007,http://purl.org/sig/ont/fma/fma84236,1
2991,http://snomed.info/id/43622005,http://purl.org/sig/ont/fma/fma84217,1
2992,http://snomed.info/id/73937000,http://purl.org/sig/ont/fma/fma84228,1
2993,http://snomed.info/id/45234009,http://purl.org/sig/ont/fma/fma84211,1
2994,http://snomed.info/id/51943008,http://purl.org/sig/ont/fma/fma84236,1
2995,http://snomed.info/id/67834006,http://purl.org/sig/ont/fma/fma84218,1
2996,http://snomed.info/id/89552004,http://purl.org/sig/ont/fma/fma84218,1
2997,http://snomed.info/id/43281008,http://purl.org/sig/ont/fma/fma84229,1
2998,http://snomed.info/id/6062009,http://purl.org/sig/ont/fma/fma84229,1
2999,http://snomed.info/id/38896004,http://purl.org/sig/ont/fma/fma84212,1
3000,http://snomed.info/id/58646007,http://purl.org/sig/ont/fma/fma84212,1
3001,http://snomed.info/id/49330006,http://purl.org/sig/ont/fma/fma84237,1
3002,http://snomed.info/id/61868007,http://purl.org/sig/ont/fma/fma84237,1
3003,http://snomed.info/id/61868007,http://purl.org/sig/ont/fma/fma84218,1
3004,http://snomed.info/id/14770005,http://purl.org/sig/ont/fma/fma84219,1
3005,http://snomed.info/id/22445006,http://purl.org/sig/ont/fma/fma84219,1
3006,http://snomed.info/id/22445006,http://purl.org/sig/ont/fma/fma84212,1
3007,http://snomed.info/id/67834006,http://purl.org/sig/ont/fma/fma84237,1
3008,http://snomed.info/id/23114008,http://purl.org/sig/ont/fma/fma59762,1
3009,http://snomed.info/id/57131003,http://purl.org/sig/ont/fma/fma59762,1
3010,http://snomed.info/id/46141003,http://purl.org/sig/ont/fma/fma84926,1
3011,http://snomed.info/id/46141003,http://purl.org/sig/ont/fma/fma14462,1
3012,http://snomed.info/id/373608004,http://purl.org/sig/ont/fma/fma65073,1
3013,http://snomed.info/id/373608004,http://purl.org/sig/ont/fma/fma293807,1
3014,http://snomed.info/id/272686009,http://purl.org/sig/ont/fma/fma65073,1
3015,http://snomed.info/id/272686009,http://purl.org/sig/ont/fma/fma293807,1
3016,http://snomed.info/id/46715004,http://purl.org/sig/ont/fma/fma85361,1
3017,http://snomed.info/id/19594009,http://purl.org/sig/ont/fma/fma85392,1
3018,http://snomed.info/id/55609009,http://purl.org/sig/ont/fma/fma54877,1
3019,http://snomed.info/id/33986006,http://purl.org/sig/ont/fma/fma61110,1
3020,http://snomed.info/id/42275007,http://purl.org/sig/ont/fma/fma64848,1
3021,http://snomed.info/id/64424004,http://purl.org/sig/ont/fma/fma59659,1
3022,http://snomed.info/id/16675008,http://purl.org/sig/ont/fma/fma9722,1
3023,http://snomed.info/id/88399001,http://purl.org/sig/ont/fma/fma55053,1
3024,http://snomed.info/id/89728008,http://purl.org/sig/ont/fma/fma85362,1
3025,http://snomed.info/id/82082004,http://purl.org/sig/ont/fma/fma85355,1
3026,http://snomed.info/id/34899004,http://purl.org/sig/ont/fma/fma71481,1
3027,http://snomed.info/id/34899004,http://purl.org/sig/ont/fma/fma7146,1
3028,http://snomed.info/id/30817008,http://purl.org/sig/ont/fma/fma85391,1
3029,http://snomed.info/id/34132008,http://purl.org/sig/ont/fma/fma25625,1
3030,http://snomed.info/id/85950006,http://purl.org/sig/ont/fma/fma85420,1
3031,http://snomed.info/id/60075002,http://purl.org/sig/ont/fma/fma55269,1
3032,http://snomed.info/id/59609004,http://purl.org/sig/ont/fma/fma55269,1
3033,http://snomed.info/id/19898001,http://purl.org/sig/ont/fma/fma86116,1
3034,http://snomed.info/id/19898001,http://purl.org/sig/ont/fma/fma83570,1
3035,http://snomed.info/id/65743007,http://purl.org/sig/ont/fma/fma86116,1
3036,http://snomed.info/id/65743007,http://purl.org/sig/ont/fma/fma277722,1
3037,http://snomed.info/id/12722000,http://purl.org/sig/ont/fma/fma75650,1
3038,http://snomed.info/id/40745008,http://purl.org/sig/ont/fma/fma14921,1
3039,http://snomed.info/id/64977002,http://purl.org/sig/ont/fma/fma64799,1
3040,http://snomed.info/id/34986001,http://purl.org/sig/ont/fma/fma85353,1
3041,http://snomed.info/id/53214002,http://purl.org/sig/ont/fma/fma85410,1
3042,http://snomed.info/id/2746007,http://purl.org/sig/ont/fma/fma85405,1
3043,http://snomed.info/id/53755000,http://purl.org/sig/ont/fma/fma85412,1
3044,http://snomed.info/id/1353004,http://purl.org/sig/ont/fma/fma85423,1
3045,http://snomed.info/id/6550004,http://purl.org/sig/ont/fma/fma19963,1
3046,http://snomed.info/id/75609008,http://purl.org/sig/ont/fma/fma82482,1
3047,http://snomed.info/id/41425009,http://purl.org/sig/ont/fma/fma86116,1
3048,http://snomed.info/id/63358003,http://purl.org/sig/ont/fma/fma86116,1
3049,http://snomed.info/id/5459006,http://purl.org/sig/ont/fma/fma19965,1
3050,http://snomed.info/id/68560004,http://purl.org/sig/ont/fma/fma14558,1
3051,http://snomed.info/id/5643001,http://purl.org/sig/ont/fma/fma86116,1
3052,http://snomed.info/id/90825007,http://purl.org/sig/ont/fma/fma86116,1
3053,http://snomed.info/id/70552000,http://purl.org/sig/ont/fma/fma14919,1
3054,http://snomed.info/id/45480009,http://purl.org/sig/ont/fma/fma17229,1
3055,http://snomed.info/id/63588008,http://purl.org/sig/ont/fma/fma62517,1
3056,http://snomed.info/id/84465008,http://purl.org/sig/ont/fma/fma75650,1
3057,http://snomed.info/id/84465008,http://purl.org/sig/ont/fma/fma67611,1
3058,http://snomed.info/id/23230007,http://purl.org/sig/ont/fma/fma82485,1
3059,http://snomed.info/id/52688008,http://purl.org/sig/ont/fma/fma63621,1
3060,http://snomed.info/id/59150006,http://purl.org/sig/ont/fma/fma85410,1
3061,http://snomed.info/id/54658003,http://purl.org/sig/ont/fma/fma85405,1
3062,http://snomed.info/id/267091000,http://purl.org/sig/ont/fma/fma78560,1
3063,http://snomed.info/id/267091000,http://purl.org/sig/ont/fma/fma15692,1
3064,http://snomed.info/id/17758003,http://purl.org/sig/ont/fma/fma85412,1
3065,http://snomed.info/id/8266009,http://purl.org/sig/ont/fma/fma85423,1
3066,http://snomed.info/id/77763002,http://purl.org/sig/ont/fma/fma85383,1
3067,http://snomed.info/id/66036002,http://purl.org/sig/ont/fma/fma63634,1
3068,http://snomed.info/id/76582004,http://purl.org/sig/ont/fma/fma83560,1
3069,http://snomed.info/id/76519004,http://purl.org/sig/ont/fma/fma85394,1
3070,http://snomed.info/id/44365008,http://purl.org/sig/ont/fma/fma83561,1
3071,http://snomed.info/id/5544002,http://purl.org/sig/ont/fma/fma83569,1
3072,http://snomed.info/id/6006009,http://purl.org/sig/ont/fma/fma83572,1
3073,http://snomed.info/id/1236009,http://purl.org/sig/ont/fma/fma20638,1
3074,http://snomed.info/id/78619001,http://purl.org/sig/ont/fma/fma85414,1
3075,http://snomed.info/id/34881007,http://purl.org/sig/ont/fma/fma85278,1
3076,http://snomed.info/id/56734009,http://purl.org/sig/ont/fma/fma222904,1
3077,http://snomed.info/id/9999005,http://purl.org/sig/ont/fma/fma222904,1
3078,http://snomed.info/id/9999005,http://purl.org/sig/ont/fma/fma14925,1
3079,http://snomed.info/id/72031006,http://purl.org/sig/ont/fma/fma222904,1
3080,http://snomed.info/id/72793003,http://purl.org/sig/ont/fma/fma222904,1
3081,http://snomed.info/id/88636004,http://purl.org/sig/ont/fma/fma85383,1
3082,http://snomed.info/id/57300004,http://purl.org/sig/ont/fma/fma63634,1
3083,http://snomed.info/id/14128009,http://purl.org/sig/ont/fma/fma83560,1
3084,http://snomed.info/id/70192009,http://purl.org/sig/ont/fma/fma85394,1
3085,http://snomed.info/id/85458007,http://purl.org/sig/ont/fma/fma85383,1
3086,http://snomed.info/id/47046000,http://purl.org/sig/ont/fma/fma63634,1
3087,http://snomed.info/id/30751000,http://purl.org/sig/ont/fma/fma83560,1
3088,http://snomed.info/id/65374006,http://purl.org/sig/ont/fma/fma85394,1
3089,http://snomed.info/id/22763007,http://purl.org/sig/ont/fma/fma15974,1
3090,http://snomed.info/id/57775008,http://purl.org/sig/ont/fma/fma85355,1
3091,http://snomed.info/id/86833001,http://purl.org/sig/ont/fma/fma85391,1
3092,http://snomed.info/id/7242000,http://purl.org/sig/ont/fma/fma85353,1
3093,http://snomed.info/id/22488003,http://purl.org/sig/ont/fma/fma20637,1
3094,http://snomed.info/id/43693005,http://purl.org/sig/ont/fma/fma85412,1
3095,http://snomed.info/id/68502009,http://purl.org/sig/ont/fma/fma85387,1
3096,http://snomed.info/id/885000,http://purl.org/sig/ont/fma/fma83559,1
3097,http://snomed.info/id/19447003,http://purl.org/sig/ont/fma/fma7146,1
3098,http://snomed.info/id/42978003,http://purl.org/sig/ont/fma/fma17505,1
3099,http://snomed.info/id/113284008,http://purl.org/sig/ont/fma/fma83575,1
3100,http://snomed.info/id/11436007,http://purl.org/sig/ont/fma/fma75650,1
3101,http://snomed.info/id/61647009,http://purl.org/sig/ont/fma/fma85393,1
3102,http://snomed.info/id/41948009,http://purl.org/sig/ont/fma/fma83573,1
3103,http://snomed.info/id/72868005,http://purl.org/sig/ont/fma/fma63637,1
3104,http://snomed.info/id/86387002,http://purl.org/sig/ont/fma/fma81160,1
3105,http://snomed.info/id/6533001,http://purl.org/sig/ont/fma/fma14540,1
3106,http://snomed.info/id/73961007,http://purl.org/sig/ont/fma/fma15658,1
3107,http://snomed.info/id/73800007,http://purl.org/sig/ont/fma/fma78562,1
3108,http://snomed.info/id/73800007,http://purl.org/sig/ont/fma/fma82485,1
3109,http://snomed.info/id/63217007,http://purl.org/sig/ont/fma/fma83563,1
3110,http://snomed.info/id/63217007,http://purl.org/sig/ont/fma/fma78562,1
3111,http://snomed.info/id/90132000,http://purl.org/sig/ont/fma/fma20637,1
3112,http://snomed.info/id/52010009,http://purl.org/sig/ont/fma/fma85418,1
3113,http://snomed.info/id/9040008,http://purl.org/sig/ont/fma/fma222905,1
3114,http://snomed.info/id/28559008,http://purl.org/sig/ont/fma/fma11337,1
3115,http://snomed.info/id/485005,http://purl.org/sig/ont/fma/fma222905,1
3116,http://snomed.info/id/55572008,http://purl.org/sig/ont/fma/fma86175,1
3117,http://snomed.info/id/32622004,http://purl.org/sig/ont/fma/fma222905,1
3118,http://snomed.info/id/60184004,http://purl.org/sig/ont/fma/fma222905,1
3119,http://snomed.info/id/74611005,http://purl.org/sig/ont/fma/fma66329,1
3120,http://snomed.info/id/15079008,http://purl.org/sig/ont/fma/fma85387,1
3121,http://snomed.info/id/53420003,http://purl.org/sig/ont/fma/fma83559,1
3122,http://snomed.info/id/71683001,http://purl.org/sig/ont/fma/fma85393,1
3123,http://snomed.info/id/57446003,http://purl.org/sig/ont/fma/fma83573,1
3124,http://snomed.info/id/88438007,http://purl.org/sig/ont/fma/fma63637,1
3125,http://snomed.info/id/16571009,http://purl.org/sig/ont/fma/fma81160,1
3126,http://snomed.info/id/57972002,http://purl.org/sig/ont/fma/fma15658,1
3127,http://snomed.info/id/28265009,http://purl.org/sig/ont/fma/fma75650,1
3128,http://snomed.info/id/28265009,http://purl.org/sig/ont/fma/fma85278,1
3129,http://snomed.info/id/32611003,http://purl.org/sig/ont/fma/fma66329,1
3130,http://snomed.info/id/46563004,http://purl.org/sig/ont/fma/fma85355,1
3131,http://snomed.info/id/7892006,http://purl.org/sig/ont/fma/fma85392,1
3132,http://snomed.info/id/7892006,http://purl.org/sig/ont/fma/fma261262,1
3133,http://snomed.info/id/70957002,http://purl.org/sig/ont/fma/fma85353,1
3134,http://snomed.info/id/78562008,http://purl.org/sig/ont/fma/fma268953,1
3135,http://snomed.info/id/69692000,http://purl.org/sig/ont/fma/fma67611,1
3136,http://snomed.info/id/69692000,http://purl.org/sig/ont/fma/fma78562,1
3137,http://snomed.info/id/69656004,http://purl.org/sig/ont/fma/fma29346,1
3138,http://snomed.info/id/69656004,http://purl.org/sig/ont/fma/fma71920,1
3139,http://snomed.info/id/76837008,http://purl.org/sig/ont/fma/fma45728,1
3140,http://snomed.info/id/24106005,http://purl.org/sig/ont/fma/fma45737,1
3141,http://snomed.info/id/86442000,http://purl.org/sig/ont/fma/fma85272,1
3142,http://snomed.info/id/44989006,http://purl.org/sig/ont/fma/fma86138,1
3143,http://snomed.info/id/75606001,http://purl.org/sig/ont/fma/fma86138,1
3144,http://snomed.info/id/30181001,http://purl.org/sig/ont/fma/fma45728,1
3145,http://snomed.info/id/71097005,http://purl.org/sig/ont/fma/fma85272,1
3146,http://snomed.info/id/46926004,http://purl.org/sig/ont/fma/fma55588,1
3147,http://snomed.info/id/50292000,http://purl.org/sig/ont/fma/fma86190,1
3148,http://snomed.info/id/368721000,http://purl.org/sig/ont/fma/fma59983,1
3149,http://snomed.info/id/368722007,http://purl.org/sig/ont/fma/fma59983,1
3150,http://snomed.info/id/368722007,http://purl.org/sig/ont/fma/fma71493,1
3151,http://snomed.info/id/86391007,http://purl.org/sig/ont/fma/fma86266,1
3152,http://snomed.info/id/30740000,http://purl.org/sig/ont/fma/fma59908,1
3153,http://snomed.info/id/65750006,http://purl.org/sig/ont/fma/fma320423,1
3154,http://snomed.info/id/34181005,http://purl.org/sig/ont/fma/fma322054,1
3155,http://snomed.info/id/48521005,http://purl.org/sig/ont/fma/fma13361,1
3156,http://snomed.info/id/48521005,http://purl.org/sig/ont/fma/fma15808,1
3157,http://snomed.info/id/76919008,http://purl.org/sig/ont/fma/fma14496,1
3158,http://snomed.info/id/9242006,http://purl.org/sig/ont/fma/fma14496,1
3159,http://snomed.info/id/69842003,http://purl.org/sig/ont/fma/fma15808,1
3160,http://snomed.info/id/16777006,http://purl.org/sig/ont/fma/fma72263,1
3161,http://snomed.info/id/26928007,http://purl.org/sig/ont/fma/fma13361,1
3162,http://snomed.info/id/71133005,http://purl.org/sig/ont/fma/fma13361,1
3163,http://snomed.info/id/60039004,http://purl.org/sig/ont/fma/fma14502,1
3164,http://snomed.info/id/15760000,http://purl.org/sig/ont/fma/fma14502,1
3165,http://snomed.info/id/80303005,http://purl.org/sig/ont/fma/fma72263,1
3166,http://snomed.info/id/48025006,http://purl.org/sig/ont/fma/fma85423,1
3167,http://snomed.info/id/17864001,http://purl.org/sig/ont/fma/fma85412,1
3168,http://snomed.info/id/62919005,http://purl.org/sig/ont/fma/fma20109,1
3169,http://snomed.info/id/62919005,http://purl.org/sig/ont/fma/fma75634,1
3170,http://snomed.info/id/48781005,http://purl.org/sig/ont/fma/fma20109,1
3171,http://snomed.info/id/48781005,http://purl.org/sig/ont/fma/fma75634,1
3172,http://snomed.info/id/57661005,http://purl.org/sig/ont/fma/fma86301,1
3173,http://snomed.info/id/13415004,http://purl.org/sig/ont/fma/fma65137,1
3174,http://snomed.info/id/76726002,http://purl.org/sig/ont/fma/fma86103,1
3175,http://snomed.info/id/83488001,http://purl.org/sig/ont/fma/fma15766,1
3176,http://snomed.info/id/83488001,http://purl.org/sig/ont/fma/fma71493,1
3177,http://snomed.info/id/15120006,http://purl.org/sig/ont/fma/fma15766,1
3178,http://snomed.info/id/15878004,http://purl.org/sig/ont/fma/fma0329127,1
3179,http://snomed.info/id/15878004,http://purl.org/sig/ont/fma/fma78559,1
3180,http://snomed.info/id/37424004,http://purl.org/sig/ont/fma/fma55588,1
3181,http://snomed.info/id/271942000,http://purl.org/sig/ont/fma/fma63197,1
3182,http://snomed.info/id/67435004,http://purl.org/sig/ont/fma/fma63197,1
3183,http://snomed.info/id/8292002,http://purl.org/sig/ont/fma/fma66464,1
3184,http://snomed.info/id/12254005,http://purl.org/sig/ont/fma/fma63814,1
3185,http://snomed.info/id/12254005,http://purl.org/sig/ont/fma/fma71903,1
3186,http://snomed.info/id/75358002,http://purl.org/sig/ont/fma/fma63814,1
3187,http://snomed.info/id/75358002,http://purl.org/sig/ont/fma/fma63191,1
3188,http://snomed.info/id/14347000,http://purl.org/sig/ont/fma/fma86735,1
3189,http://snomed.info/id/3578005,http://purl.org/sig/ont/fma/fma86735,1
3190,http://snomed.info/id/47742008,http://purl.org/sig/ont/fma/fma86735,1
3191,http://snomed.info/id/35067003,http://purl.org/sig/ont/fma/fma67611,1
3192,http://snomed.info/id/35067003,http://purl.org/sig/ont/fma/fma75650,1
3193,http://snomed.info/id/5229004,http://purl.org/sig/ont/fma/fma85355,1
3194,http://snomed.info/id/56679001,http://purl.org/sig/ont/fma/fma297484,1
3195,http://snomed.info/id/64655003,http://purl.org/sig/ont/fma/fma85423,1
3196,http://snomed.info/id/85835001,http://purl.org/sig/ont/fma/fma85412,1
3197,http://snomed.info/id/71148004,http://purl.org/sig/ont/fma/fma71856,1
3198,http://snomed.info/id/63207002,http://purl.org/sig/ont/fma/fma71856,1
3199,http://snomed.info/id/64281006,http://purl.org/sig/ont/fma/fma14678,1
3200,http://snomed.info/id/72231004,http://purl.org/sig/ont/fma/fma15766,1
3201,http://snomed.info/id/72231004,http://purl.org/sig/ont/fma/fma71856,1
3202,http://snomed.info/id/26641008,http://purl.org/sig/ont/fma/fma71856,1
3203,http://snomed.info/id/60152006,http://purl.org/sig/ont/fma/fma15766,1
3204,http://snomed.info/id/269447003,http://purl.org/sig/ont/fma/fma71856,1
3205,http://snomed.info/id/269522003,http://purl.org/sig/ont/fma/fma71856,1
3206,http://snomed.info/id/56092004,http://purl.org/sig/ont/fma/fma14687,1
3207,http://snomed.info/id/20066003,http://purl.org/sig/ont/fma/fma55588,1
3208,http://snomed.info/id/64163001,http://purl.org/sig/ont/fma/fma86185,1
3209,http://snomed.info/id/30045001,http://purl.org/sig/ont/fma/fma284628,1
3210,http://snomed.info/id/40133006,http://purl.org/sig/ont/fma/fma86185,1
3211,http://snomed.info/id/73239005,http://purl.org/sig/ont/fma/fma86185,1
3212,http://snomed.info/id/77142006,http://purl.org/sig/ont/fma/fma45640,1
3213,http://snomed.info/id/74033008,http://purl.org/sig/ont/fma/fma57836,1
3214,http://snomed.info/id/5324007,http://purl.org/sig/ont/fma/fma323385,1
3215,http://snomed.info/id/89658009,http://purl.org/sig/ont/fma/fma323385,1
3216,http://snomed.info/id/47658004,http://purl.org/sig/ont/fma/fma75634,1
3217,http://snomed.info/id/47658004,http://purl.org/sig/ont/fma/fma20501,1
3218,http://snomed.info/id/12304001,http://purl.org/sig/ont/fma/fma75634,1
3219,http://snomed.info/id/12304001,http://purl.org/sig/ont/fma/fma20501,1
3220,http://snomed.info/id/32301002,http://purl.org/sig/ont/fma/fma20110,1
3221,http://snomed.info/id/246180009,http://purl.org/sig/ont/fma/fma15615,1
3222,http://snomed.info/id/246279002,http://purl.org/sig/ont/fma/fma15615,1
3223,http://snomed.info/id/246473003,http://purl.org/sig/ont/fma/fma15615,1
3224,http://snomed.info/id/246377003,http://purl.org/sig/ont/fma/fma15615,1
3225,http://snomed.info/id/246555003,http://purl.org/sig/ont/fma/fma15615,1
3226,http://snomed.info/id/29704000,http://purl.org/sig/ont/fma/fma45732,1
3227,http://snomed.info/id/16097006,http://purl.org/sig/ont/fma/fma78564,1
3228,http://snomed.info/id/16097006,http://purl.org/sig/ont/fma/fma86309,1
3229,http://snomed.info/id/39875002,http://purl.org/sig/ont/fma/fma272233,1
3230,http://snomed.info/id/38060002,http://purl.org/sig/ont/fma/fma86307,1
3231,http://snomed.info/id/90399000,http://purl.org/sig/ont/fma/fma20500,1
3232,http://snomed.info/id/27788008,http://purl.org/sig/ont/fma/fma86307,1
3233,http://snomed.info/id/78486008,http://purl.org/sig/ont/fma/fma17692,1
3234,http://snomed.info/id/83711003,http://purl.org/sig/ont/fma/fma17692,1
3235,http://snomed.info/id/113289003,http://purl.org/sig/ont/fma/fma17692,1
3236,http://snomed.info/id/20648009,http://purl.org/sig/ont/fma/fma17692,1
3237,http://snomed.info/id/23633002,http://purl.org/sig/ont/fma/fma86307,1
3238,http://snomed.info/id/25990002,http://purl.org/sig/ont/fma/fma15881,1
3239,http://snomed.info/id/60361003,http://purl.org/sig/ont/fma/fma21577,1
3240,http://snomed.info/id/243553001,http://purl.org/sig/ont/fma/fma78567,1
3241,http://snomed.info/id/243589009,http://purl.org/sig/ont/fma/fma78567,1
3242,http://snomed.info/id/15868002,http://purl.org/sig/ont/fma/fma15881,1
3243,http://snomed.info/id/40476001,http://purl.org/sig/ont/fma/fma85355,1
3244,http://snomed.info/id/47879001,http://purl.org/sig/ont/fma/fma85420,1
3245,http://snomed.info/id/24577006,http://purl.org/sig/ont/fma/fma62798,1
3246,http://snomed.info/id/2682005,http://purl.org/sig/ont/fma/fma85355,1
3247,http://snomed.info/id/88384001,http://purl.org/sig/ont/fma/fma85391,1
3248,http://snomed.info/id/72318006,http://purl.org/sig/ont/fma/fma85412,1
3249,http://snomed.info/id/5868002,http://purl.org/sig/ont/fma/fma85423,1
3250,http://snomed.info/id/25640004,http://purl.org/sig/ont/fma/fma86099,1
3251,http://snomed.info/id/19318009,http://purl.org/sig/ont/fma/fma86099,1
3252,http://snomed.info/id/89583000,http://purl.org/sig/ont/fma/fma14076,1
3253,http://snomed.info/id/15054005,http://purl.org/sig/ont/fma/fma20455,1
3254,http://snomed.info/id/26691007,http://purl.org/sig/ont/fma/fma15901,1
3255,http://snomed.info/id/64344009,http://purl.org/sig/ont/fma/fma45733,1
3256,http://snomed.info/id/84526007,http://purl.org/sig/ont/fma/fma86099,1
3257,http://snomed.info/id/17135008,http://purl.org/sig/ont/fma/fma85355,1
3258,http://snomed.info/id/32061006,http://purl.org/sig/ont/fma/fma71481,1
3259,http://snomed.info/id/32061006,http://purl.org/sig/ont/fma/fma7146,1
3260,http://snomed.info/id/53134007,http://purl.org/sig/ont/fma/fma71493,1
3261,http://snomed.info/id/53134007,http://purl.org/sig/ont/fma/fma30320,1
3262,http://snomed.info/id/75943001,http://purl.org/sig/ont/fma/fma19708,1
3263,http://snomed.info/id/75943001,http://purl.org/sig/ont/fma/fma302371,1
3264,http://snomed.info/id/84140001,http://purl.org/sig/ont/fma/fma74116,1
3265,http://snomed.info/id/84243006,http://purl.org/sig/ont/fma/fma30320,1
3266,http://snomed.info/id/52498007,http://purl.org/sig/ont/fma/fma62798,1
3267,http://snomed.info/id/87759004,http://purl.org/sig/ont/fma/fma45652,1
3268,http://snomed.info/id/699886009,http://purl.org/sig/ont/fma/fma45652,1
3269,http://snomed.info/id/303518005,http://purl.org/sig/ont/fma/fma45652,1
3270,http://snomed.info/id/82462005,http://purl.org/sig/ont/fma/fma24201,1
3271,http://snomed.info/id/82462005,http://purl.org/sig/ont/fma/fma78541,1
3272,http://snomed.info/id/34357007,http://purl.org/sig/ont/fma/fma24201,1
3273,http://snomed.info/id/32104003,http://purl.org/sig/ont/fma/fma78541,1
3274,http://snomed.info/id/32104003,http://purl.org/sig/ont/fma/fma24201,1
3275,http://snomed.info/id/76420007,http://purl.org/sig/ont/fma/fma20194,1
3276,http://snomed.info/id/6504002,http://purl.org/sig/ont/fma/fma20221,1
3277,http://snomed.info/id/13997000,http://purl.org/sig/ont/fma/fma24201,1
3278,http://snomed.info/id/48316008,http://purl.org/sig/ont/fma/fma23014,1
3279,http://snomed.info/id/16657007,http://purl.org/sig/ont/fma/fma20194,1
3280,http://snomed.info/id/16657007,http://purl.org/sig/ont/fma/fma321004,1
3281,http://snomed.info/id/48081000,http://purl.org/sig/ont/fma/fma20315,1
3282,http://snomed.info/id/56447003,http://purl.org/sig/ont/fma/fma24201,1
3283,http://snomed.info/id/83719001,http://purl.org/sig/ont/fma/fma20488,1
3284,http://snomed.info/id/32061006,http://purl.org/sig/ont/fma/fma20020,1
3285,http://snomed.info/id/32061006,http://purl.org/sig/ont/fma/fma78561,1
3286,http://snomed.info/id/27722006,http://purl.org/sig/ont/fma/fma20020,1
3287,http://snomed.info/id/27722006,http://purl.org/sig/ont/fma/fma71481,1
3288,http://snomed.info/id/27722006,http://purl.org/sig/ont/fma/fma78561,1
3289,http://snomed.info/id/56508003,http://purl.org/sig/ont/fma/fma85355,1
3290,http://snomed.info/id/89146005,http://purl.org/sig/ont/fma/fma86168,1
3291,http://snomed.info/id/89146005,http://purl.org/sig/ont/fma/fma277722,1
3292,http://snomed.info/id/29038004,http://purl.org/sig/ont/fma/fma86168,1
3293,http://snomed.info/id/43298008,http://purl.org/sig/ont/fma/fma225816,1
3294,http://snomed.info/id/90577007,http://purl.org/sig/ont/fma/fma225816,1
3295,http://snomed.info/id/38121002,http://purl.org/sig/ont/fma/fma86168,1
3296,http://snomed.info/id/65857004,http://purl.org/sig/ont/fma/fma86168,1
3297,http://snomed.info/id/23952005,http://purl.org/sig/ont/fma/fma17559,1
3298,http://snomed.info/id/245499003,http://purl.org/sig/ont/fma/fma17559,1
3299,http://snomed.info/id/27485007,http://purl.org/sig/ont/fma/fma17559,1
3300,http://snomed.info/id/6649009,http://purl.org/sig/ont/fma/fma85412,1
3301,http://snomed.info/id/76195004,http://purl.org/sig/ont/fma/fma85423,1
3302,http://snomed.info/id/37397003,http://purl.org/sig/ont/fma/fma17753,1
3303,http://snomed.info/id/28349006,http://purl.org/sig/ont/fma/fma77054,1
3304,http://snomed.info/id/45876009,http://purl.org/sig/ont/fma/fma322064,1
3305,http://snomed.info/id/36973007,http://purl.org/sig/ont/fma/fma77054,1
3306,http://snomed.info/id/40749002,http://purl.org/sig/ont/fma/fma81494,1
3307,http://snomed.info/id/57117003,http://purl.org/sig/ont/fma/fma57836,1
3308,http://snomed.info/id/74240004,http://purl.org/sig/ont/fma/fma322143,1
3309,http://snomed.info/id/84569004,http://purl.org/sig/ont/fma/fma322143,1
3310,http://snomed.info/id/28057003,http://purl.org/sig/ont/fma/fma82500,1
3311,http://snomed.info/id/73051002,http://purl.org/sig/ont/fma/fma85272,1
3312,http://snomed.info/id/62075009,http://purl.org/sig/ont/fma/fma61109,1
3313,http://snomed.info/id/86674003,http://purl.org/sig/ont/fma/fma61108,1
3314,http://snomed.info/id/78519007,http://purl.org/sig/ont/fma/fma11337,1
3315,http://snomed.info/id/18984004,http://purl.org/sig/ont/fma/fma14065,1
3316,http://snomed.info/id/38085006,http://purl.org/sig/ont/fma/fma14065,1
3317,http://snomed.info/id/15205006,http://purl.org/sig/ont/fma/fma82500,1
3318,http://snomed.info/id/24941008,http://purl.org/sig/ont/fma/fma82500,1
3319,http://snomed.info/id/61106005,http://purl.org/sig/ont/fma/fma82500,1
3320,http://snomed.info/id/17995007,http://purl.org/sig/ont/fma/fma14065,1
3321,http://snomed.info/id/17352004,http://purl.org/sig/ont/fma/fma81494,1
3322,http://snomed.info/id/30733001,http://purl.org/sig/ont/fma/fma297484,1
3323,http://snomed.info/id/41596001,http://purl.org/sig/ont/fma/fma85412,1
3324,http://snomed.info/id/113294003,http://purl.org/sig/ont/fma/fma85423,1
3325,http://snomed.info/id/79281009,http://purl.org/sig/ont/fma/fma18302,1
3326,http://snomed.info/id/65608004,http://purl.org/sig/ont/fma/fma18302,1
3327,http://snomed.info/id/8100009,http://purl.org/sig/ont/fma/fma18302,1
3328,http://snomed.info/id/22675007,http://purl.org/sig/ont/fma/fma18302,1
3329,http://snomed.info/id/22675007,http://purl.org/sig/ont/fma/fma78562,1
3330,http://snomed.info/id/83301008,http://purl.org/sig/ont/fma/fma18302,1
3331,http://snomed.info/id/310536002,http://purl.org/sig/ont/fma/fma45652,1
3332,http://snomed.info/id/38242008,http://purl.org/sig/ont/fma/fma45652,1
3333,http://snomed.info/id/22076009,http://purl.org/sig/ont/fma/fma20488,1
3334,http://snomed.info/id/21499004,http://purl.org/sig/ont/fma/fma20280,1
3335,http://snomed.info/id/75279004,http://purl.org/sig/ont/fma/fma24199,1
3336,http://snomed.info/id/9284003,http://purl.org/sig/ont/fma/fma20194,1
3337,http://snomed.info/id/9284003,http://purl.org/sig/ont/fma/fma321004,1
3338,http://snomed.info/id/54892002,http://purl.org/sig/ont/fma/fma82500,1
3339,http://snomed.info/id/19675007,http://purl.org/sig/ont/fma/fma78561,1
3340,http://snomed.info/id/23591007,http://purl.org/sig/ont/fma/fma63814,1
3341,http://snomed.info/id/4651005,http://purl.org/sig/ont/fma/fma82500,1
3342,http://snomed.info/id/47536006,http://purl.org/sig/ont/fma/fma78561,1
3343,http://snomed.info/id/60319009,http://purl.org/sig/ont/fma/fma20247,1
3344,http://snomed.info/id/53389001,http://purl.org/sig/ont/fma/fma82500,1
3345,http://snomed.info/id/44981009,http://purl.org/sig/ont/fma/fma66283,1
3346,http://snomed.info/id/12527008,http://purl.org/sig/ont/fma/fma66283,1
3347,http://snomed.info/id/17880006,http://purl.org/sig/ont/fma/fma23012,1
3348,http://snomed.info/id/17880006,http://purl.org/sig/ont/fma/fma24199,1
3349,http://snomed.info/id/47221007,http://purl.org/sig/ont/fma/fma23012,1
3350,http://snomed.info/id/12129002,http://purl.org/sig/ont/fma/fma9649,1
3351,http://snomed.info/id/45531002,http://purl.org/sig/ont/fma/fma71481,1
3352,http://snomed.info/id/36082003,http://purl.org/sig/ont/fma/fma74116,1
3353,http://snomed.info/id/68756004,http://purl.org/sig/ont/fma/fma74116,1
3354,http://snomed.info/id/60405008,http://purl.org/sig/ont/fma/fma85272,1
3355,http://snomed.info/id/34133003,http://purl.org/sig/ont/fma/fma30320,1
3356,http://snomed.info/id/34133003,http://purl.org/sig/ont/fma/fma71493,1
3357,http://snomed.info/id/113295002,http://purl.org/sig/ont/fma/fma45728,1
3358,http://snomed.info/id/251597001,http://purl.org/sig/ont/fma/fma19577,1
3359,http://snomed.info/id/251695000,http://purl.org/sig/ont/fma/fma19577,1
3360,http://snomed.info/id/113296001,http://purl.org/sig/ont/fma/fma85360,1
3361,http://snomed.info/id/27456001,http://purl.org/sig/ont/fma/fma85422,1
3362,http://snomed.info/id/52241002,http://purl.org/sig/ont/fma/fma86311,1
3363,http://snomed.info/id/78679006,http://purl.org/sig/ont/fma/fma86311,1
3364,http://snomed.info/id/58552002,http://purl.org/sig/ont/fma/fma0327302,1
3365,http://snomed.info/id/113297005,http://purl.org/sig/ont/fma/fma45737,1
3366,http://snomed.info/id/113297005,http://purl.org/sig/ont/fma/fma78559,1
3367,http://snomed.info/id/86671006,http://purl.org/sig/ont/fma/fma82484,1
3368,http://snomed.info/id/32019000,http://purl.org/sig/ont/fma/fma82484,1
3369,http://snomed.info/id/73203004,http://purl.org/sig/ont/fma/fma78562,1
3370,http://snomed.info/id/42914006,http://purl.org/sig/ont/fma/fma63872,1
3371,http://snomed.info/id/59914003,http://purl.org/sig/ont/fma/fma78562,1
3372,http://snomed.info/id/59914003,http://purl.org/sig/ont/fma/fma30320,1
3373,http://snomed.info/id/12817009,http://purl.org/sig/ont/fma/fma0327302,1
3374,http://snomed.info/id/54143005,http://purl.org/sig/ont/fma/fma15859,1
3375,http://snomed.info/id/70467004,http://purl.org/sig/ont/fma/fma15860,1
3376,http://snomed.info/id/72720006,http://purl.org/sig/ont/fma/fma18258,1
3377,http://snomed.info/id/31427003,http://purl.org/sig/ont/fma/fma18258,1
3378,http://snomed.info/id/9321006,http://purl.org/sig/ont/fma/fma18258,1
3379,http://snomed.info/id/76125008,http://purl.org/sig/ont/fma/fma77277,1
3380,http://snomed.info/id/5498001,http://purl.org/sig/ont/fma/fma74056,1
3381,http://snomed.info/id/76989004,http://purl.org/sig/ont/fma/fma74056,1
3382,http://snomed.info/id/5780004,http://purl.org/sig/ont/fma/fma86103,1
3383,http://snomed.info/id/67452000,http://purl.org/sig/ont/fma/fma45737,1
3384,http://snomed.info/id/67452000,http://purl.org/sig/ont/fma/fma78559,1
3385,http://snomed.info/id/56375000,http://purl.org/sig/ont/fma/fma85360,1
3386,http://snomed.info/id/60995006,http://purl.org/sig/ont/fma/fma85354,1
3387,http://snomed.info/id/57369001,http://purl.org/sig/ont/fma/fma85422,1
3388,http://snomed.info/id/41767004,http://purl.org/sig/ont/fma/fma19254,1
3389,http://snomed.info/id/84707001,http://purl.org/sig/ont/fma/fma78561,1
3390,http://snomed.info/id/16406002,http://purl.org/sig/ont/fma/fma16558,1
3391,http://snomed.info/id/12300005,http://purl.org/sig/ont/fma/fma323057,1
3392,http://snomed.info/id/31060009,http://purl.org/sig/ont/fma/fma20437,1
3393,http://snomed.info/id/9317004,http://purl.org/sig/ont/fma/fma85595,1
3394,http://snomed.info/id/12858002,http://purl.org/sig/ont/fma/fma5901,1
3395,http://snomed.info/id/80401008,http://purl.org/sig/ont/fma/fma266054,1
3396,http://snomed.info/id/4566004,http://purl.org/sig/ont/fma/fma266054,1
3397,http://snomed.info/id/244428008,http://purl.org/sig/ont/fma/fma266054,1
3398,http://snomed.info/id/81084000,http://purl.org/sig/ont/fma/fma266054,1
3399,http://snomed.info/id/32967008,http://purl.org/sig/ont/fma/fma266054,1
3400,http://snomed.info/id/83083000,http://purl.org/sig/ont/fma/fma71242,1
3401,http://snomed.info/id/20682003,http://purl.org/sig/ont/fma/fma74911,1
3402,http://snomed.info/id/20682003,http://purl.org/sig/ont/fma/fma78561,1
3403,http://snomed.info/id/20682003,http://purl.org/sig/ont/fma/fma71918,1
3404,http://snomed.info/id/36405008,http://purl.org/sig/ont/fma/fma71242,1
3405,http://snomed.info/id/68847004,http://purl.org/sig/ont/fma/fma71242,1
3406,http://snomed.info/id/369390000,http://purl.org/sig/ont/fma/fma83717,1
3407,http://snomed.info/id/37065005,http://purl.org/sig/ont/fma/fma83465,1
3408,http://snomed.info/id/74968005,http://purl.org/sig/ont/fma/fma24034,1
3409,http://snomed.info/id/71689002,http://purl.org/sig/ont/fma/fma78448,1
3410,http://snomed.info/id/83990007,http://purl.org/sig/ont/fma/fma78448,1
3411,http://snomed.info/id/23559006,http://purl.org/sig/ont/fma/fma242795,1
3412,http://snomed.info/id/12857007,http://purl.org/sig/ont/fma/fma242795,1
3413,http://snomed.info/id/15734001,http://purl.org/sig/ont/fma/fma78444,1
3414,http://snomed.info/id/40367007,http://purl.org/sig/ont/fma/fma78444,1
3415,http://snomed.info/id/16478000,http://purl.org/sig/ont/fma/fma78444,1
3416,http://snomed.info/id/13315000,http://purl.org/sig/ont/fma/fma242795,1
3417,http://snomed.info/id/372073000,http://purl.org/sig/ont/fma/fma61996,1
3418,http://snomed.info/id/55438003,http://purl.org/sig/ont/fma/fma61940,1
3419,http://snomed.info/id/86766005,http://purl.org/sig/ont/fma/fma75136,1
3420,http://snomed.info/id/74712008,http://purl.org/sig/ont/fma/fma83738,1
3421,http://snomed.info/id/26972005,http://purl.org/sig/ont/fma/fma242197,1
3422,http://snomed.info/id/79460007,http://purl.org/sig/ont/fma/fma256176,1
3423,http://snomed.info/id/90928005,http://purl.org/sig/ont/fma/fma242193,1
3424,http://snomed.info/id/9898001,http://purl.org/sig/ont/fma/fma83874,1
3425,http://snomed.info/id/67601006,http://purl.org/sig/ont/fma/fma242197,1
3426,http://snomed.info/id/32637000,http://purl.org/sig/ont/fma/fma256176,1
3427,http://snomed.info/id/13926003,http://purl.org/sig/ont/fma/fma274530,1
3428,http://snomed.info/id/56658001,http://purl.org/sig/ont/fma/fma74882,1
3429,http://snomed.info/id/32448004,http://purl.org/sig/ont/fma/fma242197,1
3430,http://snomed.info/id/49131002,http://purl.org/sig/ont/fma/fma83705,1
3431,http://snomed.info/id/21933007,http://purl.org/sig/ont/fma/fma83705,1
3432,http://snomed.info/id/22735005,http://purl.org/sig/ont/fma/fma274522,1
3433,http://snomed.info/id/1092001,http://purl.org/sig/ont/fma/fma274522,1
3434,http://snomed.info/id/53464006,http://purl.org/sig/ont/fma/fma242197,1
3435,http://snomed.info/id/85245008,http://purl.org/sig/ont/fma/fma256176,1
3436,http://snomed.info/id/33185006,http://purl.org/sig/ont/fma/fma274518,1
3437,http://snomed.info/id/2741002,http://purl.org/sig/ont/fma/fma83874,1
3438,http://snomed.info/id/39593008,http://purl.org/sig/ont/fma/fma275028,1
3439,http://snomed.info/id/81883005,http://purl.org/sig/ont/fma/fma83465,1
3440,http://snomed.info/id/279205000,http://purl.org/sig/ont/fma/fma274528,1
3441,http://snomed.info/id/13989007,http://purl.org/sig/ont/fma/fma274528,1
3442,http://snomed.info/id/73226006,http://purl.org/sig/ont/fma/fma62478,1
3443,http://snomed.info/id/60396003,http://purl.org/sig/ont/fma/fma274528,1
3444,http://snomed.info/id/18456003,http://purl.org/sig/ont/fma/fma242197,1
3445,http://snomed.info/id/9073001,http://purl.org/sig/ont/fma/fma256176,1
3446,http://snomed.info/id/279179001,http://purl.org/sig/ont/fma/fma274526,1
3447,http://snomed.info/id/86230008,http://purl.org/sig/ont/fma/fma274526,1
3448,http://snomed.info/id/113301001,http://purl.org/sig/ont/fma/fma274526,1
3449,http://snomed.info/id/57941001,http://purl.org/sig/ont/fma/fma74882,1
3450,http://snomed.info/id/89359007,http://purl.org/sig/ont/fma/fma83874,1
3451,http://snomed.info/id/23284005,http://purl.org/sig/ont/fma/fma260732,1
3452,http://snomed.info/id/55387002,http://purl.org/sig/ont/fma/fma260732,1
3453,http://snomed.info/id/89202009,http://purl.org/sig/ont/fma/fma77630,1
3454,http://snomed.info/id/26230003,http://purl.org/sig/ont/fma/fma77630,1
3455,http://snomed.info/id/37035000,http://purl.org/sig/ont/fma/fma77630,1
3456,http://snomed.info/id/55233005,http://purl.org/sig/ont/fma/fma77630,1
3457,http://snomed.info/id/13958008,http://purl.org/sig/ont/fma/fma77630,1
3458,http://snomed.info/id/35664009,http://purl.org/sig/ont/fma/fma77630,1
3459,http://snomed.info/id/80434005,http://purl.org/sig/ont/fma/fma83844,1
3460,http://snomed.info/id/80434005,http://purl.org/sig/ont/fma/fma75735,1
3461,http://snomed.info/id/70105001,http://purl.org/sig/ont/fma/fma323286,1
3462,http://snomed.info/id/8688004,http://purl.org/sig/ont/fma/fma242193,1
3463,http://snomed.info/id/13900008,http://purl.org/sig/ont/fma/fma83906,1
3464,http://snomed.info/id/52093007,http://purl.org/sig/ont/fma/fma83868,1
3465,http://snomed.info/id/78204007,http://purl.org/sig/ont/fma/fma83465,1
3466,http://snomed.info/id/67796004,http://purl.org/sig/ont/fma/fma323286,1
3467,http://snomed.info/id/69857005,http://purl.org/sig/ont/fma/fma323286,1
3468,http://snomed.info/id/43146002,http://purl.org/sig/ont/fma/fma323286,1
3469,http://snomed.info/id/79020004,http://purl.org/sig/ont/fma/fma323286,1
3470,http://snomed.info/id/15485005,http://purl.org/sig/ont/fma/fma323286,1
3471,http://snomed.info/id/38389007,http://purl.org/sig/ont/fma/fma256693,1
3472,http://snomed.info/id/279124009,http://purl.org/sig/ont/fma/fma256693,1
3473,http://snomed.info/id/75551009,http://purl.org/sig/ont/fma/fma74866,1
3474,http://snomed.info/id/279127002,http://purl.org/sig/ont/fma/fma256693,1
3475,http://snomed.info/id/3460003,http://purl.org/sig/ont/fma/fma256693,1
3476,http://snomed.info/id/79495005,http://purl.org/sig/ont/fma/fma256693,1
3477,http://snomed.info/id/279128007,http://purl.org/sig/ont/fma/fma256693,1
3478,http://snomed.info/id/43796006,http://purl.org/sig/ont/fma/fma83854,1
3479,http://snomed.info/id/4537002,http://purl.org/sig/ont/fma/fma62449,1
3480,http://snomed.info/id/76747003,http://purl.org/sig/ont/fma/fma256693,1
3481,http://snomed.info/id/279163002,http://purl.org/sig/ont/fma/fma256693,1
3482,http://snomed.info/id/37176007,http://purl.org/sig/ont/fma/fma83906,1
3483,http://snomed.info/id/71046002,http://purl.org/sig/ont/fma/fma83840,1
3484,http://snomed.info/id/41534001,http://purl.org/sig/ont/fma/fma83840,1
3485,http://snomed.info/id/1659006,http://purl.org/sig/ont/fma/fma256693,1
3486,http://snomed.info/id/279149008,http://purl.org/sig/ont/fma/fma256693,1
3487,http://snomed.info/id/24549002,http://purl.org/sig/ont/fma/fma62159,1
3488,http://snomed.info/id/67390007,http://purl.org/sig/ont/fma/fma62159,1
3489,http://snomed.info/id/28179005,http://purl.org/sig/ont/fma/fma62159,1
3490,http://snomed.info/id/1707008,http://purl.org/sig/ont/fma/fma256693,1
3491,http://snomed.info/id/279125005,http://purl.org/sig/ont/fma/fma256693,1
3492,http://snomed.info/id/10937003,http://purl.org/sig/ont/fma/fma62188,1
3493,http://snomed.info/id/49431009,http://purl.org/sig/ont/fma/fma62188,1
3494,http://snomed.info/id/82700003,http://purl.org/sig/ont/fma/fma83840,1
3495,http://snomed.info/id/279147005,http://purl.org/sig/ont/fma/fma83840,1
3496,http://snomed.info/id/7091000,http://purl.org/sig/ont/fma/fma256693,1
3497,http://snomed.info/id/279146001,http://purl.org/sig/ont/fma/fma83840,1
3498,http://snomed.info/id/279146001,http://purl.org/sig/ont/fma/fma256693,1
3499,http://snomed.info/id/1580005,http://purl.org/sig/ont/fma/fma83840,1
3500,http://snomed.info/id/1580005,http://purl.org/sig/ont/fma/fma256693,1
3501,http://snomed.info/id/10778008,http://purl.org/sig/ont/fma/fma256693,1
3502,http://snomed.info/id/279126006,http://purl.org/sig/ont/fma/fma256693,1
3503,http://snomed.info/id/279155003,http://purl.org/sig/ont/fma/fma83840,1
3504,http://snomed.info/id/7820009,http://purl.org/sig/ont/fma/fma83840,1
3505,http://snomed.info/id/28186002,http://purl.org/sig/ont/fma/fma83840,1
3506,http://snomed.info/id/279154004,http://purl.org/sig/ont/fma/fma83840,1
3507,http://snomed.info/id/41951002,http://purl.org/sig/ont/fma/fma256693,1
3508,http://snomed.info/id/57491007,http://purl.org/sig/ont/fma/fma256693,1
3509,http://snomed.info/id/45592007,http://purl.org/sig/ont/fma/fma256693,1
3510,http://snomed.info/id/279159009,http://purl.org/sig/ont/fma/fma256693,1
3511,http://snomed.info/id/10776007,http://purl.org/sig/ont/fma/fma256693,1
3512,http://snomed.info/id/36768007,http://purl.org/sig/ont/fma/fma62449,1
3513,http://snomed.info/id/279162007,http://purl.org/sig/ont/fma/fma256693,1
3514,http://snomed.info/id/29317000,http://purl.org/sig/ont/fma/fma256693,1
3515,http://snomed.info/id/279150008,http://purl.org/sig/ont/fma/fma256693,1
3516,http://snomed.info/id/4377006,http://purl.org/sig/ont/fma/fma256693,1
3517,http://snomed.info/id/279152000,http://purl.org/sig/ont/fma/fma256693,1
3518,http://snomed.info/id/40529008,http://purl.org/sig/ont/fma/fma256693,1
3519,http://snomed.info/id/79941007,http://purl.org/sig/ont/fma/fma256693,1
3520,http://snomed.info/id/279153005,http://purl.org/sig/ont/fma/fma256693,1
3521,http://snomed.info/id/47022007,http://purl.org/sig/ont/fma/fma258760,1
3522,http://snomed.info/id/369192001,http://purl.org/sig/ont/fma/fma83840,1
3523,http://snomed.info/id/369190009,http://purl.org/sig/ont/fma/fma83844,1
3524,http://snomed.info/id/62758009,http://purl.org/sig/ont/fma/fma83153,1
3525,http://snomed.info/id/74089004,http://purl.org/sig/ont/fma/fma83840,1
3526,http://snomed.info/id/79845002,http://purl.org/sig/ont/fma/fma62447,1
3527,http://snomed.info/id/57225005,http://purl.org/sig/ont/fma/fma62447,1
3528,http://snomed.info/id/26013005,http://purl.org/sig/ont/fma/fma62447,1
3529,http://snomed.info/id/2123001,http://purl.org/sig/ont/fma/fma258762,1
3530,http://snomed.info/id/83959005,http://purl.org/sig/ont/fma/fma258762,1
3531,http://snomed.info/id/37047006,http://purl.org/sig/ont/fma/fma62445,1
3532,http://snomed.info/id/60678001,http://purl.org/sig/ont/fma/fma83840,1
3533,http://snomed.info/id/82665002,http://purl.org/sig/ont/fma/fma258762,1
3534,http://snomed.info/id/1655000,http://purl.org/sig/ont/fma/fma258762,1
3535,http://snomed.info/id/6981003,http://purl.org/sig/ont/fma/fma258762,1
3536,http://snomed.info/id/53752002,http://purl.org/sig/ont/fma/fma258764,1
3537,http://snomed.info/id/361538005,http://purl.org/sig/ont/fma/fma258764,1
3538,http://snomed.info/id/63982000,http://purl.org/sig/ont/fma/fma62447,1
3539,http://snomed.info/id/87286000,http://purl.org/sig/ont/fma/fma62443,1
3540,http://snomed.info/id/3301002,http://purl.org/sig/ont/fma/fma83848,1
3541,http://snomed.info/id/14658004,http://purl.org/sig/ont/fma/fma75188,1
3542,http://snomed.info/id/8159001,http://purl.org/sig/ont/fma/fma62398,1
3543,http://snomed.info/id/62088007,http://purl.org/sig/ont/fma/fma258768,1
3544,http://snomed.info/id/46067006,http://purl.org/sig/ont/fma/fma256381,1
3545,http://snomed.info/id/46067006,http://purl.org/sig/ont/fma/fma258768,1
3546,http://snomed.info/id/30114003,http://purl.org/sig/ont/fma/fma83676,1
3547,http://snomed.info/id/361586003,http://purl.org/sig/ont/fma/fma83848,1
3548,http://snomed.info/id/361586003,http://purl.org/sig/ont/fma/fma75188,1
3549,http://snomed.info/id/5538001,http://purl.org/sig/ont/fma/fma83153,1
3550,http://snomed.info/id/59650007,http://purl.org/sig/ont/fma/fma67948,1
3551,http://snomed.info/id/31217007,http://purl.org/sig/ont/fma/fma302191,1
3552,http://snomed.info/id/87601001,http://purl.org/sig/ont/fma/fma72246,1
3553,http://snomed.info/id/87601001,http://purl.org/sig/ont/fma/fma75735,1
3554,http://snomed.info/id/25561000,http://purl.org/sig/ont/fma/fma72246,1
3555,http://snomed.info/id/7697002,http://purl.org/sig/ont/fma/fma83844,1
3556,http://snomed.info/id/1729007,http://purl.org/sig/ont/fma/fma83848,1
3557,http://snomed.info/id/3153003,http://purl.org/sig/ont/fma/fma83848,1
3558,http://snomed.info/id/304942009,http://purl.org/sig/ont/fma/fma83840,1
3559,http://snomed.info/id/304942009,http://purl.org/sig/ont/fma/fma84059,1
3560,http://snomed.info/id/45013007,http://purl.org/sig/ont/fma/fma83840,1
3561,http://snomed.info/id/45013007,http://purl.org/sig/ont/fma/fma84059,1
3562,http://snomed.info/id/361544009,http://purl.org/sig/ont/fma/fma83848,1
3563,http://snomed.info/id/24946003,http://purl.org/sig/ont/fma/fma83848,1
3564,http://snomed.info/id/10026001,http://purl.org/sig/ont/fma/fma83847,1
3565,http://snomed.info/id/37641006,http://purl.org/sig/ont/fma/fma83848,1
3566,http://snomed.info/id/6566002,http://purl.org/sig/ont/fma/fma256150,1
3567,http://snomed.info/id/38335005,http://purl.org/sig/ont/fma/fma75735,1
3568,http://snomed.info/id/28688000,http://purl.org/sig/ont/fma/fma242392,1
3569,http://snomed.info/id/77232000,http://purl.org/sig/ont/fma/fma278629,1
3570,http://snomed.info/id/279383007,http://purl.org/sig/ont/fma/fma278629,1
3571,http://snomed.info/id/6651008,http://purl.org/sig/ont/fma/fma278629,1
3572,http://snomed.info/id/58501004,http://purl.org/sig/ont/fma/fma256150,1
3573,http://snomed.info/id/279385000,http://purl.org/sig/ont/fma/fma85544,1
3574,http://snomed.info/id/55213006,http://purl.org/sig/ont/fma/fma85544,1
3575,http://snomed.info/id/84395001,http://purl.org/sig/ont/fma/fma278629,1
3576,http://snomed.info/id/89372008,http://purl.org/sig/ont/fma/fma242392,1
3577,http://snomed.info/id/22863004,http://purl.org/sig/ont/fma/fma272300,1
3578,http://snomed.info/id/26655000,http://purl.org/sig/ont/fma/fma83880,1
3579,http://snomed.info/id/4924005,http://purl.org/sig/ont/fma/fma83880,1
3580,http://snomed.info/id/67344004,http://purl.org/sig/ont/fma/fma83880,1
3581,http://snomed.info/id/279365004,http://purl.org/sig/ont/fma/fma278629,1
3582,http://snomed.info/id/279365004,http://purl.org/sig/ont/fma/fma83880,1
3583,http://snomed.info/id/77766005,http://purl.org/sig/ont/fma/fma83860,1
3584,http://snomed.info/id/90981002,http://purl.org/sig/ont/fma/fma83465,1
3585,http://snomed.info/id/9000002,http://purl.org/sig/ont/fma/fma75735,1
3586,http://snomed.info/id/8604004,http://purl.org/sig/ont/fma/fma83844,1
3587,http://snomed.info/id/20104000,http://purl.org/sig/ont/fma/fma83848,1
3588,http://snomed.info/id/47636001,http://purl.org/sig/ont/fma/fma83465,1
3589,http://snomed.info/id/85682006,http://purl.org/sig/ont/fma/fma78476,1
3590,http://snomed.info/id/64997007,http://purl.org/sig/ont/fma/fma84059,1
3591,http://snomed.info/id/55073008,http://purl.org/sig/ont/fma/fma83153,1
3592,http://snomed.info/id/62159009,http://purl.org/sig/ont/fma/fma83676,1
3593,http://snomed.info/id/14634003,http://purl.org/sig/ont/fma/fma83844,1
3594,http://snomed.info/id/45408004,http://purl.org/sig/ont/fma/fma83844,1
3595,http://snomed.info/id/26193009,http://purl.org/sig/ont/fma/fma84059,1
3596,http://snomed.info/id/7911004,http://purl.org/sig/ont/fma/fma83848,1
3597,http://snomed.info/id/16381009,http://purl.org/sig/ont/fma/fma258772,1
3598,http://snomed.info/id/47907004,http://purl.org/sig/ont/fma/fma258772,1
3599,http://snomed.info/id/83010009,http://purl.org/sig/ont/fma/fma75253,1
3600,http://snomed.info/id/39699004,http://purl.org/sig/ont/fma/fma258772,1
3601,http://snomed.info/id/42874002,http://purl.org/sig/ont/fma/fma75253,1
3602,http://snomed.info/id/82881005,http://purl.org/sig/ont/fma/fma258772,1
3603,http://snomed.info/id/42352003,http://purl.org/sig/ont/fma/fma9649,1
3604,http://snomed.info/id/43511004,http://purl.org/sig/ont/fma/fma83926,1
3605,http://snomed.info/id/31701002,http://purl.org/sig/ont/fma/fma77460,1
3606,http://snomed.info/id/279442005,http://purl.org/sig/ont/fma/fma83926,1
3607,http://snomed.info/id/44985000,http://purl.org/sig/ont/fma/fma83926,1
3608,http://snomed.info/id/59752008,http://purl.org/sig/ont/fma/fma77460,1
3609,http://snomed.info/id/14629002,http://purl.org/sig/ont/fma/fma83929,1
3610,http://snomed.info/id/11449002,http://purl.org/sig/ont/fma/fma75799,1
3611,http://snomed.info/id/48879003,http://purl.org/sig/ont/fma/fma75799,1
3612,http://snomed.info/id/50860006,http://purl.org/sig/ont/fma/fma75799,1
3613,http://snomed.info/id/44682000,http://purl.org/sig/ont/fma/fma83926,1
3614,http://snomed.info/id/279444006,http://purl.org/sig/ont/fma/fma83926,1
3615,http://snomed.info/id/14892003,http://purl.org/sig/ont/fma/fma77460,1
3616,http://snomed.info/id/19001003,http://purl.org/sig/ont/fma/fma75683,1
3617,http://snomed.info/id/12628006,http://purl.org/sig/ont/fma/fma75683,1
3618,http://snomed.info/id/12628006,http://purl.org/sig/ont/fma/fma75188,1
3619,http://snomed.info/id/39382005,http://purl.org/sig/ont/fma/fma75683,1
3620,http://snomed.info/id/279443000,http://purl.org/sig/ont/fma/fma83926,1
3621,http://snomed.info/id/67898007,http://purl.org/sig/ont/fma/fma83926,1
3622,http://snomed.info/id/31051001,http://purl.org/sig/ont/fma/fma75683,1
3623,http://snomed.info/id/18056006,http://purl.org/sig/ont/fma/fma75683,1
3624,http://snomed.info/id/41272007,http://purl.org/sig/ont/fma/fma75683,1
3625,http://snomed.info/id/24765004,http://purl.org/sig/ont/fma/fma5979,1
3626,http://snomed.info/id/28419008,http://purl.org/sig/ont/fma/fma242789,1
3627,http://snomed.info/id/35465000,http://purl.org/sig/ont/fma/fma71238,1
3628,http://snomed.info/id/35465000,http://purl.org/sig/ont/fma/fma256522,1
3629,http://snomed.info/id/25908000,http://purl.org/sig/ont/fma/fma256522,1
3630,http://snomed.info/id/19465004,http://purl.org/sig/ont/fma/fma256381,1
3631,http://snomed.info/id/56969001,http://purl.org/sig/ont/fma/fma59659,1
3632,http://snomed.info/id/37623003,http://purl.org/sig/ont/fma/fma59659,1
3633,http://snomed.info/id/38056000,http://purl.org/sig/ont/fma/fma266075,1
3634,http://snomed.info/id/78497008,http://purl.org/sig/ont/fma/fma266075,1
3635,http://snomed.info/id/26273007,http://purl.org/sig/ont/fma/fma58707,1
3636,http://snomed.info/id/82095009,http://purl.org/sig/ont/fma/fma58707,1
3637,http://snomed.info/id/36064001,http://purl.org/sig/ont/fma/fma58707,1
3638,http://snomed.info/id/63802003,http://purl.org/sig/ont/fma/fma58712,1
3639,http://snomed.info/id/39345001,http://purl.org/sig/ont/fma/fma58712,1
3640,http://snomed.info/id/43951007,http://purl.org/sig/ont/fma/fma58712,1
3641,http://snomed.info/id/32781002,http://purl.org/sig/ont/fma/fma84573,1
3642,http://snomed.info/id/56832003,http://purl.org/sig/ont/fma/fma84573,1
3643,http://snomed.info/id/59473007,http://purl.org/sig/ont/fma/fma84059,1
3644,http://snomed.info/id/59473007,http://purl.org/sig/ont/fma/fma256381,1
3645,http://snomed.info/id/113311008,http://purl.org/sig/ont/fma/fma258768,1
3646,http://snomed.info/id/85647005,http://purl.org/sig/ont/fma/fma52571,1
3647,http://snomed.info/id/280205004,http://purl.org/sig/ont/fma/fma52571,1
3648,http://snomed.info/id/35155003,http://purl.org/sig/ont/fma/fma52581,1
3649,http://snomed.info/id/30379009,http://purl.org/sig/ont/fma/fma52581,1
3650,http://snomed.info/id/59237002,http://purl.org/sig/ont/fma/fma52597,1
3651,http://snomed.info/id/17700003,http://purl.org/sig/ont/fma/fma52597,1
3652,http://snomed.info/id/26907003,http://purl.org/sig/ont/fma/fma52597,1
3653,http://snomed.info/id/14841006,http://purl.org/sig/ont/fma/fma52597,1
3654,http://snomed.info/id/56099008,http://purl.org/sig/ont/fma/fma52571,1
3655,http://snomed.info/id/38390003,http://purl.org/sig/ont/fma/fma54501,1
3656,http://snomed.info/id/73296000,http://purl.org/sig/ont/fma/fma54501,1
3657,http://snomed.info/id/33227007,http://purl.org/sig/ont/fma/fma54501,1
3658,http://snomed.info/id/67260002,http://purl.org/sig/ont/fma/fma83848,1
3659,http://snomed.info/id/28074003,http://purl.org/sig/ont/fma/fma75683,1
3660,http://snomed.info/id/28074003,http://purl.org/sig/ont/fma/fma83848,1
3661,http://snomed.info/id/7154008,http://purl.org/sig/ont/fma/fma52610,1
3662,http://snomed.info/id/280188009,http://purl.org/sig/ont/fma/fma52610,1
3663,http://snomed.info/id/62611005,http://purl.org/sig/ont/fma/fma52624,1
3664,http://snomed.info/id/17980005,http://purl.org/sig/ont/fma/fma52624,1
3665,http://snomed.info/id/51033008,http://purl.org/sig/ont/fma/fma52624,1
3666,http://snomed.info/id/90916002,http://purl.org/sig/ont/fma/fma52641,1
3667,http://snomed.info/id/21874006,http://purl.org/sig/ont/fma/fma52641,1
3668,http://snomed.info/id/34467001,http://purl.org/sig/ont/fma/fma52641,1
3669,http://snomed.info/id/369401005,http://purl.org/sig/ont/fma/fma52671,1
3670,http://snomed.info/id/49536001,http://purl.org/sig/ont/fma/fma52671,1
3671,http://snomed.info/id/9951005,http://purl.org/sig/ont/fma/fma52671,1
3672,http://snomed.info/id/81661008,http://purl.org/sig/ont/fma/fma52671,1
3673,http://snomed.info/id/38387009,http://purl.org/sig/ont/fma/fma52678,1
3674,http://snomed.info/id/50246003,http://purl.org/sig/ont/fma/fma63819,1
3675,http://snomed.info/id/50246003,http://purl.org/sig/ont/fma/fma52678,1
3676,http://snomed.info/id/280228003,http://purl.org/sig/ont/fma/fma52671,1
3677,http://snomed.info/id/280228003,http://purl.org/sig/ont/fma/fma63819,1
3678,http://snomed.info/id/71834002,http://purl.org/sig/ont/fma/fma52671,1
3679,http://snomed.info/id/71834002,http://purl.org/sig/ont/fma/fma63819,1
3680,http://snomed.info/id/280232009,http://purl.org/sig/ont/fma/fma52727,1
3681,http://snomed.info/id/10141003,http://purl.org/sig/ont/fma/fma52727,1
3682,http://snomed.info/id/58267004,http://purl.org/sig/ont/fma/fma52727,1
3683,http://snomed.info/id/312165009,http://purl.org/sig/ont/fma/fma63819,1
3684,http://snomed.info/id/14008007,http://purl.org/sig/ont/fma/fma63819,1
3685,http://snomed.info/id/8161005,http://purl.org/sig/ont/fma/fma52727,1
3686,http://snomed.info/id/71732008,http://purl.org/sig/ont/fma/fma52999,1
3687,http://snomed.info/id/54584001,http://purl.org/sig/ont/fma/fma52999,1
3688,http://snomed.info/id/54584001,http://purl.org/sig/ont/fma/fma63819,1
3689,http://snomed.info/id/87237002,http://purl.org/sig/ont/fma/fma63819,1
3690,http://snomed.info/id/87237002,http://purl.org/sig/ont/fma/fma53195,1
3691,http://snomed.info/id/280267009,http://purl.org/sig/ont/fma/fma63819,1
3692,http://snomed.info/id/280267009,http://purl.org/sig/ont/fma/fma53195,1
3693,http://snomed.info/id/48852002,http://purl.org/sig/ont/fma/fma53180,1
3694,http://snomed.info/id/280250002,http://purl.org/sig/ont/fma/fma52999,1
3695,http://snomed.info/id/43439000,http://purl.org/sig/ont/fma/fma52999,1
3696,http://snomed.info/id/66372000,http://purl.org/sig/ont/fma/fma52999,1
3697,http://snomed.info/id/12110008,http://purl.org/sig/ont/fma/fma52999,1
3698,http://snomed.info/id/48164007,http://purl.org/sig/ont/fma/fma53246,1
3699,http://snomed.info/id/280166009,http://purl.org/sig/ont/fma/fma54501,1
3700,http://snomed.info/id/280191009,http://purl.org/sig/ont/fma/fma53418,1
3701,http://snomed.info/id/30097008,http://purl.org/sig/ont/fma/fma53418,1
3702,http://snomed.info/id/81074001,http://purl.org/sig/ont/fma/fma53438,1
3703,http://snomed.info/id/17743006,http://purl.org/sig/ont/fma/fma53438,1
3704,http://snomed.info/id/280278001,http://purl.org/sig/ont/fma/fma53438,1
3705,http://snomed.info/id/89590005,http://purl.org/sig/ont/fma/fma53438,1
3706,http://snomed.info/id/31172000,http://purl.org/sig/ont/fma/fma63819,1
3707,http://snomed.info/id/31172000,http://purl.org/sig/ont/fma/fma53438,1
3708,http://snomed.info/id/80718008,http://purl.org/sig/ont/fma/fma63819,1
3709,http://snomed.info/id/80718008,http://purl.org/sig/ont/fma/fma53438,1
3710,http://snomed.info/id/280282004,http://purl.org/sig/ont/fma/fma53438,1
3711,http://snomed.info/id/280282004,http://purl.org/sig/ont/fma/fma63819,1
3712,http://snomed.info/id/31173005,http://purl.org/sig/ont/fma/fma53438,1
3713,http://snomed.info/id/280284003,http://purl.org/sig/ont/fma/fma53438,1
3714,http://snomed.info/id/59310001,http://purl.org/sig/ont/fma/fma5910,1
3715,http://snomed.info/id/42413009,http://purl.org/sig/ont/fma/fma54602,1
3716,http://snomed.info/id/66031007,http://purl.org/sig/ont/fma/fma53471,1
3717,http://snomed.info/id/37144002,http://purl.org/sig/ont/fma/fma53470,1
3718,http://snomed.info/id/57421003,http://purl.org/sig/ont/fma/fma53470,1
3719,http://snomed.info/id/280291000,http://purl.org/sig/ont/fma/fma63819,1
3720,http://snomed.info/id/280291000,http://purl.org/sig/ont/fma/fma53470,1
3721,http://snomed.info/id/280292007,http://purl.org/sig/ont/fma/fma63819,1
3722,http://snomed.info/id/280292007,http://purl.org/sig/ont/fma/fma53470,1
3723,http://snomed.info/id/280293002,http://purl.org/sig/ont/fma/fma63819,1
3724,http://snomed.info/id/280293002,http://purl.org/sig/ont/fma/fma53470,1
3725,http://snomed.info/id/50624003,http://purl.org/sig/ont/fma/fma53470,1
3726,http://snomed.info/id/84854006,http://purl.org/sig/ont/fma/fma54501,1
3727,http://snomed.info/id/280197008,http://purl.org/sig/ont/fma/fma53472,1
3728,http://snomed.info/id/280298006,http://purl.org/sig/ont/fma/fma6228,1
3729,http://snomed.info/id/280301005,http://purl.org/sig/ont/fma/fma53612,1
3730,http://snomed.info/id/27022003,http://purl.org/sig/ont/fma/fma53612,1
3731,http://snomed.info/id/4093007,http://purl.org/sig/ont/fma/fma63819,1
3732,http://snomed.info/id/4093007,http://purl.org/sig/ont/fma/fma6228,1
3733,http://snomed.info/id/314192002,http://purl.org/sig/ont/fma/fma63819,1
3734,http://snomed.info/id/314192002,http://purl.org/sig/ont/fma/fma6228,1
3735,http://snomed.info/id/113315004,http://purl.org/sig/ont/fma/fma6228,1
3736,http://snomed.info/id/37720009,http://purl.org/sig/ont/fma/fma6228,1
3737,http://snomed.info/id/26319003,http://purl.org/sig/ont/fma/fma63819,1
3738,http://snomed.info/id/26319003,http://purl.org/sig/ont/fma/fma12179,1
3739,http://snomed.info/id/47727005,http://purl.org/sig/ont/fma/fma6228,1
3740,http://snomed.info/id/32264005,http://purl.org/sig/ont/fma/fma6228,1
3741,http://snomed.info/id/32264005,http://purl.org/sig/ont/fma/fma63819,1
3742,http://snomed.info/id/280307009,http://purl.org/sig/ont/fma/fma6228,1
3743,http://snomed.info/id/280307009,http://purl.org/sig/ont/fma/fma63819,1
3744,http://snomed.info/id/79872005,http://purl.org/sig/ont/fma/fma65520,1
3745,http://snomed.info/id/6448009,http://purl.org/sig/ont/fma/fma65520,1
3746,http://snomed.info/id/30216009,http://purl.org/sig/ont/fma/fma54501,1
3747,http://snomed.info/id/32184001,http://purl.org/sig/ont/fma/fma66075,1
3748,http://snomed.info/id/32184001,http://purl.org/sig/ont/fma/fma80282,1
3749,http://snomed.info/id/47361005,http://purl.org/sig/ont/fma/fma54501,1
3750,http://snomed.info/id/11100002,http://purl.org/sig/ont/fma/fma54401,1
3751,http://snomed.info/id/39680008,http://purl.org/sig/ont/fma/fma6212,1
3752,http://snomed.info/id/39680008,http://purl.org/sig/ont/fma/fma78573,1
3753,http://snomed.info/id/37198003,http://purl.org/sig/ont/fma/fma7052,1
3754,http://snomed.info/id/37198003,http://purl.org/sig/ont/fma/fma65662,1
3755,http://snomed.info/id/113316003,http://purl.org/sig/ont/fma/fma65662,1
3756,http://snomed.info/id/113316003,http://purl.org/sig/ont/fma/fma7052,1
3757,http://snomed.info/id/83921002,http://purl.org/sig/ont/fma/fma5985,1
3758,http://snomed.info/id/22889004,http://purl.org/sig/ont/fma/fma7052,1
3759,http://snomed.info/id/86690003,http://purl.org/sig/ont/fma/fma12186,1
3760,http://snomed.info/id/44557006,http://purl.org/sig/ont/fma/fma6797,1
3761,http://snomed.info/id/81400001,http://purl.org/sig/ont/fma/fma12189,1
3762,http://snomed.info/id/25375006,http://purl.org/sig/ont/fma/fma6188,1
3763,http://snomed.info/id/280312005,http://purl.org/sig/ont/fma/fma54399,1
3764,http://snomed.info/id/84573001,http://purl.org/sig/ont/fma/fma55151,1
3765,http://snomed.info/id/280313000,http://purl.org/sig/ont/fma/fma82555,1
3766,http://snomed.info/id/921006,http://purl.org/sig/ont/fma/fma82555,1
3767,http://snomed.info/id/40483008,http://purl.org/sig/ont/fma/fma6188,1
3768,http://snomed.info/id/280324003,http://purl.org/sig/ont/fma/fma6188,1
3769,http://snomed.info/id/75998006,http://purl.org/sig/ont/fma/fma12198,1
3770,http://snomed.info/id/82266006,http://purl.org/sig/ont/fma/fma12209,1
3771,http://snomed.info/id/37753004,http://purl.org/sig/ont/fma/fma12209,1
3772,http://snomed.info/id/181111004,http://purl.org/sig/ont/fma/fma65239,1
3773,http://snomed.info/id/58508005,http://purl.org/sig/ont/fma/fma65239,1
3774,http://snomed.info/id/280328000,http://purl.org/sig/ont/fma/fma63819,1
3775,http://snomed.info/id/280328000,http://purl.org/sig/ont/fma/fma65239,1
3776,http://snomed.info/id/280329008,http://purl.org/sig/ont/fma/fma78640,1
3777,http://snomed.info/id/280330003,http://purl.org/sig/ont/fma/fma78640,1
3778,http://snomed.info/id/280331004,http://purl.org/sig/ont/fma/fma78640,1
3779,http://snomed.info/id/85168005,http://purl.org/sig/ont/fma/fma78640,1
3780,http://snomed.info/id/280325002,http://purl.org/sig/ont/fma/fma65269,1
3781,http://snomed.info/id/59513003,http://purl.org/sig/ont/fma/fma65269,1
3782,http://snomed.info/id/4774001,http://purl.org/sig/ont/fma/fma6199,1
3783,http://snomed.info/id/33992000,http://purl.org/sig/ont/fma/fma6199,1
3784,http://snomed.info/id/6268000,http://purl.org/sig/ont/fma/fma63819,1
3785,http://snomed.info/id/6268000,http://purl.org/sig/ont/fma/fma49445,1
3786,http://snomed.info/id/167005,http://purl.org/sig/ont/fma/fma65229,1
3787,http://snomed.info/id/278790007,http://purl.org/sig/ont/fma/fma77571,1
3788,http://snomed.info/id/278790007,http://purl.org/sig/ont/fma/fma78573,1
3789,http://snomed.info/id/4588004,http://purl.org/sig/ont/fma/fma304453,1
3790,http://snomed.info/id/30026005,http://purl.org/sig/ont/fma/fma65851,1
3791,http://snomed.info/id/42203004,http://purl.org/sig/ont/fma/fma65239,1
3792,http://snomed.info/id/6104005,http://purl.org/sig/ont/fma/fma65239,1
3793,http://snomed.info/id/20746001,http://purl.org/sig/ont/fma/fma63819,1
3794,http://snomed.info/id/61964005,http://purl.org/sig/ont/fma/fma65270,1
3795,http://snomed.info/id/16648001,http://purl.org/sig/ont/fma/fma63819,1
3796,http://snomed.info/id/16648001,http://purl.org/sig/ont/fma/fma44872,1
3797,http://snomed.info/id/27665003,http://purl.org/sig/ont/fma/fma44872,1
3798,http://snomed.info/id/9596006,http://purl.org/sig/ont/fma/fma44872,1
3799,http://snomed.info/id/281142008,http://purl.org/sig/ont/fma/fma44872,1
3800,http://snomed.info/id/278888003,http://purl.org/sig/ont/fma/fma65242,1
3801,http://snomed.info/id/278885000,http://purl.org/sig/ont/fma/fma65242,1
3802,http://snomed.info/id/71552006,http://purl.org/sig/ont/fma/fma44819,1
3803,http://snomed.info/id/21749004,http://purl.org/sig/ont/fma/fma44819,1
3804,http://snomed.info/id/310551006,http://purl.org/sig/ont/fma/fma44960,1
3805,http://snomed.info/id/43672007,http://purl.org/sig/ont/fma/fma44960,1
3806,http://snomed.info/id/62794008,http://purl.org/sig/ont/fma/fma44947,1
3807,http://snomed.info/id/62794008,http://purl.org/sig/ont/fma/fma63819,1
3808,http://snomed.info/id/310553009,http://purl.org/sig/ont/fma/fma44947,1
3809,http://snomed.info/id/33487007,http://purl.org/sig/ont/fma/fma44947,1
3810,http://snomed.info/id/89303002,http://purl.org/sig/ont/fma/fma80024,1
3811,http://snomed.info/id/67376009,http://purl.org/sig/ont/fma/fma65239,1
3812,http://snomed.info/id/81029008,http://purl.org/sig/ont/fma/fma65229,1
3813,http://snomed.info/id/45911006,http://purl.org/sig/ont/fma/fma65385,1
3814,http://snomed.info/id/64019007,http://purl.org/sig/ont/fma/fma65385,1
3815,http://snomed.info/id/79822008,http://purl.org/sig/ont/fma/fma65239,1
3816,http://snomed.info/id/83754008,http://purl.org/sig/ont/fma/fma65239,1
3817,http://snomed.info/id/74858004,http://purl.org/sig/ont/fma/fma65239,1
3818,http://snomed.info/id/47395009,http://purl.org/sig/ont/fma/fma63819,1
3819,http://snomed.info/id/17748002,http://purl.org/sig/ont/fma/fma81291,1
3820,http://snomed.info/id/77954007,http://purl.org/sig/ont/fma/fma65239,1
3821,http://snomed.info/id/77954007,http://purl.org/sig/ont/fma/fma63819,1
3822,http://snomed.info/id/24585002,http://purl.org/sig/ont/fma/fma81367,1
3823,http://snomed.info/id/24585002,http://purl.org/sig/ont/fma/fma65239,1
3824,http://snomed.info/id/39773002,http://purl.org/sig/ont/fma/fma63819,1
3825,http://snomed.info/id/39773002,http://purl.org/sig/ont/fma/fma6066,1
3826,http://snomed.info/id/16523009,http://purl.org/sig/ont/fma/fma65239,1
3827,http://snomed.info/id/85752009,http://purl.org/sig/ont/fma/fma65239,1
3828,http://snomed.info/id/71969001,http://purl.org/sig/ont/fma/fma63819,1
3829,http://snomed.info/id/91674000,http://purl.org/sig/ont/fma/fma63819,1
3830,http://snomed.info/id/12643008,http://purl.org/sig/ont/fma/fma65239,1
3831,http://snomed.info/id/79906008,http://purl.org/sig/ont/fma/fma20545,1
3832,http://snomed.info/id/65490005,http://purl.org/sig/ont/fma/fma65239,1
3833,http://snomed.info/id/6820003,http://purl.org/sig/ont/fma/fma45305,1
3834,http://snomed.info/id/11580005,http://purl.org/sig/ont/fma/fma45305,1
3835,http://snomed.info/id/20089006,http://purl.org/sig/ont/fma/fma45305,1
3836,http://snomed.info/id/37252005,http://purl.org/sig/ont/fma/fma45246,1
3837,http://snomed.info/id/37252005,http://purl.org/sig/ont/fma/fma63819,1
3838,http://snomed.info/id/61896001,http://purl.org/sig/ont/fma/fma45246,1
3839,http://snomed.info/id/69946001,http://purl.org/sig/ont/fma/fma45324,1
3840,http://snomed.info/id/91395000,http://purl.org/sig/ont/fma/fma16480,1
3841,http://snomed.info/id/43542009,http://purl.org/sig/ont/fma/fma65523,1
3842,http://snomed.info/id/29067003,http://purl.org/sig/ont/fma/fma80177,1
3843,http://snomed.info/id/10591007,http://purl.org/sig/ont/fma/fma65239,1
3844,http://snomed.info/id/51842002,http://purl.org/sig/ont/fma/fma80177,1
3845,http://snomed.info/id/69113008,http://purl.org/sig/ont/fma/fma45350,1
3846,http://snomed.info/id/69113008,http://purl.org/sig/ont/fma/fma63819,1
3847,http://snomed.info/id/53030001,http://purl.org/sig/ont/fma/fma44686,1
3848,http://snomed.info/id/53030001,http://purl.org/sig/ont/fma/fma63819,1
3849,http://snomed.info/id/215727001,http://purl.org/sig/ont/fma/fma44686,1
3850,http://snomed.info/id/40572002,http://purl.org/sig/ont/fma/fma44686,1
3851,http://snomed.info/id/75487000,http://purl.org/sig/ont/fma/fma44773,1
3852,http://snomed.info/id/55863005,http://purl.org/sig/ont/fma/fma63819,1
3853,http://snomed.info/id/55863005,http://purl.org/sig/ont/fma/fma44686,1
3854,http://snomed.info/id/73001007,http://purl.org/sig/ont/fma/fma44686,1
3855,http://snomed.info/id/79683004,http://purl.org/sig/ont/fma/fma63819,1
3856,http://snomed.info/id/79683004,http://purl.org/sig/ont/fma/fma44723,1
3857,http://snomed.info/id/16419003,http://purl.org/sig/ont/fma/fma44686,1
3858,http://snomed.info/id/23765008,http://purl.org/sig/ont/fma/fma44725,1
3859,http://snomed.info/id/277909009,http://purl.org/sig/ont/fma/fma44686,1
3860,http://snomed.info/id/277909009,http://purl.org/sig/ont/fma/fma63819,1
3861,http://snomed.info/id/12111007,http://purl.org/sig/ont/fma/fma44686,1
3862,http://snomed.info/id/12111007,http://purl.org/sig/ont/fma/fma63819,1
3863,http://snomed.info/id/64952003,http://purl.org/sig/ont/fma/fma44725,1
3864,http://snomed.info/id/64529007,http://purl.org/sig/ont/fma/fma44696,1
3865,http://snomed.info/id/60433008,http://purl.org/sig/ont/fma/fma44775,1
3866,http://snomed.info/id/60433008,http://purl.org/sig/ont/fma/fma63819,1
3867,http://snomed.info/id/53995007,http://purl.org/sig/ont/fma/fma44696,1
3868,http://snomed.info/id/83080002,http://purl.org/sig/ont/fma/fma44807,1
3869,http://snomed.info/id/83080002,http://purl.org/sig/ont/fma/fma63819,1
3870,http://snomed.info/id/84383001,http://purl.org/sig/ont/fma/fma5901,1
3871,http://snomed.info/id/54805005,http://purl.org/sig/ont/fma/fma65239,1
3872,http://snomed.info/id/77344000,http://purl.org/sig/ont/fma/fma21862,1
3873,http://snomed.info/id/77344000,http://purl.org/sig/ont/fma/fma63819,1
3874,http://snomed.info/id/4768001,http://purl.org/sig/ont/fma/fma63819,1
3875,http://snomed.info/id/4768001,http://purl.org/sig/ont/fma/fma21862,1
3876,http://snomed.info/id/43070000,http://purl.org/sig/ont/fma/fma63819,1
3877,http://snomed.info/id/43070000,http://purl.org/sig/ont/fma/fma21893,1
3878,http://snomed.info/id/36023006,http://purl.org/sig/ont/fma/fma63819,1
3879,http://snomed.info/id/36023006,http://purl.org/sig/ont/fma/fma21893,1
3880,http://snomed.info/id/2681003,http://purl.org/sig/ont/fma/fma21862,1
3881,http://snomed.info/id/83338008,http://purl.org/sig/ont/fma/fma21862,1
3882,http://snomed.info/id/1541002,http://purl.org/sig/ont/fma/fma5903,1
3883,http://snomed.info/id/33338009,http://purl.org/sig/ont/fma/fma65239,1
3884,http://snomed.info/id/44909008,http://purl.org/sig/ont/fma/fma5866,1
3885,http://snomed.info/id/58080009,http://purl.org/sig/ont/fma/fma78562,1
3886,http://snomed.info/id/15094007,http://purl.org/sig/ont/fma/fma6887,1
3887,http://snomed.info/id/82557006,http://purl.org/sig/ont/fma/fma63819,1
3888,http://snomed.info/id/82557006,http://purl.org/sig/ont/fma/fma6887,1
3889,http://snomed.info/id/3877006,http://purl.org/sig/ont/fma/fma5910,1
3890,http://snomed.info/id/52255005,http://purl.org/sig/ont/fma/fma6594,1
3891,http://snomed.info/id/88634001,http://purl.org/sig/ont/fma/fma6905,1
3892,http://snomed.info/id/280502002,http://purl.org/sig/ont/fma/fma6905,1
3893,http://snomed.info/id/15731009,http://purl.org/sig/ont/fma/fma6911,1
3894,http://snomed.info/id/4524000,http://purl.org/sig/ont/fma/fma5910,1
3895,http://snomed.info/id/1277008,http://purl.org/sig/ont/fma/fma6910,1
3896,http://snomed.info/id/56725004,http://purl.org/sig/ont/fma/fma5901,1
3897,http://snomed.info/id/17912006,http://purl.org/sig/ont/fma/fma6886,1
3898,http://snomed.info/id/18591008,http://purl.org/sig/ont/fma/fma6470,1
3899,http://snomed.info/id/88759001,http://purl.org/sig/ont/fma/fma6276,1
3900,http://snomed.info/id/63492004,http://purl.org/sig/ont/fma/fma6276,1
3901,http://snomed.info/id/13369003,http://purl.org/sig/ont/fma/fma6726,1
3902,http://snomed.info/id/207065009,http://purl.org/sig/ont/fma/fma78551,1
3903,http://snomed.info/id/36733007,http://purl.org/sig/ont/fma/fma5891,1
3904,http://snomed.info/id/36733007,http://purl.org/sig/ont/fma/fma78551,1
3905,http://snomed.info/id/88216007,http://purl.org/sig/ont/fma/fma5866,1
3906,http://snomed.info/id/11018001,http://purl.org/sig/ont/fma/fma6280,1
3907,http://snomed.info/id/87685007,http://purl.org/sig/ont/fma/fma5889,1
3908,http://snomed.info/id/58931002,http://purl.org/sig/ont/fma/fma6280,1
3909,http://snomed.info/id/33767007,http://purl.org/sig/ont/fma/fma5910,1
3910,http://snomed.info/id/48907001,http://purl.org/sig/ont/fma/fma6280,1
3911,http://snomed.info/id/24639009,http://purl.org/sig/ont/fma/fma5891,1
3912,http://snomed.info/id/24639009,http://purl.org/sig/ont/fma/fma78551,1
3913,http://snomed.info/id/41077007,http://purl.org/sig/ont/fma/fma63819,1
3914,http://snomed.info/id/26844002,http://purl.org/sig/ont/fma/fma5891,1
3915,http://snomed.info/id/26844002,http://purl.org/sig/ont/fma/fma78551,1
3916,http://snomed.info/id/59155001,http://purl.org/sig/ont/fma/fma63819,1
3917,http://snomed.info/id/11469007,http://purl.org/sig/ont/fma/fma5891,1
3918,http://snomed.info/id/35278002,http://purl.org/sig/ont/fma/fma63819,1
3919,http://snomed.info/id/4158003,http://purl.org/sig/ont/fma/fma5910,1
3920,http://snomed.info/id/67268009,http://purl.org/sig/ont/fma/fma5910,1
3921,http://snomed.info/id/279276003,http://purl.org/sig/ont/fma/fma5892,1
3922,http://snomed.info/id/87488002,http://purl.org/sig/ont/fma/fma5892,1
3923,http://snomed.info/id/21956003,http://purl.org/sig/ont/fma/fma78551,1
3924,http://snomed.info/id/21956003,http://purl.org/sig/ont/fma/fma5889,1
3925,http://snomed.info/id/35328001,http://purl.org/sig/ont/fma/fma5910,1
3926,http://snomed.info/id/82200002,http://purl.org/sig/ont/fma/fma5910,1
3927,http://snomed.info/id/64157005,http://purl.org/sig/ont/fma/fma63819,1
3928,http://snomed.info/id/2504000,http://purl.org/sig/ont/fma/fma5910,1
3929,http://snomed.info/id/48563009,http://purl.org/sig/ont/fma/fma78551,1
3930,http://snomed.info/id/48563009,http://purl.org/sig/ont/fma/fma5910,1
3931,http://snomed.info/id/21684005,http://purl.org/sig/ont/fma/fma5910,1
3932,http://snomed.info/id/86064000,http://purl.org/sig/ont/fma/fma5910,1
3933,http://snomed.info/id/15398002,http://purl.org/sig/ont/fma/fma5910,1
3934,http://snomed.info/id/74636004,http://purl.org/sig/ont/fma/fma78551,1
3935,http://snomed.info/id/79869003,http://purl.org/sig/ont/fma/fma5910,1
3936,http://snomed.info/id/24981001,http://purl.org/sig/ont/fma/fma5910,1
3937,http://snomed.info/id/65719009,http://purl.org/sig/ont/fma/fma5910,1
3938,http://snomed.info/id/68305005,http://purl.org/sig/ont/fma/fma5910,1
3939,http://snomed.info/id/34109009,http://purl.org/sig/ont/fma/fma5910,1
3940,http://snomed.info/id/53892006,http://purl.org/sig/ont/fma/fma5910,1
3941,http://snomed.info/id/13559005,http://purl.org/sig/ont/fma/fma5910,1
3942,http://snomed.info/id/26701009,http://purl.org/sig/ont/fma/fma78551,1
3943,http://snomed.info/id/26701009,http://purl.org/sig/ont/fma/fma5892,1
3944,http://snomed.info/id/48557000,http://purl.org/sig/ont/fma/fma5910,1
3945,http://snomed.info/id/4905007,http://purl.org/sig/ont/fma/fma5910,1
3946,http://snomed.info/id/2044003,http://purl.org/sig/ont/fma/fma63819,1
3947,http://snomed.info/id/81036009,http://purl.org/sig/ont/fma/fma5910,1
3948,http://snomed.info/id/36364006,http://purl.org/sig/ont/fma/fma63819,1
3949,http://snomed.info/id/43671000,http://purl.org/sig/ont/fma/fma63819,1
3950,http://snomed.info/id/87792005,http://purl.org/sig/ont/fma/fma65539,1
3951,http://snomed.info/id/49741006,http://purl.org/sig/ont/fma/fma5895,1
3952,http://snomed.info/id/13458000,http://purl.org/sig/ont/fma/fma80148,1
3953,http://snomed.info/id/68809009,http://purl.org/sig/ont/fma/fma5895,1
3954,http://snomed.info/id/2421006,http://purl.org/sig/ont/fma/fma5895,1
3955,http://snomed.info/id/6110005,http://purl.org/sig/ont/fma/fma80148,1
3956,http://snomed.info/id/113320004,http://purl.org/sig/ont/fma/fma5895,1
3957,http://snomed.info/id/12620004,http://purl.org/sig/ont/fma/fma80148,1
3958,http://snomed.info/id/50372005,http://purl.org/sig/ont/fma/fma80148,1
3959,http://snomed.info/id/16612003,http://purl.org/sig/ont/fma/fma80148,1
3960,http://snomed.info/id/38881003,http://purl.org/sig/ont/fma/fma58141,1
3961,http://snomed.info/id/38881003,http://purl.org/sig/ont/fma/fma71920,1
3962,http://snomed.info/id/56190005,http://purl.org/sig/ont/fma/fma0327513,1
3963,http://snomed.info/id/26583007,http://purl.org/sig/ont/fma/fma0327513,1
3964,http://snomed.info/id/32206009,http://purl.org/sig/ont/fma/fma7145,1
3965,http://snomed.info/id/86588008,http://purl.org/sig/ont/fma/fma42603,1
3966,http://snomed.info/id/18944008,http://purl.org/sig/ont/fma/fma54448,1
3967,http://snomed.info/id/8966001,http://purl.org/sig/ont/fma/fma54448,1
3968,http://snomed.info/id/14236005,http://purl.org/sig/ont/fma/fma86126,1
3969,http://snomed.info/id/26386000,http://purl.org/sig/ont/fma/fma58071,1
3970,http://snomed.info/id/27941003,http://purl.org/sig/ont/fma/fma42603,1
3971,http://snomed.info/id/80316005,http://purl.org/sig/ont/fma/fma297484,1
3972,http://snomed.info/id/2489005,http://purl.org/sig/ont/fma/fma0327413,1
3973,http://snomed.info/id/67117001,http://purl.org/sig/ont/fma/fma0327413,1
3974,http://snomed.info/id/10695007,http://purl.org/sig/ont/fma/fma58101,1
3975,http://snomed.info/id/5825003,http://purl.org/sig/ont/fma/fma81494,1
3976,http://snomed.info/id/30322002,http://purl.org/sig/ont/fma/fma82485,1
3977,http://snomed.info/id/75481004,http://purl.org/sig/ont/fma/fma59701,1
3978,http://snomed.info/id/41657001,http://purl.org/sig/ont/fma/fma58337,1
3979,http://snomed.info/id/55143001,http://purl.org/sig/ont/fma/fma63872,1
3980,http://snomed.info/id/113321000,http://purl.org/sig/ont/fma/fma86103,1
3981,http://snomed.info/id/56044004,http://purl.org/sig/ont/fma/fma58462,1
3982,http://snomed.info/id/36044006,http://purl.org/sig/ont/fma/fma58462,1
3983,http://snomed.info/id/67239008,http://purl.org/sig/ont/fma/fma3728,1
3984,http://snomed.info/id/13572006,http://purl.org/sig/ont/fma/fma63814,1
3985,http://snomed.info/id/13572006,http://purl.org/sig/ont/fma/fma51728,1
3986,http://snomed.info/id/38631005,http://purl.org/sig/ont/fma/fma51945,1
3987,http://snomed.info/id/55250007,http://purl.org/sig/ont/fma/fma51948,1
3988,http://snomed.info/id/39970006,http://purl.org/sig/ont/fma/fma51945,1
3989,http://snomed.info/id/20346003,http://purl.org/sig/ont/fma/fma51948,1
3990,http://snomed.info/id/75488005,http://purl.org/sig/ont/fma/fma49897,1
3991,http://snomed.info/id/90005007,http://purl.org/sig/ont/fma/fma49897,1
3992,http://snomed.info/id/39078001,http://purl.org/sig/ont/fma/fma51892,1
3993,http://snomed.info/id/84228009,http://purl.org/sig/ont/fma/fma51892,1
3994,http://snomed.info/id/70116008,http://purl.org/sig/ont/fma/fma51892,1
3995,http://snomed.info/id/42578008,http://purl.org/sig/ont/fma/fma51892,1
3996,http://snomed.info/id/86109005,http://purl.org/sig/ont/fma/fma51892,1
3997,http://snomed.info/id/113322007,http://purl.org/sig/ont/fma/fma51892,1
3998,http://snomed.info/id/30047009,http://purl.org/sig/ont/fma/fma58479,1
3999,http://snomed.info/id/51082008,http://purl.org/sig/ont/fma/fma58479,1
4000,http://snomed.info/id/280859006,http://purl.org/sig/ont/fma/fma58479,1
4001,http://snomed.info/id/6829002,http://purl.org/sig/ont/fma/fma58609,1
4002,http://snomed.info/id/76138000,http://purl.org/sig/ont/fma/fma58485,1
4003,http://snomed.info/id/76138000,http://purl.org/sig/ont/fma/fma71920,1
4004,http://snomed.info/id/44571003,http://purl.org/sig/ont/fma/fma78558,1
4005,http://snomed.info/id/43845001,http://purl.org/sig/ont/fma/fma81494,1
4006,http://snomed.info/id/1818002,http://purl.org/sig/ont/fma/fma3728,1
4007,http://snomed.info/id/44859000,http://purl.org/sig/ont/fma/fma3728,1
4008,http://snomed.info/id/8369000,http://purl.org/sig/ont/fma/fma49154,1
4009,http://snomed.info/id/41288007,http://purl.org/sig/ont/fma/fma49154,1
4010,http://snomed.info/id/62719004,http://purl.org/sig/ont/fma/fma58599,1
4011,http://snomed.info/id/45040007,http://purl.org/sig/ont/fma/fma58141,1
4012,http://snomed.info/id/41776006,http://purl.org/sig/ont/fma/fma58609,1
4013,http://snomed.info/id/10415000,http://purl.org/sig/ont/fma/fma62415,1
4014,http://snomed.info/id/113324008,http://purl.org/sig/ont/fma/fma58617,1
4015,http://snomed.info/id/76710003,http://purl.org/sig/ont/fma/fma0327429,1
4016,http://snomed.info/id/74662008,http://purl.org/sig/ont/fma/fma58617,1
4017,http://snomed.info/id/24040007,http://purl.org/sig/ont/fma/fma58617,1
4018,http://snomed.info/id/47155000,http://purl.org/sig/ont/fma/fma58617,1
4019,http://snomed.info/id/39197003,http://purl.org/sig/ont/fma/fma58617,1
4020,http://snomed.info/id/45950005,http://purl.org/sig/ont/fma/fma58617,1
4021,http://snomed.info/id/113325009,http://purl.org/sig/ont/fma/fma58617,1
4022,http://snomed.info/id/35538005,http://purl.org/sig/ont/fma/fma14065,1
4023,http://snomed.info/id/57498001,http://purl.org/sig/ont/fma/fma71954,1
4024,http://snomed.info/id/28993004,http://purl.org/sig/ont/fma/fma9658,1
4025,http://snomed.info/id/77952006,http://purl.org/sig/ont/fma/fma9658,1
4026,http://snomed.info/id/88664009,http://purl.org/sig/ont/fma/fma58141,1
4027,http://snomed.info/id/70278005,http://purl.org/sig/ont/fma/fma58141,1
4028,http://snomed.info/id/39171009,http://purl.org/sig/ont/fma/fma78561,1
4029,http://snomed.info/id/77155007,http://purl.org/sig/ont/fma/fma85272,1
4030,http://snomed.info/id/5128004,http://purl.org/sig/ont/fma/fma322156,1
4031,http://snomed.info/id/44888004,http://purl.org/sig/ont/fma/fma64989,1
4032,http://snomed.info/id/595000,http://purl.org/sig/ont/fma/fma281636,1
4033,http://snomed.info/id/74824007,http://purl.org/sig/ont/fma/fma59116,1
4034,http://snomed.info/id/39900007,http://purl.org/sig/ont/fma/fma321883,1
4035,http://snomed.info/id/76140005,http://purl.org/sig/ont/fma/fma59417,1
4036,http://snomed.info/id/62290000,http://purl.org/sig/ont/fma/fma54439,1
4037,http://snomed.info/id/65820005,http://purl.org/sig/ont/fma/fma54439,1
4038,http://snomed.info/id/20060009,http://purl.org/sig/ont/fma/fma54442,1
4039,http://snomed.info/id/76662006,http://purl.org/sig/ont/fma/fma54442,1
4040,http://snomed.info/id/83941007,http://purl.org/sig/ont/fma/fma59086,1
4041,http://snomed.info/id/30282002,http://purl.org/sig/ont/fma/fma59086,1
4042,http://snomed.info/id/63359006,http://purl.org/sig/ont/fma/fma14070,1
4043,http://snomed.info/id/63359006,http://purl.org/sig/ont/fma/fma32558,1
4044,http://snomed.info/id/28323001,http://purl.org/sig/ont/fma/fma59155,1
4045,http://snomed.info/id/28323001,http://purl.org/sig/ont/fma/fma71481,1
4046,http://snomed.info/id/57132005,http://purl.org/sig/ont/fma/fma59016,1
4047,http://snomed.info/id/72017006,http://purl.org/sig/ont/fma/fma59016,1
4048,http://snomed.info/id/10737006,http://purl.org/sig/ont/fma/fma9689,1
4049,http://snomed.info/id/15768007,http://purl.org/sig/ont/fma/fma59023,1
4050,http://snomed.info/id/1832000,http://purl.org/sig/ont/fma/fma59023,1
4051,http://snomed.info/id/19727007,http://purl.org/sig/ont/fma/fma59381,1
4052,http://snomed.info/id/72473005,http://purl.org/sig/ont/fma/fma59381,1
4053,http://snomed.info/id/82139002,http://purl.org/sig/ont/fma/fma59584,1
4054,http://snomed.info/id/54369006,http://purl.org/sig/ont/fma/fma3724,1
4055,http://snomed.info/id/9849005,http://purl.org/sig/ont/fma/fma59714,1
4056,http://snomed.info/id/46086003,http://purl.org/sig/ont/fma/fma59584,1
4057,http://snomed.info/id/90962005,http://purl.org/sig/ont/fma/fma67611,1
4058,http://snomed.info/id/280655003,http://purl.org/sig/ont/fma/fma67611,1
4059,http://snomed.info/id/86153000,http://purl.org/sig/ont/fma/fma60960,1
4060,http://snomed.info/id/78389002,http://purl.org/sig/ont/fma/fma61343,1
4061,http://snomed.info/id/78389002,http://purl.org/sig/ont/fma/fma320943,1
4062,http://snomed.info/id/55418004,http://purl.org/sig/ont/fma/fma61343,1
4063,http://snomed.info/id/55418004,http://purl.org/sig/ont/fma/fma320943,1
4064,http://snomed.info/id/62839008,http://purl.org/sig/ont/fma/fma60960,1
4065,http://snomed.info/id/55881008,http://purl.org/sig/ont/fma/fma60960,1
4066,http://snomed.info/id/113328006,http://purl.org/sig/ont/fma/fma284644,1
4067,http://snomed.info/id/59581006,http://purl.org/sig/ont/fma/fma60960,1
4068,http://snomed.info/id/24264001,http://purl.org/sig/ont/fma/fma60960,1
4069,http://snomed.info/id/48800003,http://purl.org/sig/ont/fma/fma60960,1
4070,http://snomed.info/id/52678007,http://purl.org/sig/ont/fma/fma60960,1
4071,http://snomed.info/id/68530009,http://purl.org/sig/ont/fma/fma61081,1
4072,http://snomed.info/id/78743007,http://purl.org/sig/ont/fma/fma320943,1
4073,http://snomed.info/id/78743007,http://purl.org/sig/ont/fma/fma61343,1
4074,http://snomed.info/id/11691007,http://purl.org/sig/ont/fma/fma61196,1
4075,http://snomed.info/id/87789006,http://purl.org/sig/ont/fma/fma61154,1
4076,http://snomed.info/id/90274004,http://purl.org/sig/ont/fma/fma70773,1
4077,http://snomed.info/id/90274004,http://purl.org/sig/ont/fma/fma25624,1
4078,http://snomed.info/id/62536009,http://purl.org/sig/ont/fma/fma48966,1
4079,http://snomed.info/id/83543000,http://purl.org/sig/ont/fma/fma61196,1
4080,http://snomed.info/id/4375003,http://purl.org/sig/ont/fma/fma75037,1
4081,http://snomed.info/id/86682003,http://purl.org/sig/ont/fma/fma59152,1
4082,http://snomed.info/id/53434003,http://purl.org/sig/ont/fma/fma56513,1
4083,http://snomed.info/id/50460003,http://purl.org/sig/ont/fma/fma56513,1
4084,http://snomed.info/id/36411006,http://purl.org/sig/ont/fma/fma302773,1
4085,http://snomed.info/id/2792005,http://purl.org/sig/ont/fma/fma56720,1
4086,http://snomed.info/id/62701008,http://purl.org/sig/ont/fma/fma242999,1
4087,http://snomed.info/id/15264008,http://purl.org/sig/ont/fma/fma56720,1
4088,http://snomed.info/id/48977002,http://purl.org/sig/ont/fma/fma56732,1
4089,http://snomed.info/id/49611000,http://purl.org/sig/ont/fma/fma56001,1
4090,http://snomed.info/id/22145001,http://purl.org/sig/ont/fma/fma302805,1
4091,http://snomed.info/id/247005,http://purl.org/sig/ont/fma/fma323078,1
4092,http://snomed.info/id/75913003,http://purl.org/sig/ont/fma/fma10483,1
4093,http://snomed.info/id/77554002,http://purl.org/sig/ont/fma/fma10483,1
4094,http://snomed.info/id/33741002,http://purl.org/sig/ont/fma/fma45733,1
4095,http://snomed.info/id/62466004,http://purl.org/sig/ont/fma/fma0326246,1
4096,http://snomed.info/id/76016004,http://purl.org/sig/ont/fma/fma0326246,1
4097,http://snomed.info/id/17586009,http://purl.org/sig/ont/fma/fma45734,1
4098,http://snomed.info/id/29333002,http://purl.org/sig/ont/fma/fma67601,1
4099,http://snomed.info/id/59417004,http://purl.org/sig/ont/fma/fma67601,1
4100,http://snomed.info/id/54510003,http://purl.org/sig/ont/fma/fma67601,1
4101,http://snomed.info/id/77141004,http://purl.org/sig/ont/fma/fma10483,1
4102,http://snomed.info/id/90759000,http://purl.org/sig/ont/fma/fma52757,1
4103,http://snomed.info/id/1425000,http://purl.org/sig/ont/fma/fma52757,1
4104,http://snomed.info/id/59498008,http://purl.org/sig/ont/fma/fma10483,1
4105,http://snomed.info/id/113330008,http://purl.org/sig/ont/fma/fma52757,1
4106,http://snomed.info/id/42282006,http://purl.org/sig/ont/fma/fma60878,1
4107,http://snomed.info/id/62181004,http://purl.org/sig/ont/fma/fma60878,1
4108,http://snomed.info/id/77795001,http://purl.org/sig/ont/fma/fma60878,1
4109,http://snomed.info/id/83394008,http://purl.org/sig/ont/fma/fma322489,1
4110,http://snomed.info/id/64391002,http://purl.org/sig/ont/fma/fma322489,1
4111,http://snomed.info/id/34176001,http://purl.org/sig/ont/fma/fma7145,1
4112,http://snomed.info/id/25614005,http://purl.org/sig/ont/fma/fma60878,1
4113,http://snomed.info/id/42088004,http://purl.org/sig/ont/fma/fma55600,1
4114,http://snomed.info/id/4906008,http://purl.org/sig/ont/fma/fma52870,1
4115,http://snomed.info/id/39584007,http://purl.org/sig/ont/fma/fma323083,1
4116,http://snomed.info/id/27376008,http://purl.org/sig/ont/fma/fma323083,1
4117,http://snomed.info/id/52768001,http://purl.org/sig/ont/fma/fma323083,1
4118,http://snomed.info/id/3524005,http://purl.org/sig/ont/fma/fma323083,1
4119,http://snomed.info/id/47744009,http://purl.org/sig/ont/fma/fma60056,1
4120,http://snomed.info/id/20008000,http://purl.org/sig/ont/fma/fma302988,1
4121,http://snomed.info/id/33819007,http://purl.org/sig/ont/fma/fma60103,1
4122,http://snomed.info/id/35816002,http://purl.org/sig/ont/fma/fma85355,1
4123,http://snomed.info/id/81347006,http://purl.org/sig/ont/fma/fma61258,1
4124,http://snomed.info/id/6799003,http://purl.org/sig/ont/fma/fma67938,1
4125,http://snomed.info/id/12244006,http://purl.org/sig/ont/fma/fma82507,1
4126,http://snomed.info/id/4111006,http://purl.org/sig/ont/fma/fma74942,1
4127,http://snomed.info/id/86178001,http://purl.org/sig/ont/fma/fma281107,1
4128,http://snomed.info/id/36284007,http://purl.org/sig/ont/fma/fma82485,1
4129,http://snomed.info/id/65224006,http://purl.org/sig/ont/fma/fma82496,1
4130,http://snomed.info/id/55393005,http://purl.org/sig/ont/fma/fma71918,1
4131,http://snomed.info/id/4394008,http://purl.org/sig/ont/fma/fma61268,1
4132,http://snomed.info/id/53909008,http://purl.org/sig/ont/fma/fma74629,1
4133,http://snomed.info/id/245535009,http://purl.org/sig/ont/fma/fma74629,1
4134,http://snomed.info/id/245534008,http://purl.org/sig/ont/fma/fma74629,1
4135,http://snomed.info/id/424420008,http://purl.org/sig/ont/fma/fma74629,1
4136,http://snomed.info/id/52618001,http://purl.org/sig/ont/fma/fma74629,1
4137,http://snomed.info/id/89718004,http://purl.org/sig/ont/fma/fma295527,1
4138,http://snomed.info/id/86394004,http://purl.org/sig/ont/fma/fma69067,1
4139,http://snomed.info/id/33972007,http://purl.org/sig/ont/fma/fma63863,1
4140,http://snomed.info/id/9847007,http://purl.org/sig/ont/fma/fma57836,1
4141,http://snomed.info/id/29782004,http://purl.org/sig/ont/fma/fma63191,1
4142,http://snomed.info/id/57760000,http://purl.org/sig/ont/fma/fma55664,1
4143,http://snomed.info/id/3553006,http://purl.org/sig/ont/fma/fma85272,1
4144,http://snomed.info/id/60894006,http://purl.org/sig/ont/fma/fma45737,1
4145,http://snomed.info/id/39039000,http://purl.org/sig/ont/fma/fma14065,1
4146,http://snomed.info/id/19094003,http://purl.org/sig/ont/fma/fma81494,1
4147,http://snomed.info/id/29565003,http://purl.org/sig/ont/fma/fma13367,1
4148,http://snomed.info/id/79163004,http://purl.org/sig/ont/fma/fma13367,1
4149,http://snomed.info/id/40867004,http://purl.org/sig/ont/fma/fma49176,1
4150,http://snomed.info/id/40716006,http://purl.org/sig/ont/fma/fma13367,1
4151,http://snomed.info/id/33180001,http://purl.org/sig/ont/fma/fma55558,1
4152,http://snomed.info/id/71098000,http://purl.org/sig/ont/fma/fma55559,1
4153,http://snomed.info/id/40941005,http://purl.org/sig/ont/fma/fma55558,1
4154,http://snomed.info/id/76059009,http://purl.org/sig/ont/fma/fma55559,1
4155,http://snomed.info/id/64626006,http://purl.org/sig/ont/fma/fma55220,1
4156,http://snomed.info/id/55026002,http://purl.org/sig/ont/fma/fma75634,1
4157,http://snomed.info/id/46929006,http://purl.org/sig/ont/fma/fma75634,1
4158,http://snomed.info/id/10945008,http://purl.org/sig/ont/fma/fma85423,1
4159,http://snomed.info/id/276956002,http://purl.org/sig/ont/fma/fma86301,1
4160,http://snomed.info/id/35378004,http://purl.org/sig/ont/fma/fma57836,1
4161,http://snomed.info/id/35845000,http://purl.org/sig/ont/fma/fma78561,1
4162,http://snomed.info/id/35845000,http://purl.org/sig/ont/fma/fma15845,1
4163,http://snomed.info/id/35845000,http://purl.org/sig/ont/fma/fma55223,1
4164,http://snomed.info/id/27579002,http://purl.org/sig/ont/fma/fma15845,1
4165,http://snomed.info/id/61987002,http://purl.org/sig/ont/fma/fma85273,1
4166,http://snomed.info/id/61987002,http://purl.org/sig/ont/fma/fma78561,1
4167,http://snomed.info/id/282612007,http://purl.org/sig/ont/fma/fma30313,1
4168,http://snomed.info/id/6014003,http://purl.org/sig/ont/fma/fma15846,1
4169,http://snomed.info/id/6014003,http://purl.org/sig/ont/fma/fma78561,1
4170,http://snomed.info/id/68677007,http://purl.org/sig/ont/fma/fma85272,1
4171,http://snomed.info/id/4624007,http://purl.org/sig/ont/fma/fma62799,1
4172,http://snomed.info/id/38108009,http://purl.org/sig/ont/fma/fma42603,1
4173,http://snomed.info/id/27738000,http://purl.org/sig/ont/fma/fma323379,1
4174,http://snomed.info/id/60778005,http://purl.org/sig/ont/fma/fma312345,1
4175,http://snomed.info/id/31650001,http://purl.org/sig/ont/fma/fma312345,1
4176,http://snomed.info/id/13482005,http://purl.org/sig/ont/fma/fma70776,1
4177,http://snomed.info/id/3916005,http://purl.org/sig/ont/fma/fma61212,1
4178,http://snomed.info/id/245266002,http://purl.org/sig/ont/fma/fma61212,1
4179,http://snomed.info/id/25247006,http://purl.org/sig/ont/fma/fma61218,1
4180,http://snomed.info/id/10209003,http://purl.org/sig/ont/fma/fma61212,1
4181,http://snomed.info/id/48918001,http://purl.org/sig/ont/fma/fma61212,1
4182,http://snomed.info/id/59503006,http://purl.org/sig/ont/fma/fma61212,1
4183,http://snomed.info/id/245258006,http://purl.org/sig/ont/fma/fma61212,1
4184,http://snomed.info/id/46055009,http://purl.org/sig/ont/fma/fma61212,1
4185,http://snomed.info/id/279750002,http://purl.org/sig/ont/fma/fma78571,1
4186,http://snomed.info/id/279750002,http://purl.org/sig/ont/fma/fma61213,1
4187,http://snomed.info/id/68915008,http://purl.org/sig/ont/fma/fma78571,1
4188,http://snomed.info/id/68915008,http://purl.org/sig/ont/fma/fma61213,1
4189,http://snomed.info/id/167965000,http://purl.org/sig/ont/fma/fma78571,1
4190,http://snomed.info/id/245265003,http://purl.org/sig/ont/fma/fma61213,1
4191,http://snomed.info/id/245265003,http://purl.org/sig/ont/fma/fma78571,1
4192,http://snomed.info/id/76838003,http://purl.org/sig/ont/fma/fma61213,1
4193,http://snomed.info/id/76838003,http://purl.org/sig/ont/fma/fma78571,1
4194,http://snomed.info/id/245260008,http://purl.org/sig/ont/fma/fma61213,1
4195,http://snomed.info/id/245260008,http://purl.org/sig/ont/fma/fma78571,1
4196,http://snomed.info/id/58130000,http://purl.org/sig/ont/fma/fma61213,1
4197,http://snomed.info/id/58130000,http://purl.org/sig/ont/fma/fma78571,1
4198,http://snomed.info/id/5727003,http://purl.org/sig/ont/fma/fma61213,1
4199,http://snomed.info/id/5727003,http://purl.org/sig/ont/fma/fma78571,1
4200,http://snomed.info/id/168360002,http://purl.org/sig/ont/fma/fma78571,1
4201,http://snomed.info/id/168557005,http://purl.org/sig/ont/fma/fma78571,1
4202,http://snomed.info/id/25683005,http://purl.org/sig/ont/fma/fma78571,1
4203,http://snomed.info/id/25683005,http://purl.org/sig/ont/fma/fma12779,1
4204,http://snomed.info/id/74203007,http://purl.org/sig/ont/fma/fma78571,1
4205,http://snomed.info/id/74203007,http://purl.org/sig/ont/fma/fma12779,1
4206,http://snomed.info/id/168460001,http://purl.org/sig/ont/fma/fma12779,1
4207,http://snomed.info/id/168460001,http://purl.org/sig/ont/fma/fma78571,1
4208,http://snomed.info/id/9659009,http://purl.org/sig/ont/fma/fma71758,1
4209,http://snomed.info/id/9659009,http://purl.org/sig/ont/fma/fma71740,1
4210,http://snomed.info/id/9659009,http://purl.org/sig/ont/fma/fma275967,1
4211,http://snomed.info/id/279807001,http://purl.org/sig/ont/fma/fma71758,1
4212,http://snomed.info/id/279807001,http://purl.org/sig/ont/fma/fma71740,1
4213,http://snomed.info/id/279807001,http://purl.org/sig/ont/fma/fma275967,1
4214,http://snomed.info/id/47109002,http://purl.org/sig/ont/fma/fma66131,1
4215,http://snomed.info/id/196446004,http://purl.org/sig/ont/fma/fma70776,1
4216,http://snomed.info/id/196446004,http://purl.org/sig/ont/fma/fma276905,1
4217,http://snomed.info/id/196516004,http://purl.org/sig/ont/fma/fma276807,1
4218,http://snomed.info/id/196516004,http://purl.org/sig/ont/fma/fma71758,1
4219,http://snomed.info/id/196587000,http://purl.org/sig/ont/fma/fma276807,1
4220,http://snomed.info/id/196587000,http://purl.org/sig/ont/fma/fma71758,1
4221,http://snomed.info/id/196662004,http://purl.org/sig/ont/fma/fma71758,1
4222,http://snomed.info/id/196662004,http://purl.org/sig/ont/fma/fma12772,1
4223,http://snomed.info/id/279814004,http://purl.org/sig/ont/fma/fma71758,1
4224,http://snomed.info/id/279814004,http://purl.org/sig/ont/fma/fma12772,1
4225,http://snomed.info/id/89858007,http://purl.org/sig/ont/fma/fma276755,1
4226,http://snomed.info/id/89858007,http://purl.org/sig/ont/fma/fma12772,1
4227,http://snomed.info/id/245283006,http://purl.org/sig/ont/fma/fma276755,1
4228,http://snomed.info/id/245283006,http://purl.org/sig/ont/fma/fma12772,1
4229,http://snomed.info/id/245341003,http://purl.org/sig/ont/fma/fma276755,1
4230,http://snomed.info/id/245341003,http://purl.org/sig/ont/fma/fma12772,1
4231,http://snomed.info/id/67941004,http://purl.org/sig/ont/fma/fma71758,1
4232,http://snomed.info/id/28330007,http://purl.org/sig/ont/fma/fma71758,1
4233,http://snomed.info/id/65690001,http://purl.org/sig/ont/fma/fma12779,1
4234,http://snomed.info/id/65690001,http://purl.org/sig/ont/fma/fma78571,1
4235,http://snomed.info/id/279818001,http://purl.org/sig/ont/fma/fma12779,1
4236,http://snomed.info/id/279818001,http://purl.org/sig/ont/fma/fma78571,1
4237,http://snomed.info/id/82365008,http://purl.org/sig/ont/fma/fma12772,1
4238,http://snomed.info/id/82365008,http://purl.org/sig/ont/fma/fma71758,1
4239,http://snomed.info/id/5296000,http://purl.org/sig/ont/fma/fma276755,1
4240,http://snomed.info/id/245277008,http://purl.org/sig/ont/fma/fma276755,1
4241,http://snomed.info/id/245278003,http://purl.org/sig/ont/fma/fma276755,1
4242,http://snomed.info/id/245278003,http://purl.org/sig/ont/fma/fma12774,1
4243,http://snomed.info/id/25447008,http://purl.org/sig/ont/fma/fma276755,1
4244,http://snomed.info/id/25447008,http://purl.org/sig/ont/fma/fma12774,1
4245,http://snomed.info/id/11899006,http://purl.org/sig/ont/fma/fma71758,1
4246,http://snomed.info/id/64038003,http://purl.org/sig/ont/fma/fma12772,1
4247,http://snomed.info/id/64038003,http://purl.org/sig/ont/fma/fma71758,1
4248,http://snomed.info/id/196751009,http://purl.org/sig/ont/fma/fma276755,1
4249,http://snomed.info/id/196751009,http://purl.org/sig/ont/fma/fma12774,1
4250,http://snomed.info/id/279813005,http://purl.org/sig/ont/fma/fma276755,1
4251,http://snomed.info/id/279813005,http://purl.org/sig/ont/fma/fma12774,1
4252,http://snomed.info/id/196821008,http://purl.org/sig/ont/fma/fma71758,1
4253,http://snomed.info/id/196821008,http://purl.org/sig/ont/fma/fma12772,1
4254,http://snomed.info/id/245343000,http://purl.org/sig/ont/fma/fma71786,1
4255,http://snomed.info/id/245343000,http://purl.org/sig/ont/fma/fma277610,1
4256,http://snomed.info/id/47985009,http://purl.org/sig/ont/fma/fma71786,1
4257,http://snomed.info/id/47985009,http://purl.org/sig/ont/fma/fma277610,1
4258,http://snomed.info/id/245286003,http://purl.org/sig/ont/fma/fma71786,1
4259,http://snomed.info/id/245286003,http://purl.org/sig/ont/fma/fma277610,1
4260,http://snomed.info/id/49394004,http://purl.org/sig/ont/fma/fma277610,1
4261,http://snomed.info/id/49394004,http://purl.org/sig/ont/fma/fma71786,1
4262,http://snomed.info/id/245290001,http://purl.org/sig/ont/fma/fma277610,1
4263,http://snomed.info/id/245290001,http://purl.org/sig/ont/fma/fma71786,1
4264,http://snomed.info/id/61492009,http://purl.org/sig/ont/fma/fma16629,1
4265,http://snomed.info/id/61492009,http://purl.org/sig/ont/fma/fma71786,1
4266,http://snomed.info/id/280556009,http://purl.org/sig/ont/fma/fma281309,1
4267,http://snomed.info/id/68878000,http://purl.org/sig/ont/fma/fma281309,1
4268,http://snomed.info/id/89037002,http://purl.org/sig/ont/fma/fma75276,1
4269,http://snomed.info/id/89037002,http://purl.org/sig/ont/fma/fma12796,1
4270,http://snomed.info/id/76878005,http://purl.org/sig/ont/fma/fma71786,1
4271,http://snomed.info/id/76878005,http://purl.org/sig/ont/fma/fma277652,1
4272,http://snomed.info/id/279866008,http://purl.org/sig/ont/fma/fma12796,1
4273,http://snomed.info/id/24889003,http://purl.org/sig/ont/fma/fma71786,1
4274,http://snomed.info/id/24889003,http://purl.org/sig/ont/fma/fma16629,1
4275,http://snomed.info/id/280314006,http://purl.org/sig/ont/fma/fma71786,1
4276,http://snomed.info/id/280402004,http://purl.org/sig/ont/fma/fma71786,1
4277,http://snomed.info/id/16050005,http://purl.org/sig/ont/fma/fma71786,1
4278,http://snomed.info/id/16050005,http://purl.org/sig/ont/fma/fma16629,1
4279,http://snomed.info/id/280824006,http://purl.org/sig/ont/fma/fma71786,1
4280,http://snomed.info/id/77778009,http://purl.org/sig/ont/fma/fma71786,1
4281,http://snomed.info/id/77778009,http://purl.org/sig/ont/fma/fma16629,1
4282,http://snomed.info/id/76659008,http://purl.org/sig/ont/fma/fma71786,1
4283,http://snomed.info/id/76659008,http://purl.org/sig/ont/fma/fma16629,1
4284,http://snomed.info/id/281227003,http://purl.org/sig/ont/fma/fma71786,1
4285,http://snomed.info/id/281320004,http://purl.org/sig/ont/fma/fma71786,1
4286,http://snomed.info/id/280915003,http://purl.org/sig/ont/fma/fma71786,1
4287,http://snomed.info/id/280999005,http://purl.org/sig/ont/fma/fma71786,1
4288,http://snomed.info/id/35783009,http://purl.org/sig/ont/fma/fma16602,1
4289,http://snomed.info/id/35783009,http://purl.org/sig/ont/fma/fma301804,1
4290,http://snomed.info/id/36251007,http://purl.org/sig/ont/fma/fma71786,1
4291,http://snomed.info/id/299993000,http://purl.org/sig/ont/fma/fma16629,1
4292,http://snomed.info/id/279795009,http://purl.org/sig/ont/fma/fma16629,1
4293,http://snomed.info/id/245291002,http://purl.org/sig/ont/fma/fma277610,1
4294,http://snomed.info/id/245291002,http://purl.org/sig/ont/fma/fma71786,1
4295,http://snomed.info/id/113336002,http://purl.org/sig/ont/fma/fma277610,1
4296,http://snomed.info/id/113336002,http://purl.org/sig/ont/fma/fma71786,1
4297,http://snomed.info/id/30024008,http://purl.org/sig/ont/fma/fma71786,1
4298,http://snomed.info/id/30024008,http://purl.org/sig/ont/fma/fma16615,1
4299,http://snomed.info/id/68881005,http://purl.org/sig/ont/fma/fma300949,1
4300,http://snomed.info/id/68881005,http://purl.org/sig/ont/fma/fma16615,1
4301,http://snomed.info/id/281676003,http://purl.org/sig/ont/fma/fma300944,1
4302,http://snomed.info/id/281676003,http://purl.org/sig/ont/fma/fma16629,1
4303,http://snomed.info/id/281939003,http://purl.org/sig/ont/fma/fma16615,1
4304,http://snomed.info/id/281939003,http://purl.org/sig/ont/fma/fma300949,1
4305,http://snomed.info/id/282031000,http://purl.org/sig/ont/fma/fma16615,1
4306,http://snomed.info/id/282031000,http://purl.org/sig/ont/fma/fma300949,1
4307,http://snomed.info/id/282116006,http://purl.org/sig/ont/fma/fma16615,1
4308,http://snomed.info/id/282116006,http://purl.org/sig/ont/fma/fma300949,1
4309,http://snomed.info/id/8356004,http://purl.org/sig/ont/fma/fma16612,1
4310,http://snomed.info/id/8356004,http://purl.org/sig/ont/fma/fma300949,1
4311,http://snomed.info/id/281765006,http://purl.org/sig/ont/fma/fma300944,1
4312,http://snomed.info/id/281765006,http://purl.org/sig/ont/fma/fma78731,1
4313,http://snomed.info/id/281847004,http://purl.org/sig/ont/fma/fma78731,1
4314,http://snomed.info/id/281847004,http://purl.org/sig/ont/fma/fma300944,1
4315,http://snomed.info/id/46157003,http://purl.org/sig/ont/fma/fma16629,1
4316,http://snomed.info/id/46157003,http://purl.org/sig/ont/fma/fma71786,1
4317,http://snomed.info/id/84219008,http://purl.org/sig/ont/fma/fma71817,1
4318,http://snomed.info/id/84219008,http://purl.org/sig/ont/fma/fma66193,1
4319,http://snomed.info/id/245353004,http://purl.org/sig/ont/fma/fma71817,1
4320,http://snomed.info/id/245353004,http://purl.org/sig/ont/fma/fma66193,1
4321,http://snomed.info/id/245295006,http://purl.org/sig/ont/fma/fma71817,1
4322,http://snomed.info/id/245295006,http://purl.org/sig/ont/fma/fma66193,1
4323,http://snomed.info/id/34625003,http://purl.org/sig/ont/fma/fma71817,1
4324,http://snomed.info/id/245298008,http://purl.org/sig/ont/fma/fma71817,1
4325,http://snomed.info/id/64556009,http://purl.org/sig/ont/fma/fma71817,1
4326,http://snomed.info/id/245297003,http://purl.org/sig/ont/fma/fma71817,1
4327,http://snomed.info/id/41145006,http://purl.org/sig/ont/fma/fma71817,1
4328,http://snomed.info/id/245304004,http://purl.org/sig/ont/fma/fma71817,1
4329,http://snomed.info/id/60227002,http://purl.org/sig/ont/fma/fma71817,1
4330,http://snomed.info/id/245362002,http://purl.org/sig/ont/fma/fma71817,1
4331,http://snomed.info/id/245300008,http://purl.org/sig/ont/fma/fma66193,1
4332,http://snomed.info/id/245300008,http://purl.org/sig/ont/fma/fma71817,1
4333,http://snomed.info/id/65349008,http://purl.org/sig/ont/fma/fma66193,1
4334,http://snomed.info/id/65349008,http://purl.org/sig/ont/fma/fma71817,1
4335,http://snomed.info/id/245302000,http://purl.org/sig/ont/fma/fma71817,1
4336,http://snomed.info/id/42472007,http://purl.org/sig/ont/fma/fma71817,1
4337,http://snomed.info/id/50193000,http://purl.org/sig/ont/fma/fma71817,1
4338,http://snomed.info/id/40242007,http://purl.org/sig/ont/fma/fma71817,1
4339,http://snomed.info/id/245303005,http://purl.org/sig/ont/fma/fma71817,1
4340,http://snomed.info/id/23198005,http://purl.org/sig/ont/fma/fma44310,1
4341,http://snomed.info/id/1155643006,http://purl.org/sig/ont/fma/fma44310,1
4342,http://snomed.info/id/279271008,http://purl.org/sig/ont/fma/fma71817,1
4343,http://snomed.info/id/245368003,http://purl.org/sig/ont/fma/fma71817,1
4344,http://snomed.info/id/36086000,http://purl.org/sig/ont/fma/fma71817,1
4345,http://snomed.info/id/245310004,http://purl.org/sig/ont/fma/fma71817,1
4346,http://snomed.info/id/314732008,http://purl.org/sig/ont/fma/fma66193,1
4347,http://snomed.info/id/314732008,http://purl.org/sig/ont/fma/fma71817,1
4348,http://snomed.info/id/80867000,http://purl.org/sig/ont/fma/fma66193,1
4349,http://snomed.info/id/80867000,http://purl.org/sig/ont/fma/fma71817,1
4350,http://snomed.info/id/245306002,http://purl.org/sig/ont/fma/fma71817,1
4351,http://snomed.info/id/40684008,http://purl.org/sig/ont/fma/fma71817,1
4352,http://snomed.info/id/245305003,http://purl.org/sig/ont/fma/fma71817,1
4353,http://snomed.info/id/76290003,http://purl.org/sig/ont/fma/fma71817,1
4354,http://snomed.info/id/279798006,http://purl.org/sig/ont/fma/fma71817,1
4355,http://snomed.info/id/279798006,http://purl.org/sig/ont/fma/fma66193,1
4356,http://snomed.info/id/79926007,http://purl.org/sig/ont/fma/fma71817,1
4357,http://snomed.info/id/79926007,http://purl.org/sig/ont/fma/fma66193,1
4358,http://snomed.info/id/3243006,http://purl.org/sig/ont/fma/fma66194,1
4359,http://snomed.info/id/6413002,http://purl.org/sig/ont/fma/fma66193,1
4360,http://snomed.info/id/5394000,http://purl.org/sig/ont/fma/fma66194,1
4361,http://snomed.info/id/1439000,http://purl.org/sig/ont/fma/fma66194,1
4362,http://snomed.info/id/16228004,http://purl.org/sig/ont/fma/fma66194,1
4363,http://snomed.info/id/16228004,http://purl.org/sig/ont/fma/fma70776,1
4364,http://snomed.info/id/245292009,http://purl.org/sig/ont/fma/fma66178,1
4365,http://snomed.info/id/245292009,http://purl.org/sig/ont/fma/fma301820,1
4366,http://snomed.info/id/245292009,http://purl.org/sig/ont/fma/fma16629,1
4367,http://snomed.info/id/21875007,http://purl.org/sig/ont/fma/fma66178,1
4368,http://snomed.info/id/21875007,http://purl.org/sig/ont/fma/fma301820,1
4369,http://snomed.info/id/21875007,http://purl.org/sig/ont/fma/fma16629,1
4370,http://snomed.info/id/33770006,http://purl.org/sig/ont/fma/fma71740,1
4371,http://snomed.info/id/33770006,http://purl.org/sig/ont/fma/fma12771,1
4372,http://snomed.info/id/33770006,http://purl.org/sig/ont/fma/fma44311,1
4373,http://snomed.info/id/283001,http://purl.org/sig/ont/fma/fma71740,1
4374,http://snomed.info/id/283001,http://purl.org/sig/ont/fma/fma12771,1
4375,http://snomed.info/id/245270005,http://purl.org/sig/ont/fma/fma71740,1
4376,http://snomed.info/id/245270005,http://purl.org/sig/ont/fma/fma12771,1
4377,http://snomed.info/id/16051009,http://purl.org/sig/ont/fma/fma71741,1
4378,http://snomed.info/id/16051009,http://purl.org/sig/ont/fma/fma12771,1
4379,http://snomed.info/id/279806005,http://purl.org/sig/ont/fma/fma71740,1
4380,http://snomed.info/id/279806005,http://purl.org/sig/ont/fma/fma12771,1
4381,http://snomed.info/id/69691007,http://purl.org/sig/ont/fma/fma71740,1
4382,http://snomed.info/id/69691007,http://purl.org/sig/ont/fma/fma12771,1
4383,http://snomed.info/id/368550005,http://purl.org/sig/ont/fma/fma12772,1
4384,http://snomed.info/id/368550005,http://purl.org/sig/ont/fma/fma71758,1
4385,http://snomed.info/id/34775006,http://purl.org/sig/ont/fma/fma71740,1
4386,http://snomed.info/id/34775006,http://purl.org/sig/ont/fma/fma44311,1
4387,http://snomed.info/id/65266007,http://purl.org/sig/ont/fma/fma44226,1
4388,http://snomed.info/id/65266007,http://purl.org/sig/ont/fma/fma71843,1
4389,http://snomed.info/id/245317001,http://purl.org/sig/ont/fma/fma44226,1
4390,http://snomed.info/id/245317001,http://purl.org/sig/ont/fma/fma71843,1
4391,http://snomed.info/id/113340006,http://purl.org/sig/ont/fma/fma44226,1
4392,http://snomed.info/id/113340006,http://purl.org/sig/ont/fma/fma71843,1
4393,http://snomed.info/id/245313002,http://purl.org/sig/ont/fma/fma44226,1
4394,http://snomed.info/id/245313002,http://purl.org/sig/ont/fma/fma71843,1
4395,http://snomed.info/id/52554005,http://purl.org/sig/ont/fma/fma323425,1
4396,http://snomed.info/id/76704003,http://purl.org/sig/ont/fma/fma323425,1
4397,http://snomed.info/id/35721009,http://purl.org/sig/ont/fma/fma71843,1
4398,http://snomed.info/id/35721009,http://purl.org/sig/ont/fma/fma44227,1
4399,http://snomed.info/id/12728001,http://purl.org/sig/ont/fma/fma44227,1
4400,http://snomed.info/id/12728001,http://purl.org/sig/ont/fma/fma71843,1
4401,http://snomed.info/id/80769008,http://purl.org/sig/ont/fma/fma44310,1
4402,http://snomed.info/id/31171007,http://purl.org/sig/ont/fma/fma44310,1
4403,http://snomed.info/id/2048000,http://purl.org/sig/ont/fma/fma9609,1
4404,http://snomed.info/id/28777000,http://purl.org/sig/ont/fma/fma14462,1
4405,http://snomed.info/id/5944009,http://purl.org/sig/ont/fma/fma14462,1
4406,http://snomed.info/id/86019002,http://purl.org/sig/ont/fma/fma63898,1
4407,http://snomed.info/id/21058000,http://purl.org/sig/ont/fma/fma9609,1
4408,http://snomed.info/id/30308002,http://purl.org/sig/ont/fma/fma321615,1
4409,http://snomed.info/id/83555006,http://purl.org/sig/ont/fma/fma78562,1
4410,http://snomed.info/id/83555006,http://purl.org/sig/ont/fma/fma278572,1
4411,http://snomed.info/id/85528004,http://purl.org/sig/ont/fma/fma5028,1
4412,http://snomed.info/id/54226001,http://purl.org/sig/ont/fma/fma52099,1
4413,http://snomed.info/id/91659002,http://purl.org/sig/ont/fma/fma66162,1
4414,http://snomed.info/id/34166004,http://purl.org/sig/ont/fma/fma66162,1
4415,http://snomed.info/id/27442003,http://purl.org/sig/ont/fma/fma14197,1
4416,http://snomed.info/id/1765002,http://purl.org/sig/ont/fma/fma278550,1
4417,http://snomed.info/id/9783008,http://purl.org/sig/ont/fma/fma52124,1
4418,http://snomed.info/id/42135007,http://purl.org/sig/ont/fma/fma14197,1
4419,http://snomed.info/id/32494001,http://purl.org/sig/ont/fma/fma14197,1
4420,http://snomed.info/id/61513003,http://purl.org/sig/ont/fma/fma14197,1
4421,http://snomed.info/id/14374004,http://purl.org/sig/ont/fma/fma14197,1
4422,http://snomed.info/id/9390001,http://purl.org/sig/ont/fma/fma14197,1
4423,http://snomed.info/id/61940009,http://purl.org/sig/ont/fma/fma14197,1
4424,http://snomed.info/id/18518001,http://purl.org/sig/ont/fma/fma14197,1
4425,http://snomed.info/id/57699003,http://purl.org/sig/ont/fma/fma278537,1
4426,http://snomed.info/id/39445000,http://purl.org/sig/ont/fma/fma14197,1
4427,http://snomed.info/id/44862002,http://purl.org/sig/ont/fma/fma52128,1
4428,http://snomed.info/id/72753001,http://purl.org/sig/ont/fma/fma14197,1
4429,http://snomed.info/id/14358009,http://purl.org/sig/ont/fma/fma19783,1
4430,http://snomed.info/id/280087001,http://purl.org/sig/ont/fma/fma45728,1
4431,http://snomed.info/id/1099005,http://purl.org/sig/ont/fma/fma61109,1
4432,http://snomed.info/id/38925005,http://purl.org/sig/ont/fma/fma61108,1
4433,http://snomed.info/id/85421007,http://purl.org/sig/ont/fma/fma7153,1
4434,http://snomed.info/id/31156008,http://purl.org/sig/ont/fma/fma7153,1
4435,http://snomed.info/id/41695006,http://purl.org/sig/ont/fma/fma64989,1
4436,http://snomed.info/id/128425006,http://purl.org/sig/ont/fma/fma64989,1
4437,http://snomed.info/id/17407001,http://purl.org/sig/ont/fma/fma322326,1
4438,http://snomed.info/id/42677006,http://purl.org/sig/ont/fma/fma322326,1
4439,http://snomed.info/id/82029006,http://purl.org/sig/ont/fma/fma24226,1
4440,http://snomed.info/id/34073007,http://purl.org/sig/ont/fma/fma14074,1
4441,http://snomed.info/id/50703002,http://purl.org/sig/ont/fma/fma19754,1
4442,http://snomed.info/id/30445009,http://purl.org/sig/ont/fma/fma20680,1
4443,http://snomed.info/id/66439001,http://purl.org/sig/ont/fma/fma20680,1
4444,http://snomed.info/id/47606005,http://purl.org/sig/ont/fma/fma19805,1
4445,http://snomed.info/id/71295009,http://purl.org/sig/ont/fma/fma19805,1
4446,http://snomed.info/id/3582007,http://purl.org/sig/ont/fma/fma21155,1
4447,http://snomed.info/id/6544009,http://purl.org/sig/ont/fma/fma19806,1
4448,http://snomed.info/id/38454006,http://purl.org/sig/ont/fma/fma19805,1
4449,http://snomed.info/id/113347009,http://purl.org/sig/ont/fma/fma7144,1
4450,http://snomed.info/id/113347009,http://purl.org/sig/ont/fma/fma19805,1
4451,http://snomed.info/id/262018003,http://purl.org/sig/ont/fma/fma25625,1
4452,http://snomed.info/id/11978009,http://purl.org/sig/ont/fma/fma7144,1
4453,http://snomed.info/id/39043001,http://purl.org/sig/ont/fma/fma20971,1
4454,http://snomed.info/id/38034003,http://purl.org/sig/ont/fma/fma20971,1
4455,http://snomed.info/id/20038006,http://purl.org/sig/ont/fma/fma19806,1
4456,http://snomed.info/id/233006,http://purl.org/sig/ont/fma/fma21006,1
4457,http://snomed.info/id/1684009,http://purl.org/sig/ont/fma/fma14078,1
4458,http://snomed.info/id/262307008,http://purl.org/sig/ont/fma/fma14078,1
4459,http://snomed.info/id/32332001,http://purl.org/sig/ont/fma/fma20570,1
4460,http://snomed.info/id/44980005,http://purl.org/sig/ont/fma/fma80023,1
4461,http://snomed.info/id/48239000,http://purl.org/sig/ont/fma/fma80023,1
4462,http://snomed.info/id/6009002,http://purl.org/sig/ont/fma/fma0327175,1
4463,http://snomed.info/id/35346007,http://purl.org/sig/ont/fma/fma0327175,1
4464,http://snomed.info/id/62406002,http://purl.org/sig/ont/fma/fma0327175,1
4465,http://snomed.info/id/24507007,http://purl.org/sig/ont/fma/fma0327175,1
4466,http://snomed.info/id/70180009,http://purl.org/sig/ont/fma/fma80163,1
4467,http://snomed.info/id/34386005,http://purl.org/sig/ont/fma/fma80163,1
4468,http://snomed.info/id/10208006,http://purl.org/sig/ont/fma/fma80163,1
4469,http://snomed.info/id/69465001,http://purl.org/sig/ont/fma/fma80163,1
4470,http://snomed.info/id/303455007,http://purl.org/sig/ont/fma/fma7085,1
4471,http://snomed.info/id/303455007,http://purl.org/sig/ont/fma/fma55564,1
4472,http://snomed.info/id/113348004,http://purl.org/sig/ont/fma/fma64989,1
4473,http://snomed.info/id/3665003,http://purl.org/sig/ont/fma/fma64989,1
4474,http://snomed.info/id/67262005,http://purl.org/sig/ont/fma/fma19935,1
4475,http://snomed.info/id/26921001,http://purl.org/sig/ont/fma/fma19935,1
4476,http://snomed.info/id/82360003,http://purl.org/sig/ont/fma/fma64989,1
4477,http://snomed.info/id/72372004,http://purl.org/sig/ont/fma/fma19754,1
4478,http://snomed.info/id/2905008,http://purl.org/sig/ont/fma/fma20610,1
4479,http://snomed.info/id/83570007,http://purl.org/sig/ont/fma/fma20922,1
4480,http://snomed.info/id/91607008,http://purl.org/sig/ont/fma/fma20610,1
4481,http://snomed.info/id/48913005,http://purl.org/sig/ont/fma/fma20610,1
4482,http://snomed.info/id/91607008,http://purl.org/sig/ont/fma/fma20455,1
4483,http://snomed.info/id/7435002,http://purl.org/sig/ont/fma/fma25625,1
4484,http://snomed.info/id/20963009,http://purl.org/sig/ont/fma/fma259286,1
4485,http://snomed.info/id/72626008,http://purl.org/sig/ont/fma/fma259286,1
4486,http://snomed.info/id/74676009,http://purl.org/sig/ont/fma/fma7144,1
4487,http://snomed.info/id/77757006,http://purl.org/sig/ont/fma/fma259286,1
4488,http://snomed.info/id/74260007,http://purl.org/sig/ont/fma/fma7144,1
4489,http://snomed.info/id/74260007,http://purl.org/sig/ont/fma/fma322145,1
4490,http://snomed.info/id/67468006,http://purl.org/sig/ont/fma/fma69069,1
4491,http://snomed.info/id/6921000,http://purl.org/sig/ont/fma/fma7183,1
4492,http://snomed.info/id/80768000,http://purl.org/sig/ont/fma/fma7183,1
4493,http://snomed.info/id/52239003,http://purl.org/sig/ont/fma/fma322183,1
4494,http://snomed.info/id/55665000,http://purl.org/sig/ont/fma/fma322183,1
4495,http://snomed.info/id/368208006,http://purl.org/sig/ont/fma/fma24890,1
4496,http://snomed.info/id/9736006,http://purl.org/sig/ont/fma/fma24922,1
4497,http://snomed.info/id/5951000,http://purl.org/sig/ont/fma/fma24922,1
4498,http://snomed.info/id/62175007,http://purl.org/sig/ont/fma/fma7184,1
4499,http://snomed.info/id/32153003,http://purl.org/sig/ont/fma/fma7184,1
4500,http://snomed.info/id/11207009,http://purl.org/sig/ont/fma/fma24967,1
4501,http://snomed.info/id/61396006,http://purl.org/sig/ont/fma/fma24967,1
4502,http://snomed.info/id/32696007,http://purl.org/sig/ont/fma/fma24979,1
4503,http://snomed.info/id/48979004,http://purl.org/sig/ont/fma/fma24979,1
4504,http://snomed.info/id/51636004,http://purl.org/sig/ont/fma/fma9665,1
4505,http://snomed.info/id/2402003,http://purl.org/sig/ont/fma/fma24993,1
4506,http://snomed.info/id/8112008,http://purl.org/sig/ont/fma/fma295610,1
4507,http://snomed.info/id/87166008,http://purl.org/sig/ont/fma/fma317741,1
4508,http://snomed.info/id/87166008,http://purl.org/sig/ont/fma/fma7477,1
4509,http://snomed.info/id/73508007,http://purl.org/sig/ont/fma/fma22472,1
4510,http://snomed.info/id/35616000,http://purl.org/sig/ont/fma/fma65004,1
4511,http://snomed.info/id/25593008,http://purl.org/sig/ont/fma/fma65004,1
4512,http://snomed.info/id/78376008,http://purl.org/sig/ont/fma/fma65004,1
4513,http://snomed.info/id/423563000,http://purl.org/sig/ont/fma/fma274518,1
4514,http://snomed.info/id/279192003,http://purl.org/sig/ont/fma/fma274518,1
4515,http://snomed.info/id/361560008,http://purl.org/sig/ont/fma/fma61849,1
4516,http://snomed.info/id/8057002,http://purl.org/sig/ont/fma/fma61849,1
4517,http://snomed.info/id/424735005,http://purl.org/sig/ont/fma/fma256693,1
4518,http://snomed.info/id/422519001,http://purl.org/sig/ont/fma/fma274518,1
4519,http://snomed.info/id/279193008,http://purl.org/sig/ont/fma/fma274518,1
4520,http://snomed.info/id/9535007,http://purl.org/sig/ont/fma/fma75253,1
4521,http://snomed.info/id/314169002,http://purl.org/sig/ont/fma/fma0327492,1
4522,http://snomed.info/id/32993001,http://purl.org/sig/ont/fma/fma0327492,1
4523,http://snomed.info/id/423367003,http://purl.org/sig/ont/fma/fma274526,1
4524,http://snomed.info/id/279181004,http://purl.org/sig/ont/fma/fma274526,1
4525,http://snomed.info/id/272673000,http://purl.org/sig/ont/fma/fma70779,1
4526,http://snomed.info/id/272673000,http://purl.org/sig/ont/fma/fma29733,1
4527,http://snomed.info/id/272673000,http://purl.org/sig/ont/fma/fma55673,1
4528,http://snomed.info/id/113192009,http://purl.org/sig/ont/fma/fma70779,1
4529,http://snomed.info/id/113192009,http://purl.org/sig/ont/fma/fma29733,1
4530,http://snomed.info/id/113192009,http://purl.org/sig/ont/fma/fma55673,1
4531,http://snomed.info/id/23492003,http://purl.org/sig/ont/fma/fma71481,1
4532,http://snomed.info/id/23492003,http://purl.org/sig/ont/fma/fma7146,1
4533,http://snomed.info/id/58670006,http://purl.org/sig/ont/fma/fma71481,1
4534,http://snomed.info/id/58670006,http://purl.org/sig/ont/fma/fma7146,1
4535,http://snomed.info/id/34918007,http://purl.org/sig/ont/fma/fma269300,1
4536,http://snomed.info/id/56818000,http://purl.org/sig/ont/fma/fma24162,1
4537,http://snomed.info/id/56818000,http://purl.org/sig/ont/fma/fma32672,1
4538,http://snomed.info/id/58742003,http://purl.org/sig/ont/fma/fma32672,1
4539,http://snomed.info/id/58742003,http://purl.org/sig/ont/fma/fma24171,1
4540,http://snomed.info/id/49152005,http://purl.org/sig/ont/fma/fma302986,1
4541,http://snomed.info/id/54589006,http://purl.org/sig/ont/fma/fma66464,1
4542,http://snomed.info/id/41950001,http://purl.org/sig/ont/fma/fma82485,1
4543,http://snomed.info/id/8412003,http://purl.org/sig/ont/fma/fma29733,1
4544,http://snomed.info/id/8412003,http://purl.org/sig/ont/fma/fma66080,1
4545,http://snomed.info/id/321667001,http://purl.org/sig/ont/fma/fma67509,1
4546,http://snomed.info/id/279601003,http://purl.org/sig/ont/fma/fma16558,1
4547,http://snomed.info/id/109559009,http://purl.org/sig/ont/fma/fma49445,1
4548,http://snomed.info/id/9379006,http://purl.org/sig/ont/fma/fma75150,1
4549,http://snomed.info/id/9379006,http://purl.org/sig/ont/fma/fma29733,1
4550,http://snomed.info/id/37977002,http://purl.org/sig/ont/fma/fma75150,1
4551,http://snomed.info/id/37977002,http://purl.org/sig/ont/fma/fma29733,1
4552,http://snomed.info/id/10013000,http://purl.org/sig/ont/fma/fma64019,1
4553,http://snomed.info/id/49390008,http://purl.org/sig/ont/fma/fma64019,1
4554,http://snomed.info/id/81012005,http://purl.org/sig/ont/fma/fma231887,1
4555,http://snomed.info/id/81012005,http://purl.org/sig/ont/fma/fma24491,1
4556,http://snomed.info/id/3608004,http://purl.org/sig/ont/fma/fma19086,1
4557,http://snomed.info/id/60734001,http://purl.org/sig/ont/fma/fma44323,1
4558,http://snomed.info/id/29937006,http://purl.org/sig/ont/fma/fma258751,1
4559,http://snomed.info/id/26444007,http://purl.org/sig/ont/fma/fma24874,1
4560,http://snomed.info/id/256885008,http://purl.org/sig/ont/fma/fma67498,1
4561,http://snomed.info/id/128565007,http://purl.org/sig/ont/fma/fma9658,1
4562,http://snomed.info/id/180989001,http://purl.org/sig/ont/fma/fma16421,1
4563,http://snomed.info/id/180990005,http://purl.org/sig/ont/fma/fma16421,1
4564,http://snomed.info/id/180991009,http://purl.org/sig/ont/fma/fma16421,1
4565,http://snomed.info/id/180992002,http://purl.org/sig/ont/fma/fma16421,1
4566,http://snomed.info/id/180993007,http://purl.org/sig/ont/fma/fma16421,1
4567,http://snomed.info/id/180994001,http://purl.org/sig/ont/fma/fma18028,1
4568,http://snomed.info/id/180995000,http://purl.org/sig/ont/fma/fma18028,1
4569,http://snomed.info/id/180996004,http://purl.org/sig/ont/fma/fma18028,1
4570,http://snomed.info/id/180997008,http://purl.org/sig/ont/fma/fma18028,1
4571,http://snomed.info/id/180998003,http://purl.org/sig/ont/fma/fma18028,1
4572,http://snomed.info/id/272633006,http://purl.org/sig/ont/fma/fma78573,1
4573,http://snomed.info/id/35809003,http://purl.org/sig/ont/fma/fma44819,1
4574,http://snomed.info/id/41782009,http://purl.org/sig/ont/fma/fma44947,1
4575,http://snomed.info/id/244478005,http://purl.org/sig/ont/fma/fma63819,1
4576,http://snomed.info/id/181084004,http://purl.org/sig/ont/fma/fma44793,1
4577,http://snomed.info/id/181085003,http://purl.org/sig/ont/fma/fma44793,1
4578,http://snomed.info/id/181086002,http://purl.org/sig/ont/fma/fma44793,1
4579,http://snomed.info/id/181087006,http://purl.org/sig/ont/fma/fma44793,1
4580,http://snomed.info/id/181088001,http://purl.org/sig/ont/fma/fma44793,1
4581,http://snomed.info/id/181100007,http://purl.org/sig/ont/fma/fma78551,1
4582,http://snomed.info/id/43045000,http://purl.org/sig/ont/fma/fma59023,1
4583,http://snomed.info/id/244079007,http://purl.org/sig/ont/fma/fma63885,1
4584,http://snomed.info/id/59066005,http://purl.org/sig/ont/fma/fma55425,1
4585,http://snomed.info/id/181293005,http://purl.org/sig/ont/fma/fma82482,1
4586,http://snomed.info/id/272657006,http://purl.org/sig/ont/fma/fma82482,1
4587,http://snomed.info/id/91731005,http://purl.org/sig/ont/fma/fma70399,1
4588,http://snomed.info/id/91730006,http://purl.org/sig/ont/fma/fma70353,1
4589,http://snomed.info/id/244230008,http://purl.org/sig/ont/fma/fma323180,1
4590,http://snomed.info/id/244248004,http://purl.org/sig/ont/fma/fma3800,1
4591,http://snomed.info/id/244257005,http://purl.org/sig/ont/fma/fma3800,1
4592,http://snomed.info/id/244291009,http://purl.org/sig/ont/fma/fma69796,1
4593,http://snomed.info/id/244295000,http://purl.org/sig/ont/fma/fma20839,1
4594,http://snomed.info/id/244313009,http://purl.org/sig/ont/fma/fma70422,1
4595,http://snomed.info/id/91781001,http://purl.org/sig/ont/fma/fma22809,1
4596,http://snomed.info/id/91787002,http://purl.org/sig/ont/fma/fma22738,1
4597,http://snomed.info/id/91797006,http://purl.org/sig/ont/fma/fma22738,1
4598,http://snomed.info/id/244337009,http://purl.org/sig/ont/fma/fma69418,1
4599,http://snomed.info/id/244340009,http://purl.org/sig/ont/fma/fma43901,1
4600,http://snomed.info/id/244400002,http://purl.org/sig/ont/fma/fma52569,1
4601,http://snomed.info/id/244401003,http://purl.org/sig/ont/fma/fma52568,1
4602,http://snomed.info/id/245288002,http://purl.org/sig/ont/fma/fma71786,1
4603,http://snomed.info/id/245366004,http://purl.org/sig/ont/fma/fma71817,1
4604,http://snomed.info/id/245308001,http://purl.org/sig/ont/fma/fma71817,1
4605,http://snomed.info/id/245315009,http://purl.org/sig/ont/fma/fma71843,1
4606,http://snomed.info/id/245372004,http://purl.org/sig/ont/fma/fma71843,1
4607,http://snomed.info/id/245316005,http://purl.org/sig/ont/fma/fma71843,1
4608,http://snomed.info/id/245373009,http://purl.org/sig/ont/fma/fma71843,1
4609,http://snomed.info/id/245314008,http://purl.org/sig/ont/fma/fma71843,1
4610,http://snomed.info/id/245371006,http://purl.org/sig/ont/fma/fma71843,1
4611,http://snomed.info/id/245324000,http://purl.org/sig/ont/fma/fma61213,1
4612,http://snomed.info/id/245264004,http://purl.org/sig/ont/fma/fma61213,1
4613,http://snomed.info/id/421624008,http://purl.org/sig/ont/fma/fma71741,1
4614,http://snomed.info/id/245271009,http://purl.org/sig/ont/fma/fma71741,1
4615,http://snomed.info/id/421988007,http://purl.org/sig/ont/fma/fma276805,1
4616,http://snomed.info/id/421988007,http://purl.org/sig/ont/fma/fma71741,1
4617,http://snomed.info/id/245273007,http://purl.org/sig/ont/fma/fma276805,1
4618,http://snomed.info/id/245273007,http://purl.org/sig/ont/fma/fma71741,1
4619,http://snomed.info/id/245274001,http://purl.org/sig/ont/fma/fma44311,1
4620,http://snomed.info/id/245274001,http://purl.org/sig/ont/fma/fma71740,1
4621,http://snomed.info/id/420800007,http://purl.org/sig/ont/fma/fma44311,1
4622,http://snomed.info/id/420800007,http://purl.org/sig/ont/fma/fma71740,1
4623,http://snomed.info/id/245275000,http://purl.org/sig/ont/fma/fma61213,1
4624,http://snomed.info/id/245275000,http://purl.org/sig/ont/fma/fma71758,1
4625,http://snomed.info/id/421861001,http://purl.org/sig/ont/fma/fma61213,1
4626,http://snomed.info/id/421861001,http://purl.org/sig/ont/fma/fma71758,1
4627,http://snomed.info/id/245337002,http://purl.org/sig/ont/fma/fma277033,1
4628,http://snomed.info/id/245279006,http://purl.org/sig/ont/fma/fma277033,1
4629,http://snomed.info/id/245339004,http://purl.org/sig/ont/fma/fma71758,1
4630,http://snomed.info/id/245281008,http://purl.org/sig/ont/fma/fma71758,1
4631,http://snomed.info/id/245351002,http://purl.org/sig/ont/fma/fma71786,1
4632,http://snomed.info/id/245293004,http://purl.org/sig/ont/fma/fma71786,1
4633,http://snomed.info/id/245357003,http://purl.org/sig/ont/fma/fma71817,1
4634,http://snomed.info/id/245357003,http://purl.org/sig/ont/fma/fma66193,1
4635,http://snomed.info/id/245299000,http://purl.org/sig/ont/fma/fma71817,1
4636,http://snomed.info/id/245299000,http://purl.org/sig/ont/fma/fma66193,1
4637,http://snomed.info/id/245730002,http://purl.org/sig/ont/fma/fma0327191,1
4638,http://snomed.info/id/245731003,http://purl.org/sig/ont/fma/fma0327191,1
4639,http://snomed.info/id/245733000,http://purl.org/sig/ont/fma/fma0327191,1
4640,http://snomed.info/id/245736008,http://purl.org/sig/ont/fma/fma0327191,1
4641,http://snomed.info/id/245735007,http://purl.org/sig/ont/fma/fma0327191,1
4642,http://snomed.info/id/36451009,http://purl.org/sig/ont/fma/fma293405,1
4643,http://snomed.info/id/245822007,http://purl.org/sig/ont/fma/fma85381,1
4644,http://snomed.info/id/245835003,http://purl.org/sig/ont/fma/fma281523,1
4645,http://snomed.info/id/245836002,http://purl.org/sig/ont/fma/fma85358,1
4646,http://snomed.info/id/245832000,http://purl.org/sig/ont/fma/fma85358,1
4647,http://snomed.info/id/245832000,http://purl.org/sig/ont/fma/fma281523,1
4648,http://snomed.info/id/245841005,http://purl.org/sig/ont/fma/fma85361,1
4649,http://snomed.info/id/245842003,http://purl.org/sig/ont/fma/fma85361,1
4650,http://snomed.info/id/245437003,http://purl.org/sig/ont/fma/fma71919,1
4651,http://snomed.info/id/245437003,http://purl.org/sig/ont/fma/fma66329,1
4652,http://snomed.info/id/245393001,http://purl.org/sig/ont/fma/fma49445,1
4653,http://snomed.info/id/245387009,http://purl.org/sig/ont/fma/fma69067,1
4654,http://snomed.info/id/245388004,http://purl.org/sig/ont/fma/fma69067,1
4655,http://snomed.info/id/66247003,http://purl.org/sig/ont/fma/fma15901,1
4656,http://snomed.info/id/244117002,http://purl.org/sig/ont/fma/fma23012,1
4657,http://snomed.info/id/244118007,http://purl.org/sig/ont/fma/fma23012,1
4658,http://snomed.info/id/263355003,http://purl.org/sig/ont/fma/fma82482,1
4659,http://snomed.info/id/263356002,http://purl.org/sig/ont/fma/fma86103,1
4660,http://snomed.info/id/422457003,http://purl.org/sig/ont/fma/fma55676,1
4661,http://snomed.info/id/245531000,http://purl.org/sig/ont/fma/fma16558,1
4662,http://snomed.info/id/181780001,http://purl.org/sig/ont/fma/fma57806,1
4663,http://snomed.info/id/256662005,http://purl.org/sig/ont/fma/fma9587,1
4664,http://snomed.info/id/256664006,http://purl.org/sig/ont/fma/fma9722,1
4665,http://snomed.info/id/181781002,http://purl.org/sig/ont/fma/fma58425,1
4666,http://snomed.info/id/181782009,http://purl.org/sig/ont/fma/fma57807,1
4667,http://snomed.info/id/181788008,http://purl.org/sig/ont/fma/fma57807,1
4668,http://snomed.info/id/91467004,http://purl.org/sig/ont/fma/fma34838,1
4669,http://snomed.info/id/182451009,http://purl.org/sig/ont/fma/fma0327501,1
4670,http://snomed.info/id/182450005,http://purl.org/sig/ont/fma/fma0327501,1
4671,http://snomed.info/id/182447007,http://purl.org/sig/ont/fma/fma0327502,1
4672,http://snomed.info/id/182448002,http://purl.org/sig/ont/fma/fma0327502,1
4673,http://snomed.info/id/244594000,http://purl.org/sig/ont/fma/fma13707,1
4674,http://snomed.info/id/244595004,http://purl.org/sig/ont/fma/fma13734,1
4675,http://snomed.info/id/244605003,http://purl.org/sig/ont/fma/fma265178,1
4676,http://snomed.info/id/123861005,http://purl.org/sig/ont/fma/fma70773,1
4677,http://snomed.info/id/244616005,http://purl.org/sig/ont/fma/fma39992,1
4678,http://snomed.info/id/123857004,http://purl.org/sig/ont/fma/fma25938,1
4679,http://snomed.info/id/415648006,http://purl.org/sig/ont/fma/fma52870,1
4680,http://snomed.info/id/272689002,http://purl.org/sig/ont/fma/fma59425,1
4681,http://snomed.info/id/244686000,http://purl.org/sig/ont/fma/fma53165,1
4682,http://snomed.info/id/181936006,http://purl.org/sig/ont/fma/fma45733,1
4683,http://snomed.info/id/181925004,http://purl.org/sig/ont/fma/fma75429,1
4684,http://snomed.info/id/119551003,http://purl.org/sig/ont/fma/fma75434,1
4685,http://snomed.info/id/181962002,http://purl.org/sig/ont/fma/fma10483,1
4686,http://snomed.info/id/24097009,http://purl.org/sig/ont/fma/fma24162,1
4687,http://snomed.info/id/181994007,http://purl.org/sig/ont/fma/fma40296,1
4688,http://snomed.info/id/182009009,http://purl.org/sig/ont/fma/fma40296,1
4689,http://snomed.info/id/181996009,http://purl.org/sig/ont/fma/fma40297,1
4690,http://snomed.info/id/182011000,http://purl.org/sig/ont/fma/fma40297,1
4691,http://snomed.info/id/263412001,http://purl.org/sig/ont/fma/fma37498,1
4692,http://snomed.info/id/263413006,http://purl.org/sig/ont/fma/fma37510,1
4693,http://snomed.info/id/263415004,http://purl.org/sig/ont/fma/fma37534,1
4694,http://snomed.info/id/263414000,http://purl.org/sig/ont/fma/fma37522,1
4695,http://snomed.info/id/263428006,http://purl.org/sig/ont/fma/fma37498,1
4696,http://snomed.info/id/263429003,http://purl.org/sig/ont/fma/fma37510,1
4697,http://snomed.info/id/263430008,http://purl.org/sig/ont/fma/fma37522,1
4698,http://snomed.info/id/263431007,http://purl.org/sig/ont/fma/fma37534,1
4699,http://snomed.info/id/263445001,http://purl.org/sig/ont/fma/fma37498,1
4700,http://snomed.info/id/263446000,http://purl.org/sig/ont/fma/fma37510,1
4701,http://snomed.info/id/263447009,http://purl.org/sig/ont/fma/fma37522,1
4702,http://snomed.info/id/263448004,http://purl.org/sig/ont/fma/fma37534,1
4703,http://snomed.info/id/263416003,http://purl.org/sig/ont/fma/fma37556,1
4704,http://snomed.info/id/263417007,http://purl.org/sig/ont/fma/fma37568,1
4705,http://snomed.info/id/263419005,http://purl.org/sig/ont/fma/fma37592,1
4706,http://snomed.info/id/263418002,http://purl.org/sig/ont/fma/fma37580,1
4707,http://snomed.info/id/263432000,http://purl.org/sig/ont/fma/fma37556,1
4708,http://snomed.info/id/263433005,http://purl.org/sig/ont/fma/fma37568,1
4709,http://snomed.info/id/263434004,http://purl.org/sig/ont/fma/fma37580,1
4710,http://snomed.info/id/263435003,http://purl.org/sig/ont/fma/fma37592,1
4711,http://snomed.info/id/263449007,http://purl.org/sig/ont/fma/fma37556,1
4712,http://snomed.info/id/263450007,http://purl.org/sig/ont/fma/fma37568,1
4713,http://snomed.info/id/263452004,http://purl.org/sig/ont/fma/fma37592,1
4714,http://snomed.info/id/263451006,http://purl.org/sig/ont/fma/fma37580,1
4715,http://snomed.info/id/263424008,http://purl.org/sig/ont/fma/fma37614,1
4716,http://snomed.info/id/263425009,http://purl.org/sig/ont/fma/fma37626,1
4717,http://snomed.info/id/263426005,http://purl.org/sig/ont/fma/fma37638,1
4718,http://snomed.info/id/263427001,http://purl.org/sig/ont/fma/fma37650,1
4719,http://snomed.info/id/263441005,http://purl.org/sig/ont/fma/fma37614,1
4720,http://snomed.info/id/263442003,http://purl.org/sig/ont/fma/fma37626,1
4721,http://snomed.info/id/263443008,http://purl.org/sig/ont/fma/fma37638,1
4722,http://snomed.info/id/263444002,http://purl.org/sig/ont/fma/fma37650,1
4723,http://snomed.info/id/263457005,http://purl.org/sig/ont/fma/fma37614,1
4724,http://snomed.info/id/263459008,http://purl.org/sig/ont/fma/fma37638,1
4725,http://snomed.info/id/263460003,http://purl.org/sig/ont/fma/fma37650,1
4726,http://snomed.info/id/263458000,http://purl.org/sig/ont/fma/fma37626,1
4727,http://snomed.info/id/272708001,http://purl.org/sig/ont/fma/fma23893,1
4728,http://snomed.info/id/181895009,http://purl.org/sig/ont/fma/fma23894,1
4729,http://snomed.info/id/181904004,http://purl.org/sig/ont/fma/fma13458,1
4730,http://snomed.info/id/181898006,http://purl.org/sig/ont/fma/fma13457,1
4731,http://snomed.info/id/181902000,http://purl.org/sig/ont/fma/fma23962,1
4732,http://snomed.info/id/118645006,http://purl.org/sig/ont/fma/fma302079,1
4733,http://snomed.info/id/182024000,http://purl.org/sig/ont/fma/fma42824,1
4734,http://snomed.info/id/122474001,http://purl.org/sig/ont/fma/fma32855,1
4735,http://snomed.info/id/122475000,http://purl.org/sig/ont/fma/fma32855,1
4736,http://snomed.info/id/182088004,http://purl.org/sig/ont/fma/fma43650,1
4737,http://snomed.info/id/113225006,http://purl.org/sig/ont/fma/fma33737,1
4738,http://snomed.info/id/182115006,http://purl.org/sig/ont/fma/fma75429,1
4739,http://snomed.info/id/244724009,http://purl.org/sig/ont/fma/fma9617,1
4740,http://snomed.info/id/244795001,http://purl.org/sig/ont/fma/fma46726,1
4741,http://snomed.info/id/43933006,http://purl.org/sig/ont/fma/fma46726,1
4742,http://snomed.info/id/244801005,http://purl.org/sig/ont/fma/fma46682,1
4743,http://snomed.info/id/244801005,http://purl.org/sig/ont/fma/fma9657,1
4744,http://snomed.info/id/244812005,http://purl.org/sig/ont/fma/fma55226,1
4745,http://snomed.info/id/244847002,http://purl.org/sig/ont/fma/fma55600,1
4746,http://snomed.info/id/244939001,http://purl.org/sig/ont/fma/fma58275,1
4747,http://snomed.info/id/244940004,http://purl.org/sig/ont/fma/fma58275,1
4748,http://snomed.info/id/245051005,http://purl.org/sig/ont/fma/fma318738,1
4749,http://snomed.info/id/245052003,http://purl.org/sig/ont/fma/fma318738,1
4750,http://snomed.info/id/245054002,http://purl.org/sig/ont/fma/fma318738,1
4751,http://snomed.info/id/245055001,http://purl.org/sig/ont/fma/fma318738,1
4752,http://snomed.info/id/245056000,http://purl.org/sig/ont/fma/fma318738,1
4753,http://snomed.info/id/245062005,http://purl.org/sig/ont/fma/fma318738,1
4754,http://snomed.info/id/245063000,http://purl.org/sig/ont/fma/fma318738,1
4755,http://snomed.info/id/245074009,http://purl.org/sig/ont/fma/fma318738,1
4756,http://snomed.info/id/245102005,http://purl.org/sig/ont/fma/fma63221,1
4757,http://snomed.info/id/245124005,http://purl.org/sig/ont/fma/fma322795,1
4758,http://snomed.info/id/245125006,http://purl.org/sig/ont/fma/fma322795,1
4759,http://snomed.info/id/245148001,http://purl.org/sig/ont/fma/fma39394,1
4760,http://snomed.info/id/245149009,http://purl.org/sig/ont/fma/fma39394,1
4761,http://snomed.info/id/245152001,http://purl.org/sig/ont/fma/fma39394,1
4762,http://snomed.info/id/245150009,http://purl.org/sig/ont/fma/fma39394,1
4763,http://snomed.info/id/245154000,http://purl.org/sig/ont/fma/fma39410,1
4764,http://snomed.info/id/245155004,http://purl.org/sig/ont/fma/fma39410,1
4765,http://snomed.info/id/245157007,http://purl.org/sig/ont/fma/fma39410,1
4766,http://snomed.info/id/245156003,http://purl.org/sig/ont/fma/fma39410,1
4767,http://snomed.info/id/128501000,http://purl.org/sig/ont/fma/fma0327500,1
4768,http://snomed.info/id/128500004,http://purl.org/sig/ont/fma/fma0327500,1
4769,http://snomed.info/id/128502007,http://purl.org/sig/ont/fma/fma0327500,1
4770,http://snomed.info/id/128504008,http://purl.org/sig/ont/fma/fma323241,1
4771,http://snomed.info/id/128505009,http://purl.org/sig/ont/fma/fma323241,1
4772,http://snomed.info/id/181720003,http://purl.org/sig/ont/fma/fma0327460,1
4773,http://snomed.info/id/181722006,http://purl.org/sig/ont/fma/fma0327460,1
4774,http://snomed.info/id/245217004,http://purl.org/sig/ont/fma/fma223255,1
4775,http://snomed.info/id/245218009,http://purl.org/sig/ont/fma/fma223255,1
4776,http://snomed.info/id/245220007,http://purl.org/sig/ont/fma/fma223255,1
4777,http://snomed.info/id/245219001,http://purl.org/sig/ont/fma/fma223255,1
4778,http://snomed.info/id/245227005,http://purl.org/sig/ont/fma/fma223256,1
4779,http://snomed.info/id/245228000,http://purl.org/sig/ont/fma/fma223256,1
4780,http://snomed.info/id/245083004,http://purl.org/sig/ont/fma/fma0326210,1
4781,http://snomed.info/id/245084005,http://purl.org/sig/ont/fma/fma0326210,1
4782,http://snomed.info/id/245085006,http://purl.org/sig/ont/fma/fma0326211,1
4783,http://snomed.info/id/245087003,http://purl.org/sig/ont/fma/fma0326211,1
4784,http://snomed.info/id/245088008,http://purl.org/sig/ont/fma/fma0326212,1
4785,http://snomed.info/id/245090009,http://purl.org/sig/ont/fma/fma0326213,1
4786,http://snomed.info/id/245082009,http://purl.org/sig/ont/fma/fma0326210,1
4787,http://snomed.info/id/245086007,http://purl.org/sig/ont/fma/fma0326211,1
4788,http://snomed.info/id/245089000,http://purl.org/sig/ont/fma/fma0326212,1
4789,http://snomed.info/id/245091008,http://purl.org/sig/ont/fma/fma0326213,1
4790,http://snomed.info/id/245095004,http://purl.org/sig/ont/fma/fma0326214,1
4791,http://snomed.info/id/245096003,http://purl.org/sig/ont/fma/fma0326214,1
4792,http://snomed.info/id/182489004,http://purl.org/sig/ont/fma/fma32426,1
4793,http://snomed.info/id/87270007,http://purl.org/sig/ont/fma/fma32426,1
4794,http://snomed.info/id/422976007,http://purl.org/sig/ont/fma/fma32426,1
4795,http://snomed.info/id/182488007,http://purl.org/sig/ont/fma/fma32426,1
4796,http://snomed.info/id/424436005,http://purl.org/sig/ont/fma/fma32426,1
4797,http://snomed.info/id/244072003,http://purl.org/sig/ont/fma/fma59349,1
4798,http://snomed.info/id/244081009,http://purl.org/sig/ont/fma/fma59345,1
4799,http://snomed.info/id/244081009,http://purl.org/sig/ont/fma/fma63885,1
4800,http://snomed.info/id/244083007,http://purl.org/sig/ont/fma/fma59345,1
4801,http://snomed.info/id/244087008,http://purl.org/sig/ont/fma/fma59530,1
4802,http://snomed.info/id/244089006,http://purl.org/sig/ont/fma/fma59530,1
4803,http://snomed.info/id/244099001,http://purl.org/sig/ont/fma/fma322259,1
4804,http://snomed.info/id/244111001,http://purl.org/sig/ont/fma/fma49944,1
4805,http://snomed.info/id/244111001,http://purl.org/sig/ont/fma/fma269243,1
4806,http://snomed.info/id/181506008,http://purl.org/sig/ont/fma/fma258970,1
4807,http://snomed.info/id/243991008,http://purl.org/sig/ont/fma/fma74755,1
4808,http://snomed.info/id/243992001,http://purl.org/sig/ont/fma/fma74755,1
4809,http://snomed.info/id/244127008,http://purl.org/sig/ont/fma/fma23093,1
4810,http://snomed.info/id/244128003,http://purl.org/sig/ont/fma/fma23093,1
4811,http://snomed.info/id/244200000,http://purl.org/sig/ont/fma/fma60523,1
4812,http://snomed.info/id/244199003,http://purl.org/sig/ont/fma/fma60346,1
4813,http://snomed.info/id/256925006,http://purl.org/sig/ont/fma/fma304716,1
4814,http://snomed.info/id/245863001,http://purl.org/sig/ont/fma/fma24951,1
4815,http://snomed.info/id/245864007,http://purl.org/sig/ont/fma/fma24951,1
4816,http://snomed.info/id/245865008,http://purl.org/sig/ont/fma/fma24951,1
4817,http://snomed.info/id/245866009,http://purl.org/sig/ont/fma/fma24951,1
4818,http://snomed.info/id/245868005,http://purl.org/sig/ont/fma/fma24951,1
4819,http://snomed.info/id/245869002,http://purl.org/sig/ont/fma/fma13681,1
4820,http://snomed.info/id/245870001,http://purl.org/sig/ont/fma/fma13681,1
4821,http://snomed.info/id/245871002,http://purl.org/sig/ont/fma/fma13681,1
4822,http://snomed.info/id/245872009,http://purl.org/sig/ont/fma/fma13681,1
4823,http://snomed.info/id/245873004,http://purl.org/sig/ont/fma/fma13681,1
4824,http://snomed.info/id/245874005,http://purl.org/sig/ont/fma/fma13681,1
4825,http://snomed.info/id/245875006,http://purl.org/sig/ont/fma/fma13681,1
4826,http://snomed.info/id/245876007,http://purl.org/sig/ont/fma/fma13681,1
4827,http://snomed.info/id/245877003,http://purl.org/sig/ont/fma/fma13681,1
4828,http://snomed.info/id/245878008,http://purl.org/sig/ont/fma/fma13681,1
4829,http://snomed.info/id/245879000,http://purl.org/sig/ont/fma/fma13681,1
4830,http://snomed.info/id/245880002,http://purl.org/sig/ont/fma/fma13736,1
4831,http://snomed.info/id/245881003,http://purl.org/sig/ont/fma/fma13736,1
4832,http://snomed.info/id/245883000,http://purl.org/sig/ont/fma/fma13736,1
4833,http://snomed.info/id/245884006,http://purl.org/sig/ont/fma/fma13736,1
4834,http://snomed.info/id/245886008,http://purl.org/sig/ont/fma/fma24951,1
4835,http://snomed.info/id/245887004,http://purl.org/sig/ont/fma/fma13681,1
4836,http://snomed.info/id/245888009,http://purl.org/sig/ont/fma/fma13736,1
4837,http://snomed.info/id/182372008,http://purl.org/sig/ont/fma/fma0327620,1
4838,http://snomed.info/id/245928007,http://purl.org/sig/ont/fma/fma44580,1
4839,http://snomed.info/id/245951007,http://purl.org/sig/ont/fma/fma13707,1
4840,http://snomed.info/id/245952000,http://purl.org/sig/ont/fma/fma13707,1
4841,http://snomed.info/id/245953005,http://purl.org/sig/ont/fma/fma13707,1
4842,http://snomed.info/id/245954004,http://purl.org/sig/ont/fma/fma13707,1
4843,http://snomed.info/id/245955003,http://purl.org/sig/ont/fma/fma13707,1
4844,http://snomed.info/id/245956002,http://purl.org/sig/ont/fma/fma13707,1
4845,http://snomed.info/id/245957006,http://purl.org/sig/ont/fma/fma13707,1
4846,http://snomed.info/id/245958001,http://purl.org/sig/ont/fma/fma13707,1
4847,http://snomed.info/id/245959009,http://purl.org/sig/ont/fma/fma13707,1
4848,http://snomed.info/id/245960004,http://purl.org/sig/ont/fma/fma13707,1
4849,http://snomed.info/id/245961000,http://purl.org/sig/ont/fma/fma13707,1
4850,http://snomed.info/id/245962007,http://purl.org/sig/ont/fma/fma13734,1
4851,http://snomed.info/id/245963002,http://purl.org/sig/ont/fma/fma13734,1
4852,http://snomed.info/id/245964008,http://purl.org/sig/ont/fma/fma13734,1
4853,http://snomed.info/id/245965009,http://purl.org/sig/ont/fma/fma13734,1
4854,http://snomed.info/id/246012008,http://purl.org/sig/ont/fma/fma22847,1
4855,http://snomed.info/id/246014009,http://purl.org/sig/ont/fma/fma22847,1
4856,http://snomed.info/id/246015005,http://purl.org/sig/ont/fma/fma22847,1
4857,http://snomed.info/id/246017002,http://purl.org/sig/ont/fma/fma22847,1
4858,http://snomed.info/id/246013003,http://purl.org/sig/ont/fma/fma22847,1
4859,http://snomed.info/id/246016006,http://purl.org/sig/ont/fma/fma22847,1
4860,http://snomed.info/id/246022002,http://purl.org/sig/ont/fma/fma22844,1
4861,http://snomed.info/id/246023007,http://purl.org/sig/ont/fma/fma22844,1
4862,http://snomed.info/id/246024001,http://purl.org/sig/ont/fma/fma22844,1
4863,http://snomed.info/id/246025000,http://purl.org/sig/ont/fma/fma22844,1
4864,http://snomed.info/id/264438009,http://purl.org/sig/ont/fma/fma19755,1
4865,http://snomed.info/id/82859000,http://purl.org/sig/ont/fma/fma58633,1
4866,http://snomed.info/id/50245004,http://purl.org/sig/ont/fma/fma295632,1
4867,http://snomed.info/id/264497002,http://purl.org/sig/ont/fma/fma321708,1
4868,http://snomed.info/id/277712000,http://purl.org/sig/ont/fma/fma29733,1
4869,http://snomed.info/id/277715003,http://purl.org/sig/ont/fma/fma13224,1
4870,http://snomed.info/id/90219004,http://purl.org/sig/ont/fma/fma62512,1
4871,http://snomed.info/id/128591008,http://purl.org/sig/ont/fma/fma14137,1
4872,http://snomed.info/id/128594000,http://purl.org/sig/ont/fma/fma14137,1
4873,http://snomed.info/id/277868004,http://purl.org/sig/ont/fma/fma82482,1
4874,http://snomed.info/id/277955006,http://purl.org/sig/ont/fma/fma82494,1
4875,http://snomed.info/id/277956007,http://purl.org/sig/ont/fma/fma15737,1
4876,http://snomed.info/id/277957003,http://purl.org/sig/ont/fma/fma15757,1
4877,http://snomed.info/id/277958008,http://purl.org/sig/ont/fma/fma15757,1
4878,http://snomed.info/id/277959000,http://purl.org/sig/ont/fma/fma15755,1
4879,http://snomed.info/id/277960005,http://purl.org/sig/ont/fma/fma15756,1
4880,http://snomed.info/id/277961009,http://purl.org/sig/ont/fma/fma15756,1
4881,http://snomed.info/id/277962002,http://purl.org/sig/ont/fma/fma15755,1
4882,http://snomed.info/id/277963007,http://purl.org/sig/ont/fma/fma9479,1
4883,http://snomed.info/id/277964001,http://purl.org/sig/ont/fma/fma62494,1
4884,http://snomed.info/id/278101009,http://purl.org/sig/ont/fma/fma49688,1
4885,http://snomed.info/id/278749009,http://purl.org/sig/ont/fma/fma62420,1
4886,http://snomed.info/id/278752001,http://purl.org/sig/ont/fma/fma62420,1
4887,http://snomed.info/id/278789003,http://purl.org/sig/ont/fma/fma29733,1
4888,http://snomed.info/id/278789003,http://purl.org/sig/ont/fma/fma78573,1
4889,http://snomed.info/id/278789003,http://purl.org/sig/ont/fma/fma78563,1
4890,http://snomed.info/id/278877009,http://purl.org/sig/ont/fma/fma79879,1
4891,http://snomed.info/id/278877009,http://purl.org/sig/ont/fma/fma5913,1
4892,http://snomed.info/id/279133006,http://purl.org/sig/ont/fma/fma66162,1
4893,http://snomed.info/id/279137007,http://purl.org/sig/ont/fma/fma66162,1
4894,http://snomed.info/id/279138002,http://purl.org/sig/ont/fma/fma66162,1
4895,http://snomed.info/id/279143009,http://purl.org/sig/ont/fma/fma61212,1
4896,http://snomed.info/id/279165009,http://purl.org/sig/ont/fma/fma75735,1
4897,http://snomed.info/id/279172005,http://purl.org/sig/ont/fma/fma274516,1
4898,http://snomed.info/id/279209006,http://purl.org/sig/ont/fma/fma274528,1
4899,http://snomed.info/id/279213004,http://purl.org/sig/ont/fma/fma62478,1
4900,http://snomed.info/id/279215006,http://purl.org/sig/ont/fma/fma61823,1
4901,http://snomed.info/id/279308000,http://purl.org/sig/ont/fma/fma61943,1
4902,http://snomed.info/id/279379007,http://purl.org/sig/ont/fma/fma256150,1
4903,http://snomed.info/id/42264008,http://purl.org/sig/ont/fma/fma15881,1
4904,http://snomed.info/id/393006,http://purl.org/sig/ont/fma/fma82482,1
4905,http://snomed.info/id/279413002,http://purl.org/sig/ont/fma/fma67986,1
4906,http://snomed.info/id/279413002,http://purl.org/sig/ont/fma/fma32558,1
4907,http://snomed.info/id/279415009,http://purl.org/sig/ont/fma/fma67991,1
4908,http://snomed.info/id/279416005,http://purl.org/sig/ont/fma/fma67991,1
4909,http://snomed.info/id/71553001,http://purl.org/sig/ont/fma/fma19671,1
4910,http://snomed.info/id/6375001,http://purl.org/sig/ont/fma/fma19671,1
4911,http://snomed.info/id/27003007,http://purl.org/sig/ont/fma/fma19671,1
4912,http://snomed.info/id/27088001,http://purl.org/sig/ont/fma/fma83929,1
4913,http://snomed.info/id/69635001,http://purl.org/sig/ont/fma/fma302344,1
4914,http://snomed.info/id/279508004,http://purl.org/sig/ont/fma/fma25625,1
4915,http://snomed.info/id/279509007,http://purl.org/sig/ont/fma/fma55108,1
4916,http://snomed.info/id/24783007,http://purl.org/sig/ont/fma/fma55108,1
4917,http://snomed.info/id/44935009,http://purl.org/sig/ont/fma/fma55268,1
4918,http://snomed.info/id/42650002,http://purl.org/sig/ont/fma/fma78590,1
4919,http://snomed.info/id/61913009,http://purl.org/sig/ont/fma/fma46489,1
4920,http://snomed.info/id/279561007,http://purl.org/sig/ont/fma/fma72058,1
4921,http://snomed.info/id/279567006,http://purl.org/sig/ont/fma/fma85310,1
4922,http://snomed.info/id/58675001,http://purl.org/sig/ont/fma/fma45660,1
4923,http://snomed.info/id/91724006,http://purl.org/sig/ont/fma/fma55677,1
4924,http://snomed.info/id/279582001,http://purl.org/sig/ont/fma/fma20437,1
4925,http://snomed.info/id/279584000,http://purl.org/sig/ont/fma/fma64989,1
4926,http://snomed.info/id/59781009,http://purl.org/sig/ont/fma/fma56720,1
4927,http://snomed.info/id/88731002,http://purl.org/sig/ont/fma/fma30320,1
4928,http://snomed.info/id/36119000,http://purl.org/sig/ont/fma/fma78562,1
4929,http://snomed.info/id/279674007,http://purl.org/sig/ont/fma/fma86140,1
4930,http://snomed.info/id/127906001,http://purl.org/sig/ont/fma/fma30320,1
4931,http://snomed.info/id/279686005,http://purl.org/sig/ont/fma/fma82484,1
4932,http://snomed.info/id/15538001,http://purl.org/sig/ont/fma/fma55425,1
4933,http://snomed.info/id/12705002,http://purl.org/sig/ont/fma/fma55672,1
4934,http://snomed.info/id/52737000,http://purl.org/sig/ont/fma/fma20247,1
4935,http://snomed.info/id/46636005,http://purl.org/sig/ont/fma/fma24199,1
4936,http://snomed.info/id/279716006,http://purl.org/sig/ont/fma/fma24199,1
4937,http://snomed.info/id/69475003,http://purl.org/sig/ont/fma/fma82500,1
4938,http://snomed.info/id/279730001,http://purl.org/sig/ont/fma/fma77645,1
4939,http://snomed.info/id/279731002,http://purl.org/sig/ont/fma/fma77645,1
4940,http://snomed.info/id/279759001,http://purl.org/sig/ont/fma/fma268961,1
4941,http://snomed.info/id/279768004,http://purl.org/sig/ont/fma/fma7145,1
4942,http://snomed.info/id/279799003,http://purl.org/sig/ont/fma/fma77709,1
4943,http://snomed.info/id/279800004,http://purl.org/sig/ont/fma/fma66170,1
4944,http://snomed.info/id/279800004,http://purl.org/sig/ont/fma/fma301804,1
4945,http://snomed.info/id/279801000,http://purl.org/sig/ont/fma/fma71817,1
4946,http://snomed.info/id/279809003,http://purl.org/sig/ont/fma/fma71740,1
4947,http://snomed.info/id/279809003,http://purl.org/sig/ont/fma/fma44311,1
4948,http://snomed.info/id/279843007,http://purl.org/sig/ont/fma/fma77717,1
4949,http://snomed.info/id/58198005,http://purl.org/sig/ont/fma/fma61138,1
4950,http://snomed.info/id/31657003,http://purl.org/sig/ont/fma/fma61138,1
4951,http://snomed.info/id/77384009,http://purl.org/sig/ont/fma/fma61138,1
4952,http://snomed.info/id/279859007,http://purl.org/sig/ont/fma/fma82500,1
4953,http://snomed.info/id/4019005,http://purl.org/sig/ont/fma/fma9649,1
4954,http://snomed.info/id/279867004,http://purl.org/sig/ont/fma/fma9649,1
4955,http://snomed.info/id/279888008,http://purl.org/sig/ont/fma/fma322145,1
4956,http://snomed.info/id/279424000,http://purl.org/sig/ont/fma/fma322145,1
4957,http://snomed.info/id/279923002,http://purl.org/sig/ont/fma/fma30320,1
4958,http://snomed.info/id/279969002,http://purl.org/sig/ont/fma/fma7144,1
4959,http://snomed.info/id/279970001,http://purl.org/sig/ont/fma/fma7144,1
4960,http://snomed.info/id/280042000,http://purl.org/sig/ont/fma/fma321971,1
4961,http://snomed.info/id/280042000,http://purl.org/sig/ont/fma/fma37489,1
4962,http://snomed.info/id/181993001,http://purl.org/sig/ont/fma/fma321971,1
4963,http://snomed.info/id/181993001,http://purl.org/sig/ont/fma/fma37489,1
4964,http://snomed.info/id/280043005,http://purl.org/sig/ont/fma/fma321561,1
4965,http://snomed.info/id/280043005,http://purl.org/sig/ont/fma/fma37489,1
4966,http://snomed.info/id/182008001,http://purl.org/sig/ont/fma/fma321561,1
4967,http://snomed.info/id/182008001,http://purl.org/sig/ont/fma/fma37489,1
4968,http://snomed.info/id/280044004,http://purl.org/sig/ont/fma/fma32821,1
4969,http://snomed.info/id/272704004,http://purl.org/sig/ont/fma/fma32821,1
4970,http://snomed.info/id/280045003,http://purl.org/sig/ont/fma/fma240707,1
4971,http://snomed.info/id/280046002,http://purl.org/sig/ont/fma/fma32822,1
4972,http://snomed.info/id/280047006,http://purl.org/sig/ont/fma/fma322132,1
4973,http://snomed.info/id/280048001,http://purl.org/sig/ont/fma/fma322132,1
4974,http://snomed.info/id/280049009,http://purl.org/sig/ont/fma/fma322132,1
4975,http://snomed.info/id/280055004,http://purl.org/sig/ont/fma/fma0327346,1
4976,http://snomed.info/id/280056003,http://purl.org/sig/ont/fma/fma0327346,1
4977,http://snomed.info/id/280057007,http://purl.org/sig/ont/fma/fma0327346,1
4978,http://snomed.info/id/280112001,http://purl.org/sig/ont/fma/fma21165,1
4979,http://snomed.info/id/280120004,http://purl.org/sig/ont/fma/fma78590,1
4980,http://snomed.info/id/74031005,http://purl.org/sig/ont/fma/fma6266,1
4981,http://snomed.info/id/280158000,http://purl.org/sig/ont/fma/fma78531,1
4982,http://snomed.info/id/280161004,http://purl.org/sig/ont/fma/fma5981,1
4983,http://snomed.info/id/280242006,http://purl.org/sig/ont/fma/fma52727,1
4984,http://snomed.info/id/280245008,http://purl.org/sig/ont/fma/fma80505,1
4985,http://snomed.info/id/280249002,http://purl.org/sig/ont/fma/fma52999,1
4986,http://snomed.info/id/280264002,http://purl.org/sig/ont/fma/fma63819,1
4987,http://snomed.info/id/280264002,http://purl.org/sig/ont/fma/fma53195,1
4988,http://snomed.info/id/280265001,http://purl.org/sig/ont/fma/fma63819,1
4989,http://snomed.info/id/280265001,http://purl.org/sig/ont/fma/fma53195,1
4990,http://snomed.info/id/280269007,http://purl.org/sig/ont/fma/fma53246,1
4991,http://snomed.info/id/280273005,http://purl.org/sig/ont/fma/fma9649,1
4992,http://snomed.info/id/280275003,http://purl.org/sig/ont/fma/fma53438,1
4993,http://snomed.info/id/280294008,http://purl.org/sig/ont/fma/fma53470,1
4994,http://snomed.info/id/280295009,http://purl.org/sig/ont/fma/fma6228,1
4995,http://snomed.info/id/280308004,http://purl.org/sig/ont/fma/fma5931,1
4996,http://snomed.info/id/280311003,http://purl.org/sig/ont/fma/fma54399,1
4997,http://snomed.info/id/280315007,http://purl.org/sig/ont/fma/fma54401,1
4998,http://snomed.info/id/280316008,http://purl.org/sig/ont/fma/fma323337,1
4999,http://snomed.info/id/280317004,http://purl.org/sig/ont/fma/fma323337,1
5000,http://snomed.info/id/280318009,http://purl.org/sig/ont/fma/fma323337,1
5001,http://snomed.info/id/280322004,http://purl.org/sig/ont/fma/fma29733,1
5002,http://snomed.info/id/280323009,http://purl.org/sig/ont/fma/fma79879,1
5003,http://snomed.info/id/280339002,http://purl.org/sig/ont/fma/fma5985,1
5004,http://snomed.info/id/280340000,http://purl.org/sig/ont/fma/fma5985,1
5005,http://snomed.info/id/280341001,http://purl.org/sig/ont/fma/fma5985,1
5006,http://snomed.info/id/280346006,http://purl.org/sig/ont/fma/fma29733,1
5007,http://snomed.info/id/280347002,http://purl.org/sig/ont/fma/fma80209,1
5008,http://snomed.info/id/280348007,http://purl.org/sig/ont/fma/fma49445,1
5009,http://snomed.info/id/280349004,http://purl.org/sig/ont/fma/fma29733,1
5010,http://snomed.info/id/280351000,http://purl.org/sig/ont/fma/fma80177,1
5011,http://snomed.info/id/280352007,http://purl.org/sig/ont/fma/fma80177,1
5012,http://snomed.info/id/280353002,http://purl.org/sig/ont/fma/fma80177,1
5013,http://snomed.info/id/280354008,http://purl.org/sig/ont/fma/fma80177,1
5014,http://snomed.info/id/280386003,http://purl.org/sig/ont/fma/fma0326448,1
5015,http://snomed.info/id/280388002,http://purl.org/sig/ont/fma/fma0326450,1
5016,http://snomed.info/id/244149002,http://purl.org/sig/ont/fma/fma0326450,1
5017,http://snomed.info/id/39916009,http://purl.org/sig/ont/fma/fma242789,1
5018,http://snomed.info/id/280425003,http://purl.org/sig/ont/fma/fma78562,1
5019,http://snomed.info/id/280445006,http://purl.org/sig/ont/fma/fma9865,1
5020,http://snomed.info/id/280448008,http://purl.org/sig/ont/fma/fma9865,1
5021,http://snomed.info/id/110696007,http://purl.org/sig/ont/fma/fma5910,1
5022,http://snomed.info/id/280511002,http://purl.org/sig/ont/fma/fma5910,1
5023,http://snomed.info/id/280512009,http://purl.org/sig/ont/fma/fma5910,1
5024,http://snomed.info/id/280522003,http://purl.org/sig/ont/fma/fma5901,1
5025,http://snomed.info/id/280530002,http://purl.org/sig/ont/fma/fma5910,1
5026,http://snomed.info/id/280533000,http://purl.org/sig/ont/fma/fma14149,1
5027,http://snomed.info/id/280534006,http://purl.org/sig/ont/fma/fma14149,1
5028,http://snomed.info/id/280542007,http://purl.org/sig/ont/fma/fma25054,1
5029,http://snomed.info/id/280548006,http://purl.org/sig/ont/fma/fma317186,1
5030,http://snomed.info/id/280562004,http://purl.org/sig/ont/fma/fma9587,1
5031,http://snomed.info/id/280613007,http://purl.org/sig/ont/fma/fma58599,1
5032,http://snomed.info/id/417266007,http://purl.org/sig/ont/fma/fma55672,1
5033,http://snomed.info/id/5194009,http://purl.org/sig/ont/fma/fma69064,1
5034,http://snomed.info/id/32401001,http://purl.org/sig/ont/fma/fma86195,1
5035,http://snomed.info/id/280665009,http://purl.org/sig/ont/fma/fma58617,1
5036,http://snomed.info/id/280668006,http://purl.org/sig/ont/fma/fma58617,1
5037,http://snomed.info/id/280677004,http://purl.org/sig/ont/fma/fma0327429,1
5038,http://snomed.info/id/280707006,http://purl.org/sig/ont/fma/fma19755,1
5039,http://snomed.info/id/280868008,http://purl.org/sig/ont/fma/fma81494,1
5040,http://snomed.info/id/280869000,http://purl.org/sig/ont/fma/fma61741,1
5041,http://snomed.info/id/280872007,http://purl.org/sig/ont/fma/fma62415,1
5042,http://snomed.info/id/280903002,http://purl.org/sig/ont/fma/fma45090,1
5043,http://snomed.info/id/280910008,http://purl.org/sig/ont/fma/fma0326450,1
5044,http://snomed.info/id/280918001,http://purl.org/sig/ont/fma/fma321809,1
5045,http://snomed.info/id/17861009,http://purl.org/sig/ont/fma/fma78561,1
5046,http://snomed.info/id/113205007,http://purl.org/sig/ont/fma/fma9915,1
5047,http://snomed.info/id/5329002,http://purl.org/sig/ont/fma/fma9915,1
5048,http://snomed.info/id/36978003,http://purl.org/sig/ont/fma/fma9915,1
5049,http://snomed.info/id/36054005,http://purl.org/sig/ont/fma/fma9915,1
5050,http://snomed.info/id/280863004,http://purl.org/sig/ont/fma/fma78558,1
5051,http://snomed.info/id/91732003,http://purl.org/sig/ont/fma/fma86020,1
5052,http://snomed.info/id/91732003,http://purl.org/sig/ont/fma/fma70353,1
5053,http://snomed.info/id/361626007,http://purl.org/sig/ont/fma/fma63814,1
5054,http://snomed.info/id/361626007,http://purl.org/sig/ont/fma/fma78048,1
5055,http://snomed.info/id/361643005,http://purl.org/sig/ont/fma/fma4745,1
5056,http://snomed.info/id/361644004,http://purl.org/sig/ont/fma/fma12528,1
5057,http://snomed.info/id/361648001,http://purl.org/sig/ont/fma/fma12536,1
5058,http://snomed.info/id/361649009,http://purl.org/sig/ont/fma/fma12535,1
5059,http://snomed.info/id/361650009,http://purl.org/sig/ont/fma/fma12534,1
5060,http://snomed.info/id/361651008,http://purl.org/sig/ont/fma/fma12533,1
5061,http://snomed.info/id/361652001,http://purl.org/sig/ont/fma/fma12532,1
5062,http://snomed.info/id/361653006,http://purl.org/sig/ont/fma/fma12531,1
5063,http://snomed.info/id/361654000,http://purl.org/sig/ont/fma/fma12530,1
5064,http://snomed.info/id/361647006,http://purl.org/sig/ont/fma/fma12529,1
5065,http://snomed.info/id/361646002,http://purl.org/sig/ont/fma/fma12528,1
5066,http://snomed.info/id/361645003,http://purl.org/sig/ont/fma/fma4745,1
5067,http://snomed.info/id/361655004,http://purl.org/sig/ont/fma/fma12536,1
5068,http://snomed.info/id/361656003,http://purl.org/sig/ont/fma/fma12535,1
5069,http://snomed.info/id/361657007,http://purl.org/sig/ont/fma/fma12534,1
5070,http://snomed.info/id/361658002,http://purl.org/sig/ont/fma/fma12533,1
5071,http://snomed.info/id/361659005,http://purl.org/sig/ont/fma/fma12532,1
5072,http://snomed.info/id/361660000,http://purl.org/sig/ont/fma/fma12531,1
5073,http://snomed.info/id/361661001,http://purl.org/sig/ont/fma/fma12530,1
5074,http://snomed.info/id/361662008,http://purl.org/sig/ont/fma/fma12529,1
5075,http://snomed.info/id/122455009,http://purl.org/sig/ont/fma/fma63819,1
5076,http://snomed.info/id/788605000,http://purl.org/sig/ont/fma/fma5913,1
5077,http://snomed.info/id/278329002,http://purl.org/sig/ont/fma/fma6005,1
5078,http://snomed.info/id/288492009,http://purl.org/sig/ont/fma/fma5860,1
5079,http://snomed.info/id/278330007,http://purl.org/sig/ont/fma/fma6005,1
5080,http://snomed.info/id/278331006,http://purl.org/sig/ont/fma/fma6005,1
5081,http://snomed.info/id/278332004,http://purl.org/sig/ont/fma/fma6005,1
5082,http://snomed.info/id/278333009,http://purl.org/sig/ont/fma/fma6005,1
5083,http://snomed.info/id/278337005,http://purl.org/sig/ont/fma/fma6006,1
5084,http://snomed.info/id/278338000,http://purl.org/sig/ont/fma/fma6006,1
5085,http://snomed.info/id/278339008,http://purl.org/sig/ont/fma/fma6006,1
5086,http://snomed.info/id/278340005,http://purl.org/sig/ont/fma/fma6006,1
5087,http://snomed.info/id/278341009,http://purl.org/sig/ont/fma/fma6006,1
5088,http://snomed.info/id/278342002,http://purl.org/sig/ont/fma/fma6006,1
5089,http://snomed.info/id/278343007,http://purl.org/sig/ont/fma/fma6006,1
5090,http://snomed.info/id/278344001,http://purl.org/sig/ont/fma/fma6006,1
5091,http://snomed.info/id/278345000,http://purl.org/sig/ont/fma/fma6006,1
5092,http://snomed.info/id/278346004,http://purl.org/sig/ont/fma/fma6006,1
5093,http://snomed.info/id/278347008,http://purl.org/sig/ont/fma/fma6006,1
5094,http://snomed.info/id/278348003,http://purl.org/sig/ont/fma/fma6006,1
5095,http://snomed.info/id/278349006,http://purl.org/sig/ont/fma/fma6007,1
5096,http://snomed.info/id/278351005,http://purl.org/sig/ont/fma/fma6007,1
5097,http://snomed.info/id/278352003,http://purl.org/sig/ont/fma/fma6007,1
5098,http://snomed.info/id/278353008,http://purl.org/sig/ont/fma/fma6007,1
5099,http://snomed.info/id/278354002,http://purl.org/sig/ont/fma/fma6008,1
5100,http://snomed.info/id/278355001,http://purl.org/sig/ont/fma/fma6008,1
5101,http://snomed.info/id/278356000,http://purl.org/sig/ont/fma/fma6008,1
5102,http://snomed.info/id/278335002,http://purl.org/sig/ont/fma/fma6005,1
5103,http://snomed.info/id/278336001,http://purl.org/sig/ont/fma/fma6005,1
5104,http://snomed.info/id/91688001,http://purl.org/sig/ont/fma/fma29733,1
5105,http://snomed.info/id/118755002,http://purl.org/sig/ont/fma/fma78568,1
5106,http://snomed.info/id/367788006,http://purl.org/sig/ont/fma/fma12215,1
5107,http://snomed.info/id/288481008,http://purl.org/sig/ont/fma/fma6028,1
5108,http://snomed.info/id/288482001,http://purl.org/sig/ont/fma/fma6028,1
5109,http://snomed.info/id/288483006,http://purl.org/sig/ont/fma/fma6028,1
5110,http://snomed.info/id/288484000,http://purl.org/sig/ont/fma/fma6028,1
5111,http://snomed.info/id/288485004,http://purl.org/sig/ont/fma/fma6028,1
5112,http://snomed.info/id/288486003,http://purl.org/sig/ont/fma/fma6028,1
5113,http://snomed.info/id/288487007,http://purl.org/sig/ont/fma/fma6028,1
5114,http://snomed.info/id/288488002,http://purl.org/sig/ont/fma/fma6028,1
5115,http://snomed.info/id/288489005,http://purl.org/sig/ont/fma/fma6028,1
5116,http://snomed.info/id/288490001,http://purl.org/sig/ont/fma/fma6028,1
5117,http://snomed.info/id/288491002,http://purl.org/sig/ont/fma/fma6028,1
5118,http://snomed.info/id/422442005,http://purl.org/sig/ont/fma/fma78568,1
5119,http://snomed.info/id/116006008,http://purl.org/sig/ont/fma/fma9689,1
5120,http://snomed.info/id/118762006,http://purl.org/sig/ont/fma/fma9689,1
5121,http://snomed.info/id/501000202103,http://purl.org/sig/ont/fma/fma82482,1
5122,http://snomed.info/id/1078224004,http://purl.org/sig/ont/fma/fma63194,1
5123,http://snomed.info/id/710863003,http://purl.org/sig/ont/fma/fma86198,1
5124,http://snomed.info/id/360520001,http://purl.org/sig/ont/fma/fma76301,1
5125,http://snomed.info/id/422905005,http://purl.org/sig/ont/fma/fma77883,1
5126,http://snomed.info/id/91741008,http://purl.org/sig/ont/fma/fma322859,1
5127,http://snomed.info/id/91742001,http://purl.org/sig/ont/fma/fma322859,1
5128,http://snomed.info/id/91743006,http://purl.org/sig/ont/fma/fma322859,1
5129,http://snomed.info/id/91765006,http://purl.org/sig/ont/fma/fma86307,1
5130,http://snomed.info/id/91686002,http://purl.org/sig/ont/fma/fma30320,1
5131,http://snomed.info/id/2718005,http://purl.org/sig/ont/fma/fma9338,1
5132,http://snomed.info/id/38671000,http://purl.org/sig/ont/fma/fma60120,1
5133,http://snomed.info/id/722419005,http://purl.org/sig/ont/fma/fma19898,1
5134,http://snomed.info/id/722418002,http://purl.org/sig/ont/fma/fma19898,1
5135,http://snomed.info/id/110521002,http://purl.org/sig/ont/fma/fma75431,1
5136,http://snomed.info/id/110695006,http://purl.org/sig/ont/fma/fma63819,1
5137,http://snomed.info/id/110699000,http://purl.org/sig/ont/fma/fma61926,1
5138,http://snomed.info/id/110707001,http://purl.org/sig/ont/fma/fma49445,1
5139,http://snomed.info/id/220023008,http://purl.org/sig/ont/fma/fma21792,1
5140,http://snomed.info/id/8128003,http://purl.org/sig/ont/fma/fma14171,1
5141,http://snomed.info/id/57592002,http://purl.org/sig/ont/fma/fma83929,1
5142,http://snomed.info/id/20023005,http://purl.org/sig/ont/fma/fma14065,1
5143,http://snomed.info/id/91779003,http://purl.org/sig/ont/fma/fma22809,1
5144,http://snomed.info/id/9668006,http://purl.org/sig/ont/fma/fma49150,1
5145,http://snomed.info/id/281385007,http://purl.org/sig/ont/fma/fma86099,1
5146,http://snomed.info/id/50858009,http://purl.org/sig/ont/fma/fma86099,1
5147,http://snomed.info/id/281480001,http://purl.org/sig/ont/fma/fma29733,1
5148,http://snomed.info/id/16225001,http://purl.org/sig/ont/fma/fma37711,1
5149,http://snomed.info/id/40284004,http://purl.org/sig/ont/fma/fma37712,1
5150,http://snomed.info/id/281684004,http://purl.org/sig/ont/fma/fma322264,1
5151,http://snomed.info/id/281741008,http://purl.org/sig/ont/fma/fma37758,1
5152,http://snomed.info/id/69831007,http://purl.org/sig/ont/fma/fma14197,1
5153,http://snomed.info/id/168742000,http://purl.org/sig/ont/fma/fma14197,1
5154,http://snomed.info/id/7362006,http://purl.org/sig/ont/fma/fma236996,1
5155,http://snomed.info/id/7362006,http://purl.org/sig/ont/fma/fma14197,1
5156,http://snomed.info/id/144228007,http://purl.org/sig/ont/fma/fma236996,1
5157,http://snomed.info/id/144228007,http://purl.org/sig/ont/fma/fma14197,1
5158,http://snomed.info/id/282044005,http://purl.org/sig/ont/fma/fma66464,1
5159,http://snomed.info/id/282047003,http://purl.org/sig/ont/fma/fma77883,1
5160,http://snomed.info/id/282047003,http://purl.org/sig/ont/fma/fma63814,1
5161,http://snomed.info/id/2550002,http://purl.org/sig/ont/fma/fma23914,1
5162,http://snomed.info/id/28839003,http://purl.org/sig/ont/fma/fma321024,1
5163,http://snomed.info/id/28839003,http://purl.org/sig/ont/fma/fma33303,1
5164,http://snomed.info/id/282829008,http://purl.org/sig/ont/fma/fma78562,1
5165,http://snomed.info/id/299993000,http://purl.org/sig/ont/fma/fma71786,1
5166,http://snomed.info/id/303139006,http://purl.org/sig/ont/fma/fma71786,1
5167,http://snomed.info/id/77205005,http://purl.org/sig/ont/fma/fma86144,1
5168,http://snomed.info/id/303051005,http://purl.org/sig/ont/fma/fma4767,1
5169,http://snomed.info/id/71013008,http://purl.org/sig/ont/fma/fma60056,1
5170,http://snomed.info/id/8251006,http://purl.org/sig/ont/fma/fma60056,1
5171,http://snomed.info/id/303403006,http://purl.org/sig/ont/fma/fma284639,1
5172,http://snomed.info/id/303405004,http://purl.org/sig/ont/fma/fma9865,1
5173,http://snomed.info/id/91736000,http://purl.org/sig/ont/fma/fma14854,1
5174,http://snomed.info/id/91735001,http://purl.org/sig/ont/fma/fma66464,1
5175,http://snomed.info/id/303429006,http://purl.org/sig/ont/fma/fma77883,1
5176,http://snomed.info/id/122495006,http://purl.org/sig/ont/fma/fma16201,1
5177,http://snomed.info/id/35769007,http://purl.org/sig/ont/fma/fma16201,1
5178,http://snomed.info/id/418337005,http://purl.org/sig/ont/fma/fma323392,1
5179,http://snomed.info/id/418643001,http://purl.org/sig/ont/fma/fma323392,1
5180,http://snomed.info/id/303895000,http://purl.org/sig/ont/fma/fma0326213,1
5181,http://snomed.info/id/110540008,http://purl.org/sig/ont/fma/fma50391,1
5182,http://snomed.info/id/110540008,http://purl.org/sig/ont/fma/fma37348,1
5183,http://snomed.info/id/67240005,http://purl.org/sig/ont/fma/fma37368,1
5184,http://snomed.info/id/82680008,http://purl.org/sig/ont/fma/fma241863,1
5185,http://snomed.info/id/304921007,http://purl.org/sig/ont/fma/fma322244,1
5186,http://snomed.info/id/304922000,http://purl.org/sig/ont/fma/fma322244,1
5187,http://snomed.info/id/304923005,http://purl.org/sig/ont/fma/fma322244,1
5188,http://snomed.info/id/304924004,http://purl.org/sig/ont/fma/fma322244,1
5189,http://snomed.info/id/304925003,http://purl.org/sig/ont/fma/fma322244,1
5190,http://snomed.info/id/66041005,http://purl.org/sig/ont/fma/fma312383,1
5191,http://snomed.info/id/57516003,http://purl.org/sig/ont/fma/fma312383,1
5192,http://snomed.info/id/5815008,http://purl.org/sig/ont/fma/fma312408,1
5193,http://snomed.info/id/47869003,http://purl.org/sig/ont/fma/fma312408,1
5194,http://snomed.info/id/24937009,http://purl.org/sig/ont/fma/fma312408,1
5195,http://snomed.info/id/31836009,http://purl.org/sig/ont/fma/fma312408,1
5196,http://snomed.info/id/86366007,http://purl.org/sig/ont/fma/fma21492,1
5197,http://snomed.info/id/304928001,http://purl.org/sig/ont/fma/fma64020,1
5198,http://snomed.info/id/304933002,http://purl.org/sig/ont/fma/fma321697,1
5199,http://snomed.info/id/304935009,http://purl.org/sig/ont/fma/fma321697,1
5200,http://snomed.info/id/304937001,http://purl.org/sig/ont/fma/fma321697,1
5201,http://snomed.info/id/304939003,http://purl.org/sig/ont/fma/fma321697,1
5202,http://snomed.info/id/304945006,http://purl.org/sig/ont/fma/fma321708,1
5203,http://snomed.info/id/304949000,http://purl.org/sig/ont/fma/fma321708,1
5204,http://snomed.info/id/304950000,http://purl.org/sig/ont/fma/fma321708,1
5205,http://snomed.info/id/304955005,http://purl.org/sig/ont/fma/fma42819,1
5206,http://snomed.info/id/304957002,http://purl.org/sig/ont/fma/fma321698,1
5207,http://snomed.info/id/304958007,http://purl.org/sig/ont/fma/fma321698,1
5208,http://snomed.info/id/304961008,http://purl.org/sig/ont/fma/fma321698,1
5209,http://snomed.info/id/304962001,http://purl.org/sig/ont/fma/fma321698,1
5210,http://snomed.info/id/305021001,http://purl.org/sig/ont/fma/fma52847,1
5211,http://snomed.info/id/305048000,http://purl.org/sig/ont/fma/fma12264,1
5212,http://snomed.info/id/305050008,http://purl.org/sig/ont/fma/fma42323,1
5213,http://snomed.info/id/305051007,http://purl.org/sig/ont/fma/fma42323,1
5214,http://snomed.info/id/305054004,http://purl.org/sig/ont/fma/fma51603,1
5215,http://snomed.info/id/305059009,http://purl.org/sig/ont/fma/fma51603,1
5216,http://snomed.info/id/305061000,http://purl.org/sig/ont/fma/fma51603,1
5217,http://snomed.info/id/305069003,http://purl.org/sig/ont/fma/fma12264,1
5218,http://snomed.info/id/305098004,http://purl.org/sig/ont/fma/fma44125,1
5219,http://snomed.info/id/118509002,http://purl.org/sig/ont/fma/fma9647,1
5220,http://snomed.info/id/306710009,http://purl.org/sig/ont/fma/fma57863,1
5221,http://snomed.info/id/306783000,http://purl.org/sig/ont/fma/fma33123,1
5222,http://snomed.info/id/6423006,http://purl.org/sig/ont/fma/fma32520,1
5223,http://snomed.info/id/89534004,http://purl.org/sig/ont/fma/fma24171,1
5224,http://snomed.info/id/72573008,http://purl.org/sig/ont/fma/fma32520,1
5225,http://snomed.info/id/90588001,http://purl.org/sig/ont/fma/fma32520,1
5226,http://snomed.info/id/85629004,http://purl.org/sig/ont/fma/fma22439,1
5227,http://snomed.info/id/72226001,http://purl.org/sig/ont/fma/fma22424,1
5228,http://snomed.info/id/128511007,http://purl.org/sig/ont/fma/fma32558,1
5229,http://snomed.info/id/118516001,http://purl.org/sig/ont/fma/fma45234,1
5230,http://snomed.info/id/245272002,http://purl.org/sig/ont/fma/fma71740,1
5231,http://snomed.info/id/279804008,http://purl.org/sig/ont/fma/fma71843,1
5232,http://snomed.info/id/47471008,http://purl.org/sig/ont/fma/fma71843,1
5233,http://snomed.info/id/245284000,http://purl.org/sig/ont/fma/fma278485,1
5234,http://snomed.info/id/245284000,http://purl.org/sig/ont/fma/fma265333,1
5235,http://snomed.info/id/310549007,http://purl.org/sig/ont/fma/fma44872,1
5236,http://snomed.info/id/41111004,http://purl.org/sig/ont/fma/fma302060,1
5237,http://snomed.info/id/302525009,http://purl.org/sig/ont/fma/fma310884,1
5238,http://snomed.info/id/52687003,http://purl.org/sig/ont/fma/fma310884,1
5239,http://snomed.info/id/21133008,http://purl.org/sig/ont/fma/fma24013,1
5240,http://snomed.info/id/47728000,http://purl.org/sig/ont/fma/fma24013,1
5241,http://snomed.info/id/119524001,http://purl.org/sig/ont/fma/fma32821,1
5242,http://snomed.info/id/280028008,http://purl.org/sig/ont/fma/fma32821,1
5243,http://snomed.info/id/20760004,http://purl.org/sig/ont/fma/fma24013,1
5244,http://snomed.info/id/118495001,http://purl.org/sig/ont/fma/fma302062,1
5245,http://snomed.info/id/280012003,http://purl.org/sig/ont/fma/fma302062,1
5246,http://snomed.info/id/311454008,http://purl.org/sig/ont/fma/fma269271,1
5247,http://snomed.info/id/423918008,http://purl.org/sig/ont/fma/fma83687,1
5248,http://snomed.info/id/105579006,http://purl.org/sig/ont/fma/fma321447,1
5249,http://snomed.info/id/105579006,http://purl.org/sig/ont/fma/fma71920,1
5250,http://snomed.info/id/105579006,http://purl.org/sig/ont/fma/fma71002,1
5251,http://snomed.info/id/102287002,http://purl.org/sig/ont/fma/fma85304,1
5252,http://snomed.info/id/102288007,http://purl.org/sig/ont/fma/fma37347,1
5253,http://snomed.info/id/368469003,http://purl.org/sig/ont/fma/fma85109,1
5254,http://snomed.info/id/368519008,http://purl.org/sig/ont/fma/fma22809,1
5255,http://snomed.info/id/91782008,http://purl.org/sig/ont/fma/fma22809,1
5256,http://snomed.info/id/91783003,http://purl.org/sig/ont/fma/fma22799,1
5257,http://snomed.info/id/91784009,http://purl.org/sig/ont/fma/fma22799,1
5258,http://snomed.info/id/368509002,http://purl.org/sig/ont/fma/fma22738,1
5259,http://snomed.info/id/368474006,http://purl.org/sig/ont/fma/fma22738,1
5260,http://snomed.info/id/279180003,http://purl.org/sig/ont/fma/fma62478,1
5261,http://snomed.info/id/423747005,http://purl.org/sig/ont/fma/fma62478,1
5262,http://snomed.info/id/43067004,http://purl.org/sig/ont/fma/fma59345,1
5263,http://snomed.info/id/72914001,http://purl.org/sig/ont/fma/fma14462,1
5264,http://snomed.info/id/261145003,http://purl.org/sig/ont/fma/fma14462,1
5265,http://snomed.info/id/84667006,http://purl.org/sig/ont/fma/fma16201,1
5266,http://snomed.info/id/122494005,http://purl.org/sig/ont/fma/fma16201,1
5267,http://snomed.info/id/312163002,http://purl.org/sig/ont/fma/fma49794,1
5268,http://snomed.info/id/245294005,http://purl.org/sig/ont/fma/fma265333,1
5269,http://snomed.info/id/54268001,http://purl.org/sig/ont/fma/fma265333,1
5270,http://snomed.info/id/8928004,http://purl.org/sig/ont/fma/fma71843,1
5271,http://snomed.info/id/245312007,http://purl.org/sig/ont/fma/fma71843,1
5272,http://snomed.info/id/312505001,http://purl.org/sig/ont/fma/fma62798,1
5273,http://snomed.info/id/312507009,http://purl.org/sig/ont/fma/fma21240,1
5274,http://snomed.info/id/312508004,http://purl.org/sig/ont/fma/fma14197,1
5275,http://snomed.info/id/312510002,http://purl.org/sig/ont/fma/fma14197,1
5276,http://snomed.info/id/312511003,http://purl.org/sig/ont/fma/fma14197,1
5277,http://snomed.info/id/312597003,http://purl.org/sig/ont/fma/fma18889,1
5278,http://snomed.info/id/312743001,http://purl.org/sig/ont/fma/fma9865,1
5279,http://snomed.info/id/312815003,http://purl.org/sig/ont/fma/fma7494,1
5280,http://snomed.info/id/313302006,http://purl.org/sig/ont/fma/fma78562,1
5281,http://snomed.info/id/314253000,http://purl.org/sig/ont/fma/fma14462,1
5282,http://snomed.info/id/511000202101,http://purl.org/sig/ont/fma/fma86107,1
5283,http://snomed.info/id/782861003,http://purl.org/sig/ont/fma/fma85387,1
5284,http://snomed.info/id/782662008,http://purl.org/sig/ont/fma/fma85388,1
5285,http://snomed.info/id/782683002,http://purl.org/sig/ont/fma/fma85388,1
5286,http://snomed.info/id/782682007,http://purl.org/sig/ont/fma/fma85388,1
5287,http://snomed.info/id/782685009,http://purl.org/sig/ont/fma/fma85388,1
5288,http://snomed.info/id/787391006,http://purl.org/sig/ont/fma/fma20637,1
5289,http://snomed.info/id/420575006,http://purl.org/sig/ont/fma/fma15371,1
5290,http://snomed.info/id/421354007,http://purl.org/sig/ont/fma/fma15371,1
5291,http://snomed.info/id/421127000,http://purl.org/sig/ont/fma/fma15372,1
5292,http://snomed.info/id/421909002,http://purl.org/sig/ont/fma/fma15372,1
5293,http://snomed.info/id/421611008,http://purl.org/sig/ont/fma/fma15373,1
5294,http://snomed.info/id/420352003,http://purl.org/sig/ont/fma/fma15373,1
5295,http://snomed.info/id/422153005,http://purl.org/sig/ont/fma/fma15374,1
5296,http://snomed.info/id/422308000,http://purl.org/sig/ont/fma/fma15374,1
5297,http://snomed.info/id/422646002,http://purl.org/sig/ont/fma/fma71906,1
5298,http://snomed.info/id/423721001,http://purl.org/sig/ont/fma/fma71906,1
5299,http://snomed.info/id/736982006,http://purl.org/sig/ont/fma/fma9578,1
5300,http://snomed.info/id/782859007,http://purl.org/sig/ont/fma/fma17052,1
5301,http://snomed.info/id/127869006,http://purl.org/sig/ont/fma/fma17397,1
5302,http://snomed.info/id/127871006,http://purl.org/sig/ont/fma/fma17397,1
5303,http://snomed.info/id/127870007,http://purl.org/sig/ont/fma/fma17406,1
5304,http://snomed.info/id/127872004,http://purl.org/sig/ont/fma/fma17406,1
5305,http://snomed.info/id/782854002,http://purl.org/sig/ont/fma/fma17052,1
5306,http://snomed.info/id/256887000,http://purl.org/sig/ont/fma/fma45732,1
5307,http://snomed.info/id/127879008,http://purl.org/sig/ont/fma/fma45732,1
5308,http://snomed.info/id/423227001,http://purl.org/sig/ont/fma/fma18889,1
5309,http://snomed.info/id/409996005,http://purl.org/sig/ont/fma/fma27935,1
5310,http://snomed.info/id/361664009,http://purl.org/sig/ont/fma/fma20809,1
5311,http://snomed.info/id/88384001,http://purl.org/sig/ont/fma/fma62517,1
5312,http://snomed.info/id/279130009,http://purl.org/sig/ont/fma/fma256693,1
5313,http://snomed.info/id/3056009,http://purl.org/sig/ont/fma/fma256693,1
5314,http://snomed.info/id/424881001,http://purl.org/sig/ont/fma/fma256693,1
5315,http://snomed.info/id/35536009,http://purl.org/sig/ont/fma/fma256693,1
5316,http://snomed.info/id/80049006,http://purl.org/sig/ont/fma/fma61943,1
5317,http://snomed.info/id/836282002,http://purl.org/sig/ont/fma/fma22957,1
5318,http://snomed.info/id/424576003,http://purl.org/sig/ont/fma/fma22937,1
5319,http://snomed.info/id/181496004,http://purl.org/sig/ont/fma/fma322355,1
5320,http://snomed.info/id/313345004,http://purl.org/sig/ont/fma/fma23961,1
5321,http://snomed.info/id/1153568000,http://purl.org/sig/ont/fma/fma13555,1
5322,http://snomed.info/id/32551008,http://purl.org/sig/ont/fma/fma75445,1
5323,http://snomed.info/id/711211009,http://purl.org/sig/ont/fma/fma32761,1
5324,http://snomed.info/id/711213007,http://purl.org/sig/ont/fma/fma33261,1
5325,http://snomed.info/id/711214001,http://purl.org/sig/ont/fma/fma33924,1
5326,http://snomed.info/id/711212002,http://purl.org/sig/ont/fma/fma34064,1
5327,http://snomed.info/id/711206007,http://purl.org/sig/ont/fma/fma34204,1
5328,http://snomed.info/id/711215000,http://purl.org/sig/ont/fma/fma34344,1
5329,http://snomed.info/id/711192008,http://purl.org/sig/ont/fma/fma34624,1
5330,http://snomed.info/id/774020005,http://purl.org/sig/ont/fma/fma38305,1
5331,http://snomed.info/id/774019004,http://purl.org/sig/ont/fma/fma38305,1
5332,http://snomed.info/id/827062009,http://purl.org/sig/ont/fma/fma40689,1
5333,http://snomed.info/id/827061002,http://purl.org/sig/ont/fma/fma40689,1
5334,http://snomed.info/id/422849006,http://purl.org/sig/ont/fma/fma44330,1
5335,http://snomed.info/id/127904003,http://purl.org/sig/ont/fma/fma74116,1
5336,http://snomed.info/id/360344003,http://purl.org/sig/ont/fma/fma70470,1
5337,http://snomed.info/id/44528007,http://purl.org/sig/ont/fma/fma75429,1
5338,http://snomed.info/id/279161000,http://purl.org/sig/ont/fma/fma256693,1
5339,http://snomed.info/id/21267007,http://purl.org/sig/ont/fma/fma256693,1
5340,http://snomed.info/id/1078209008,http://purl.org/sig/ont/fma/fma13895,1
5341,http://snomed.info/id/1156054006,http://purl.org/sig/ont/fma/fma7646,1
5342,http://snomed.info/id/314306000,http://purl.org/sig/ont/fma/fma70505,1
5343,http://snomed.info/id/772215000,http://purl.org/sig/ont/fma/fma50032,1
5344,http://snomed.info/id/772216004,http://purl.org/sig/ont/fma/fma50032,1
5345,http://snomed.info/id/414722000,http://purl.org/sig/ont/fma/fma50080,1
5346,http://snomed.info/id/414723005,http://purl.org/sig/ont/fma/fma50080,1
5347,http://snomed.info/id/415144009,http://purl.org/sig/ont/fma/fma50589,1
5348,http://snomed.info/id/415145005,http://purl.org/sig/ont/fma/fma50589,1
5349,http://snomed.info/id/772214001,http://purl.org/sig/ont/fma/fma50586,1
5350,http://snomed.info/id/118922002,http://purl.org/sig/ont/fma/fma50586,1
5351,http://snomed.info/id/423616005,http://purl.org/sig/ont/fma/fma63814,1
5352,http://snomed.info/id/422755007,http://purl.org/sig/ont/fma/fma50883,1
5353,http://snomed.info/id/609606006,http://purl.org/sig/ont/fma/fma63819,1
5354,http://snomed.info/id/122772003,http://purl.org/sig/ont/fma/fma289655,1
5355,http://snomed.info/id/788303003,http://purl.org/sig/ont/fma/fma52999,1
5356,http://snomed.info/id/788302008,http://purl.org/sig/ont/fma/fma52999,1
5357,http://snomed.info/id/116353002,http://purl.org/sig/ont/fma/fma289655,1
5358,http://snomed.info/id/116353002,http://purl.org/sig/ont/fma/fma52847,1
5359,http://snomed.info/id/123866000,http://purl.org/sig/ont/fma/fma52847,1
5360,http://snomed.info/id/314723006,http://purl.org/sig/ont/fma/fma54877,1
5361,http://snomed.info/id/113327001,http://purl.org/sig/ont/fma/fma61705,1
5362,http://snomed.info/id/725143009,http://purl.org/sig/ont/fma/fma79890,1
5363,http://snomed.info/id/12437000,http://purl.org/sig/ont/fma/fma58101,1
5364,http://snomed.info/id/75535001,http://purl.org/sig/ont/fma/fma320423,1
5365,http://snomed.info/id/119282003,http://purl.org/sig/ont/fma/fma320423,1
5366,http://snomed.info/id/789295006,http://purl.org/sig/ont/fma/fma60358,1
5367,http://snomed.info/id/789294005,http://purl.org/sig/ont/fma/fma60358,1
5368,http://snomed.info/id/789275000,http://purl.org/sig/ont/fma/fma60357,1
5369,http://snomed.info/id/789276004,http://purl.org/sig/ont/fma/fma60357,1
5370,http://snomed.info/id/789274001,http://purl.org/sig/ont/fma/fma60356,1
5371,http://snomed.info/id/789234007,http://purl.org/sig/ont/fma/fma60356,1
5372,http://snomed.info/id/789293004,http://purl.org/sig/ont/fma/fma60355,1
5373,http://snomed.info/id/789292009,http://purl.org/sig/ont/fma/fma60355,1
5374,http://snomed.info/id/764801008,http://purl.org/sig/ont/fma/fma60354,1
5375,http://snomed.info/id/764800009,http://purl.org/sig/ont/fma/fma60354,1
5376,http://snomed.info/id/427319007,http://purl.org/sig/ont/fma/fma61111,1
5377,http://snomed.info/id/420329002,http://purl.org/sig/ont/fma/fma284641,1
5378,http://snomed.info/id/422057008,http://purl.org/sig/ont/fma/fma284641,1
5379,http://snomed.info/id/280034001,http://purl.org/sig/ont/fma/fma33112,1
5380,http://snomed.info/id/280017009,http://purl.org/sig/ont/fma/fma33112,1
5381,http://snomed.info/id/423539008,http://purl.org/sig/ont/fma/fma50931,1
5382,http://snomed.info/id/788783003,http://purl.org/sig/ont/fma/fma60283,1
5383,http://snomed.info/id/360488009,http://purl.org/sig/ont/fma/fma52624,1
5384,http://snomed.info/id/734144001,http://purl.org/sig/ont/fma/fma24938,1
5385,http://snomed.info/id/734143007,http://purl.org/sig/ont/fma/fma24938,1
5386,http://snomed.info/id/72217004,http://purl.org/sig/ont/fma/fma83847,1
5387,http://snomed.info/id/865909004,http://purl.org/sig/ont/fma/fma302850,1
5388,http://snomed.info/id/1052259006,http://purl.org/sig/ont/fma/fma14462,1
5389,http://snomed.info/id/698967008,http://purl.org/sig/ont/fma/fma61775,1
5390,http://snomed.info/id/770910009,http://purl.org/sig/ont/fma/fma86103,1
5391,http://snomed.info/id/110697003,http://purl.org/sig/ont/fma/fma5910,1
5392,http://snomed.info/id/314363005,http://purl.org/sig/ont/fma/fma69418,1
5393,http://snomed.info/id/314325002,http://purl.org/sig/ont/fma/fma69796,1
5394,http://snomed.info/id/361663003,http://purl.org/sig/ont/fma/fma70140,1
5395,http://snomed.info/id/717025007,http://purl.org/sig/ont/fma/fma66797,1
5396,http://snomed.info/id/360535000,http://purl.org/sig/ont/fma/fma70345,1
5397,http://snomed.info/id/272430004,http://purl.org/sig/ont/fma/fma29733,1
5398,http://snomed.info/id/9325002,http://purl.org/sig/ont/fma/fma66412,1
5399,http://snomed.info/id/110484006,http://purl.org/sig/ont/fma/fma78561,1
5400,http://snomed.info/id/699960000,http://purl.org/sig/ont/fma/fma38152,1
5401,http://snomed.info/id/64013008,http://purl.org/sig/ont/fma/fma54241,1
5402,http://snomed.info/id/64013008,http://purl.org/sig/ont/fma/fma70752,1
5403,http://snomed.info/id/7991003,http://purl.org/sig/ont/fma/fma23012,1
5404,http://snomed.info/id/18010003,http://purl.org/sig/ont/fma/fma65008,1
5405,http://snomed.info/id/69822007,http://purl.org/sig/ont/fma/fma42297,1
5406,http://snomed.info/id/368242002,http://purl.org/sig/ont/fma/fma70773,1
5407,http://snomed.info/id/368242002,http://purl.org/sig/ont/fma/fma42297,1
5408,http://snomed.info/id/84441005,http://purl.org/sig/ont/fma/fma44210,1
5409,http://snomed.info/id/32656005,http://purl.org/sig/ont/fma/fma242999,1
5410,http://snomed.info/id/18087008,http://purl.org/sig/ont/fma/fma284626,1
5411,http://snomed.info/id/65359009,http://purl.org/sig/ont/fma/fma13270,1
5412,http://snomed.info/id/25144009,http://purl.org/sig/ont/fma/fma13272,1
5413,http://snomed.info/id/45836004,http://purl.org/sig/ont/fma/fma13271,1
5414,http://snomed.info/id/20218002,http://purl.org/sig/ont/fma/fma7407,1
5415,http://snomed.info/id/61276001,http://purl.org/sig/ont/fma/fma7407,1
5416,http://snomed.info/id/31101008,http://purl.org/sig/ont/fma/fma13273,1
5417,http://snomed.info/id/63602000,http://purl.org/sig/ont/fma/fma13275,1
5418,http://snomed.info/id/90949006,http://purl.org/sig/ont/fma/fma13276,1
5419,http://snomed.info/id/41765007,http://purl.org/sig/ont/fma/fma13269,1
5420,http://snomed.info/id/64154003,http://purl.org/sig/ont/fma/fma13268,1
5421,http://snomed.info/id/44546001,http://purl.org/sig/ont/fma/fma7407,1
5422,http://snomed.info/id/51237004,http://purl.org/sig/ont/fma/fma13271,1
5423,http://snomed.info/id/113251008,http://purl.org/sig/ont/fma/fma13276,1
5424,http://snomed.info/id/42171008,http://purl.org/sig/ont/fma/fma13269,1
5425,http://snomed.info/id/43851006,http://purl.org/sig/ont/fma/fma13268,1
5426,http://snomed.info/id/42400003,http://purl.org/sig/ont/fma/fma7334,1
5427,http://snomed.info/id/266005,http://purl.org/sig/ont/fma/fma7335,1
5428,http://snomed.info/id/44714003,http://purl.org/sig/ont/fma/fma7334,1
5429,http://snomed.info/id/41224006,http://purl.org/sig/ont/fma/fma7335,1
5430,http://snomed.info/id/74200005,http://purl.org/sig/ont/fma/fma70522,1
5431,http://snomed.info/id/13792001,http://purl.org/sig/ont/fma/fma69459,1
5432,http://snomed.info/id/11208004,http://purl.org/sig/ont/fma/fma69459,1
5433,http://snomed.info/id/71641006,http://purl.org/sig/ont/fma/fma20501,1
5434,http://snomed.info/id/9870004,http://purl.org/sig/ont/fma/fma78561,1
5435,http://snomed.info/id/9870004,http://purl.org/sig/ont/fma/fma19969,1
5436,http://snomed.info/id/34678004,http://purl.org/sig/ont/fma/fma20545,1
5437,http://snomed.info/id/26331001,http://purl.org/sig/ont/fma/fma78558,1
5438,http://snomed.info/id/64523008,http://purl.org/sig/ont/fma/fma78561,1
5439,http://snomed.info/id/57627008,http://purl.org/sig/ont/fma/fma7144,1
5440,http://snomed.info/id/55078004,http://purl.org/sig/ont/fma/fma25046,1
5441,http://snomed.info/id/78132007,http://purl.org/sig/ont/fma/fma25046,1
5442,http://snomed.info/id/80349001,http://purl.org/sig/ont/fma/fma25046,1
5443,http://snomed.info/id/39915008,http://purl.org/sig/ont/fma/fma25046,1
5444,http://snomed.info/id/51858004,http://purl.org/sig/ont/fma/fma55662,1
5445,http://snomed.info/id/51858004,http://purl.org/sig/ont/fma/fma71481,1
5446,http://snomed.info/id/81530006,http://purl.org/sig/ont/fma/fma284626,1
5447,http://snomed.info/id/55601007,http://purl.org/sig/ont/fma/fma70523,1
5448,http://snomed.info/id/69659006,http://purl.org/sig/ont/fma/fma15901,1
5449,http://snomed.info/id/7345001,http://purl.org/sig/ont/fma/fma78562,1
5450,http://snomed.info/id/7345001,http://purl.org/sig/ont/fma/fma58485,1
5451,http://snomed.info/id/22355009,http://purl.org/sig/ont/fma/fma19089,1
5452,http://snomed.info/id/110485007,http://purl.org/sig/ont/fma/fma71481,1
5453,http://snomed.info/id/371304004,http://purl.org/sig/ont/fma/fma74663,1
5454,http://snomed.info/id/371304004,http://purl.org/sig/ont/fma/fma23100,1
5455,http://snomed.info/id/123868004,http://purl.org/sig/ont/fma/fma52845,1
5456,http://snomed.info/id/110529000,http://purl.org/sig/ont/fma/fma64989,1
5457,http://snomed.info/id/129111008,http://purl.org/sig/ont/fma/fma33726,1
5458,http://snomed.info/id/115982000,http://purl.org/sig/ont/fma/fma64917,1
5459,http://snomed.info/id/119253004,http://purl.org/sig/ont/fma/fma64989,1
5460,http://snomed.info/id/128456003,http://purl.org/sig/ont/fma/fma63863,1
5461,http://snomed.info/id/127875002,http://purl.org/sig/ont/fma/fma17397,1
5462,http://snomed.info/id/127876001,http://purl.org/sig/ont/fma/fma17406,1
5463,http://snomed.info/id/110692009,http://purl.org/sig/ont/fma/fma75799,1
5464,http://snomed.info/id/65048006,http://purl.org/sig/ont/fma/fma71481,1
5465,http://snomed.info/id/128476009,http://purl.org/sig/ont/fma/fma71481,1
5466,http://snomed.info/id/127924004,http://purl.org/sig/ont/fma/fma323410,1
5467,http://snomed.info/id/127925003,http://purl.org/sig/ont/fma/fma12774,1
5468,http://snomed.info/id/127935009,http://purl.org/sig/ont/fma/fma5959,1
5469,http://snomed.info/id/127936005,http://purl.org/sig/ont/fma/fma5959,1
5470,http://snomed.info/id/127938006,http://purl.org/sig/ont/fma/fma12774,1
5471,http://snomed.info/id/118514003,http://purl.org/sig/ont/fma/fma323387,1
5472,http://snomed.info/id/118515002,http://purl.org/sig/ont/fma/fma323387,1
5473,http://snomed.info/id/359541001,http://purl.org/sig/ont/fma/fma295519,1
5474,http://snomed.info/id/371283006,http://purl.org/sig/ont/fma/fma23914,1
5475,http://snomed.info/id/423500004,http://purl.org/sig/ont/fma/fma58275,1
5476,http://snomed.info/id/392261001,http://purl.org/sig/ont/fma/fma54241,1
5477,http://snomed.info/id/361009002,http://purl.org/sig/ont/fma/fma322527,1
5478,http://snomed.info/id/228964002,http://purl.org/sig/ont/fma/fma70773,1
5479,http://snomed.info/id/229046001,http://purl.org/sig/ont/fma/fma70773,1
5480,http://snomed.info/id/229146004,http://purl.org/sig/ont/fma/fma70773,1
5481,http://snomed.info/id/233295006,http://purl.org/sig/ont/fma/fma70773,1
5482,http://snomed.info/id/233387009,http://purl.org/sig/ont/fma/fma70773,1
5483,http://snomed.info/id/233474004,http://purl.org/sig/ont/fma/fma70773,1
5484,http://snomed.info/id/233566003,http://purl.org/sig/ont/fma/fma70773,1
5485,http://snomed.info/id/233654001,http://purl.org/sig/ont/fma/fma70773,1
5486,http://snomed.info/id/233876007,http://purl.org/sig/ont/fma/fma70773,1
5487,http://snomed.info/id/7404008,http://purl.org/sig/ont/fma/fma61122,1
5488,http://snomed.info/id/79989003,http://purl.org/sig/ont/fma/fma61122,1
5489,http://snomed.info/id/307412009,http://purl.org/sig/ont/fma/fma77717,1
5490,http://snomed.info/id/314139009,http://purl.org/sig/ont/fma/fma75735,1
5491,http://snomed.info/id/314254006,http://purl.org/sig/ont/fma/fma60878,1
5492,http://snomed.info/id/314724000,http://purl.org/sig/ont/fma/fma54877,1
5493,http://snomed.info/id/181008003,http://purl.org/sig/ont/fma/fma65239,1
5494,http://snomed.info/id/314738007,http://purl.org/sig/ont/fma/fma65239,1
5495,http://snomed.info/id/360459008,http://purl.org/sig/ont/fma/fma63819,1
5496,http://snomed.info/id/360487004,http://purl.org/sig/ont/fma/fma86254,1
5497,http://snomed.info/id/360570003,http://purl.org/sig/ont/fma/fma83848,1
5498,http://snomed.info/id/360767004,http://purl.org/sig/ont/fma/fma14462,1
5499,http://snomed.info/id/360777002,http://purl.org/sig/ont/fma/fma52866,1
5500,http://snomed.info/id/431490008,http://purl.org/sig/ont/fma/fma52866,1
5501,http://snomed.info/id/360833004,http://purl.org/sig/ont/fma/fma80356,1
5502,http://snomed.info/id/360881006,http://purl.org/sig/ont/fma/fma45860,1
5503,http://snomed.info/id/360930000,http://purl.org/sig/ont/fma/fma0326016,1
5504,http://snomed.info/id/360972004,http://purl.org/sig/ont/fma/fma64990,1
5505,http://snomed.info/id/361297002,http://purl.org/sig/ont/fma/fma52866,1
5506,http://snomed.info/id/361567006,http://purl.org/sig/ont/fma/fma83848,1
5507,http://snomed.info/id/362884007,http://purl.org/sig/ont/fma/fma29733,1
5508,http://snomed.info/id/2861001,http://purl.org/sig/ont/fma/fma29733,1
5509,http://snomed.info/id/363544003,http://purl.org/sig/ont/fma/fma64989,1
5510,http://snomed.info/id/53935009,http://purl.org/sig/ont/fma/fma323918,1
5511,http://snomed.info/id/367613003,http://purl.org/sig/ont/fma/fma14065,1
5512,http://snomed.info/id/367614009,http://purl.org/sig/ont/fma/fma58101,1
5513,http://snomed.info/id/368243007,http://purl.org/sig/ont/fma/fma70773,1
5514,http://snomed.info/id/368243007,http://purl.org/sig/ont/fma/fma42297,1
5515,http://snomed.info/id/368245000,http://purl.org/sig/ont/fma/fma70773,1
5516,http://snomed.info/id/368245000,http://purl.org/sig/ont/fma/fma73149,1
5517,http://snomed.info/id/368246004,http://purl.org/sig/ont/fma/fma70773,1
5518,http://snomed.info/id/368246004,http://purl.org/sig/ont/fma/fma73149,1
5519,http://snomed.info/id/368250006,http://purl.org/sig/ont/fma/fma70773,1
5520,http://snomed.info/id/368251005,http://purl.org/sig/ont/fma/fma70773,1
5521,http://snomed.info/id/368452000,http://purl.org/sig/ont/fma/fma70773,1
5522,http://snomed.info/id/368452000,http://purl.org/sig/ont/fma/fma321446,1
5523,http://snomed.info/id/360995008,http://purl.org/sig/ont/fma/fma70773,1
5524,http://snomed.info/id/360995008,http://purl.org/sig/ont/fma/fma321446,1
5525,http://snomed.info/id/368453005,http://purl.org/sig/ont/fma/fma70773,1
5526,http://snomed.info/id/369383005,http://purl.org/sig/ont/fma/fma51336,1
5527,http://snomed.info/id/372167004,http://purl.org/sig/ont/fma/fma83129,1
5528,http://snomed.info/id/371013005,http://purl.org/sig/ont/fma/fma66178,1
5529,http://snomed.info/id/370618005,http://purl.org/sig/ont/fma/fma58141,1
5530,http://snomed.info/id/397439002,http://purl.org/sig/ont/fma/fma15396,1
5531,http://snomed.info/id/399857002,http://purl.org/sig/ont/fma/fma29733,1
5532,http://snomed.info/id/51342009,http://purl.org/sig/ont/fma/fma86175,1
5533,http://snomed.info/id/279816002,http://purl.org/sig/ont/fma/fma71758,1
5534,http://snomed.info/id/279816002,http://purl.org/sig/ont/fma/fma12772,1
5535,http://snomed.info/id/53074004,http://purl.org/sig/ont/fma/fma71758,1
5536,http://snomed.info/id/53074004,http://purl.org/sig/ont/fma/fma12772,1
5537,http://snomed.info/id/264016003,http://purl.org/sig/ont/fma/fma71758,1
5538,http://snomed.info/id/264016003,http://purl.org/sig/ont/fma/fma12772,1
5539,http://snomed.info/id/36441008,http://purl.org/sig/ont/fma/fma322265,1
5540,http://snomed.info/id/38798007,http://purl.org/sig/ont/fma/fma59023,1
5541,http://snomed.info/id/32061006,http://purl.org/sig/ont/fma/fma302589,1
5542,http://snomed.info/id/367610000,http://purl.org/sig/ont/fma/fma71481,1
5543,http://snomed.info/id/367610000,http://purl.org/sig/ont/fma/fma302589,1
5544,http://snomed.info/id/367772006,http://purl.org/sig/ont/fma/fma70358,1
5545,http://snomed.info/id/368244001,http://purl.org/sig/ont/fma/fma73149,1
5546,http://snomed.info/id/368244001,http://purl.org/sig/ont/fma/fma70773,1
5547,http://snomed.info/id/2076008,http://purl.org/sig/ont/fma/fma32822,1
5548,http://snomed.info/id/81468006,http://purl.org/sig/ont/fma/fma71493,1
5549,http://snomed.info/id/39831001,http://purl.org/sig/ont/fma/fma61268,1
5550,http://snomed.info/id/39831001,http://purl.org/sig/ont/fma/fma61111,1
5551,http://snomed.info/id/129122007,http://purl.org/sig/ont/fma/fma71481,1
5552,http://snomed.info/id/129122007,http://purl.org/sig/ont/fma/fma55662,1
5553,http://snomed.info/id/90647005,http://purl.org/sig/ont/fma/fma64917,1
5554,http://snomed.info/id/28190000,http://purl.org/sig/ont/fma/fma64922,1
5555,http://snomed.info/id/410741006,http://purl.org/sig/ont/fma/fma19782,1
5556,http://snomed.info/id/413196009,http://purl.org/sig/ont/fma/fma222905,1
5557,http://snomed.info/id/410726006,http://purl.org/sig/ont/fma/fma61940,1
5558,http://snomed.info/id/396956009,http://purl.org/sig/ont/fma/fma24993,1
5559,http://snomed.info/id/25270003,http://purl.org/sig/ont/fma/fma20194,1
5560,http://snomed.info/id/113262008,http://purl.org/sig/ont/fma/fma13087,1
5561,http://snomed.info/id/1706004,http://purl.org/sig/ont/fma/fma78559,1
5562,http://snomed.info/id/1706004,http://purl.org/sig/ont/fma/fma45737,1
5563,http://snomed.info/id/51678005,http://purl.org/sig/ont/fma/fma84216,1
5564,http://snomed.info/id/58646007,http://purl.org/sig/ont/fma/fma84219,1
5565,http://snomed.info/id/416599001,http://purl.org/sig/ont/fma/fma258776,1
5566,http://snomed.info/id/16811007,http://purl.org/sig/ont/fma/fma85381,1
5567,http://snomed.info/id/113277000,http://purl.org/sig/ont/fma/fma85381,1
5568,http://snomed.info/id/42298004,http://purl.org/sig/ont/fma/fma71481,1
5569,http://snomed.info/id/118652008,http://purl.org/sig/ont/fma/fma71481,1
5570,http://snomed.info/id/52688008,http://purl.org/sig/ont/fma/fma71481,1
5571,http://snomed.info/id/10062000,http://purl.org/sig/ont/fma/fma46751,1
5572,http://snomed.info/id/76424003,http://purl.org/sig/ont/fma/fma12516,1
5573,http://snomed.info/id/420455000,http://purl.org/sig/ont/fma/fma59701,1
5574,http://snomed.info/id/421911006,http://purl.org/sig/ont/fma/fma50185,1
5575,http://snomed.info/id/32383001,http://purl.org/sig/ont/fma/fma50185,1
5576,http://snomed.info/id/246011001,http://purl.org/sig/ont/fma/fma50185,1
5577,http://snomed.info/id/181188003,http://purl.org/sig/ont/fma/fma61111,1
5578,http://snomed.info/id/12196003,http://purl.org/sig/ont/fma/fma12771,1
5579,http://snomed.info/id/44544003,http://purl.org/sig/ont/fma/fma64875,1
5580,http://snomed.info/id/244841001,http://purl.org/sig/ont/fma/fma64875,1
5581,http://snomed.info/id/48622008,http://purl.org/sig/ont/fma/fma19728,1
5582,http://snomed.info/id/244971008,http://purl.org/sig/ont/fma/fma19728,1
5583,http://snomed.info/id/57814007,http://purl.org/sig/ont/fma/fma19727,1
5584,http://snomed.info/id/244976003,http://purl.org/sig/ont/fma/fma19727,1
5585,http://snomed.info/id/245015003,http://purl.org/sig/ont/fma/fma22424,1
5586,http://snomed.info/id/16651008,http://purl.org/sig/ont/fma/fma22424,1
5587,http://snomed.info/id/24176006,http://purl.org/sig/ont/fma/fma37456,1
5588,http://snomed.info/id/181729002,http://purl.org/sig/ont/fma/fma37456,1
5589,http://snomed.info/id/181728005,http://purl.org/sig/ont/fma/fma37456,1
5590,http://snomed.info/id/181728005,http://purl.org/sig/ont/fma/fma50392,1
5591,http://snomed.info/id/25872004,http://purl.org/sig/ont/fma/fma37456,1
5592,http://snomed.info/id/25872004,http://purl.org/sig/ont/fma/fma50392,1
5593,http://snomed.info/id/3989007,http://purl.org/sig/ont/fma/fma61849,1
5594,http://snomed.info/id/361562000,http://purl.org/sig/ont/fma/fma61849,1
5595,http://snomed.info/id/72067004,http://purl.org/sig/ont/fma/fma83676,1
5596,http://snomed.info/id/361572002,http://purl.org/sig/ont/fma/fma83676,1
5597,http://snomed.info/id/12471009,http://purl.org/sig/ont/fma/fma52571,1
5598,http://snomed.info/id/280206003,http://purl.org/sig/ont/fma/fma52571,1
5599,http://snomed.info/id/33333000,http://purl.org/sig/ont/fma/fma53438,1
5600,http://snomed.info/id/280272000,http://purl.org/sig/ont/fma/fma53438,1
5601,http://snomed.info/id/43279006,http://purl.org/sig/ont/fma/fma65239,1
5602,http://snomed.info/id/181110003,http://purl.org/sig/ont/fma/fma65239,1
5603,http://snomed.info/id/81447005,http://purl.org/sig/ont/fma/fma65239,1
5604,http://snomed.info/id/278889006,http://purl.org/sig/ont/fma/fma65239,1
5605,http://snomed.info/id/310550007,http://purl.org/sig/ont/fma/fma44960,1
5606,http://snomed.info/id/44929009,http://purl.org/sig/ont/fma/fma44960,1
5607,http://snomed.info/id/49412003,http://purl.org/sig/ont/fma/fma5910,1
5608,http://snomed.info/id/280525001,http://purl.org/sig/ont/fma/fma5910,1
5609,http://snomed.info/id/17630002,http://purl.org/sig/ont/fma/fma5910,1
5610,http://snomed.info/id/280528004,http://purl.org/sig/ont/fma/fma5910,1
5611,http://snomed.info/id/244742004,http://purl.org/sig/ont/fma/fma49445,1
5612,http://snomed.info/id/244872002,http://purl.org/sig/ont/fma/fma32558,1
5613,http://snomed.info/id/424161004,http://purl.org/sig/ont/fma/fma50185,1
5614,http://snomed.info/id/182484009,http://purl.org/sig/ont/fma/fma29733,1
5615,http://snomed.info/id/424502002,http://purl.org/sig/ont/fma/fma29733,1
5616,http://snomed.info/id/272723006,http://purl.org/sig/ont/fma/fma29733,1
5617,http://snomed.info/id/423019002,http://purl.org/sig/ont/fma/fma29733,1
5618,http://snomed.info/id/182485005,http://purl.org/sig/ont/fma/fma71593,1
5619,http://snomed.info/id/424857008,http://purl.org/sig/ont/fma/fma71593,1
5620,http://snomed.info/id/182490008,http://purl.org/sig/ont/fma/fma29733,1
5621,http://snomed.info/id/424634000,http://purl.org/sig/ont/fma/fma29733,1
5622,http://snomed.info/id/422709005,http://purl.org/sig/ont/fma/fma29733,1
5623,http://snomed.info/id/272724000,http://purl.org/sig/ont/fma/fma29733,1
5624,http://snomed.info/id/244921005,http://purl.org/sig/ont/fma/fma9619,1
5625,http://snomed.info/id/244921005,http://purl.org/sig/ont/fma/fma74779,1
5626,http://snomed.info/id/73930003,http://purl.org/sig/ont/fma/fma9619,1
5627,http://snomed.info/id/73930003,http://purl.org/sig/ont/fma/fma74779,1
5628,http://snomed.info/id/86312004,http://purl.org/sig/ont/fma/fma65239,1
5629,http://snomed.info/id/278890002,http://purl.org/sig/ont/fma/fma65239,1
5630,http://snomed.info/id/422605007,http://purl.org/sig/ont/fma/fma256693,1
5631,http://snomed.info/id/279164008,http://purl.org/sig/ont/fma/fma256693,1
5632,http://snomed.info/id/44928001,http://purl.org/sig/ont/fma/fma275028,1
5633,http://snomed.info/id/279210001,http://purl.org/sig/ont/fma/fma275028,1
5634,http://snomed.info/id/279433003,http://purl.org/sig/ont/fma/fma19671,1
5635,http://snomed.info/id/37609000,http://purl.org/sig/ont/fma/fma52610,1
5636,http://snomed.info/id/280189001,http://purl.org/sig/ont/fma/fma52610,1
5637,http://snomed.info/id/244933000,http://purl.org/sig/ont/fma/fma9619,1
5638,http://snomed.info/id/88454005,http://purl.org/sig/ont/fma/fma9619,1
5639,http://snomed.info/id/280195000,http://purl.org/sig/ont/fma/fma53471,1
5640,http://snomed.info/id/31266009,http://purl.org/sig/ont/fma/fma53471,1
5641,http://snomed.info/id/280297001,http://purl.org/sig/ont/fma/fma63819,1
5642,http://snomed.info/id/280297001,http://purl.org/sig/ont/fma/fma6228,1
5643,http://snomed.info/id/34292001,http://purl.org/sig/ont/fma/fma63819,1
5644,http://snomed.info/id/34292001,http://purl.org/sig/ont/fma/fma6228,1
5645,http://snomed.info/id/76342007,http://purl.org/sig/ont/fma/fma6228,1
5646,http://snomed.info/id/280304002,http://purl.org/sig/ont/fma/fma6228,1
5647,http://snomed.info/id/91189005,http://purl.org/sig/ont/fma/fma55151,1
5648,http://snomed.info/id/60105000,http://purl.org/sig/ont/fma/fma61943,1
5649,http://snomed.info/id/279312006,http://purl.org/sig/ont/fma/fma61943,1
5650,http://snomed.info/id/314159008,http://purl.org/sig/ont/fma/fma274518,1
5651,http://snomed.info/id/37029000,http://purl.org/sig/ont/fma/fma274518,1
5652,http://snomed.info/id/1853009,http://purl.org/sig/ont/fma/fma32558,1
5653,http://snomed.info/id/244824003,http://purl.org/sig/ont/fma/fma32558,1
5654,http://snomed.info/id/422559003,http://purl.org/sig/ont/fma/fma51802,1
5655,http://snomed.info/id/422559003,http://purl.org/sig/ont/fma/fma63814,1
5656,http://snomed.info/id/423313009,http://purl.org/sig/ont/fma/fma37348,1
5657,http://snomed.info/id/425000005,http://purl.org/sig/ont/fma/fma81622,1
5658,http://snomed.info/id/424399000,http://purl.org/sig/ont/fma/fma55722,1
5659,http://snomed.info/id/424400007,http://purl.org/sig/ont/fma/fma77033,1
5660,http://snomed.info/id/425106001,http://purl.org/sig/ont/fma/fma55723,1
5661,http://snomed.info/id/423185002,http://purl.org/sig/ont/fma/fma55724,1
5662,http://snomed.info/id/424575004,http://purl.org/sig/ont/fma/fma55723,1
5663,http://snomed.info/id/422653006,http://purl.org/sig/ont/fma/fma55722,1
5664,http://snomed.info/id/423937004,http://purl.org/sig/ont/fma/fma55725,1
5665,http://snomed.info/id/423331005,http://purl.org/sig/ont/fma/fma55725,1
5666,http://snomed.info/id/424149007,http://purl.org/sig/ont/fma/fma77033,1
5667,http://snomed.info/id/424877001,http://purl.org/sig/ont/fma/fma55724,1
5668,http://snomed.info/id/427580000,http://purl.org/sig/ont/fma/fma284641,1
5669,http://snomed.info/id/426884007,http://purl.org/sig/ont/fma/fma284641,1
5670,http://snomed.info/id/426596009,http://purl.org/sig/ont/fma/fma284641,1
5671,http://snomed.info/id/739021003,http://purl.org/sig/ont/fma/fma71741,1
5672,http://snomed.info/id/739020002,http://purl.org/sig/ont/fma/fma71741,1
5673,http://snomed.info/id/397319000,http://purl.org/sig/ont/fma/fma54964,1
5674,http://snomed.info/id/772219006,http://purl.org/sig/ont/fma/fma50080,1
5675,http://snomed.info/id/5811000124109,http://purl.org/sig/ont/fma/fma264284,1
5676,http://snomed.info/id/77011004,http://purl.org/sig/ont/fma/fma322156,1
5677,http://snomed.info/id/442274007,http://purl.org/sig/ont/fma/fma84201,1
5678,http://snomed.info/id/368912008,http://purl.org/sig/ont/fma/fma70669,1
5679,http://snomed.info/id/367601008,http://purl.org/sig/ont/fma/fma20293,1
5680,http://snomed.info/id/31389004,http://purl.org/sig/ont/fma/fma20293,1
5681,http://snomed.info/id/416164009,http://purl.org/sig/ont/fma/fma83840,1
5682,http://snomed.info/id/32672002,http://purl.org/sig/ont/fma/fma68045,1
5683,http://snomed.info/id/39151000,http://purl.org/sig/ont/fma/fma29733,1
5684,http://snomed.info/id/39151000,http://purl.org/sig/ont/fma/fma75150,1
5685,http://snomed.info/id/21644001,http://purl.org/sig/ont/fma/fma29733,1
5686,http://snomed.info/id/21644001,http://purl.org/sig/ont/fma/fma75150,1
5687,http://snomed.info/id/29762003,http://purl.org/sig/ont/fma/fma83840,1
5688,http://snomed.info/id/699904006,http://purl.org/sig/ont/fma/fma23029,1
5689,http://snomed.info/id/84667006,http://purl.org/sig/ont/fma/fma71515,1
5690,http://snomed.info/id/3336003,http://purl.org/sig/ont/fma/fma242873,1
5691,http://snomed.info/id/36330007,http://purl.org/sig/ont/fma/fma0326478,1
5692,http://snomed.info/id/71616004,http://purl.org/sig/ont/fma/fma29733,1
5693,http://snomed.info/id/79984008,http://purl.org/sig/ont/fma/fma29733,1
5694,http://snomed.info/id/894095000,http://purl.org/sig/ont/fma/fma280295,1
5695,http://snomed.info/id/723837008,http://purl.org/sig/ont/fma/fma280298,1
5696,http://snomed.info/id/723836004,http://purl.org/sig/ont/fma/fma280298,1
5697,http://snomed.info/id/894094001,http://purl.org/sig/ont/fma/fma280295,1
5698,http://snomed.info/id/865995000,http://purl.org/sig/ont/fma/fma55811,1
5699,http://snomed.info/id/860767006,http://purl.org/sig/ont/fma/fma55714,1
5700,http://snomed.info/id/860780009,http://purl.org/sig/ont/fma/fma55714,1
5701,http://snomed.info/id/865988009,http://purl.org/sig/ont/fma/fma55811,1
5702,http://snomed.info/id/863901004,http://purl.org/sig/ont/fma/fma55812,1
5703,http://snomed.info/id/863898000,http://purl.org/sig/ont/fma/fma55815,1
5704,http://snomed.info/id/866006002,http://purl.org/sig/ont/fma/fma55814,1
5705,http://snomed.info/id/860782001,http://purl.org/sig/ont/fma/fma55715,1
5706,http://snomed.info/id/860785004,http://purl.org/sig/ont/fma/fma55715,1
5707,http://snomed.info/id/866005003,http://purl.org/sig/ont/fma/fma55814,1
5708,http://snomed.info/id/863902006,http://purl.org/sig/ont/fma/fma55812,1
5709,http://snomed.info/id/863899008,http://purl.org/sig/ont/fma/fma55815,1
5710,http://snomed.info/id/56820002,http://purl.org/sig/ont/fma/fma14065,1
